There are 5505 section headers, starting at offset 0x341a70:

Section Headers:
  [Nr] Name              Type             Address           Offset
       Size              EntSize          Flags  Link  Info  Align
  [ 0]                   NULL             0000000000000000  00000000
       0000000000000000  0000000000000000           0     0     0
  [ 1] .group            GROUP            0000000000000000  00000040
       0000000000000008  0000000000000004          5503   4474     4
  [ 2] .group            GROUP            0000000000000000  00000048
       0000000000000008  0000000000000004          5503   4475     4
  [ 3] .group            GROUP            0000000000000000  00000050
       0000000000000008  0000000000000004          5503   4476     4
  [ 4] .group            GROUP            0000000000000000  00000058
       0000000000000008  0000000000000004          5503   6968     4
  [ 5] .group            GROUP            0000000000000000  00000060
       0000000000000008  0000000000000004          5503   6969     4
  [ 6] .group            GROUP            0000000000000000  00000068
       000000000000000c  0000000000000004          5503   4477     4
  [ 7] .group            GROUP            0000000000000000  00000074
       0000000000000008  0000000000000004          5503   4478     4
  [ 8] .group            GROUP            0000000000000000  0000007c
       0000000000000008  0000000000000004          5503   4479     4
  [ 9] .group            GROUP            0000000000000000  00000084
       0000000000000008  0000000000000004          5503   4480     4
  [10] .group            GROUP            0000000000000000  0000008c
       0000000000000008  0000000000000004          5503   4481     4
  [11] .group            GROUP            0000000000000000  00000094
       000000000000000c  0000000000000004          5503   4482     4
  [12] .group            GROUP            0000000000000000  000000a0
       000000000000000c  0000000000000004          5503   4483     4
  [13] .group            GROUP            0000000000000000  000000ac
       000000000000000c  0000000000000004          5503   6997     4
  [14] .group            GROUP            0000000000000000  000000b8
       0000000000000008  0000000000000004          5503   7002     4
  [15] .group            GROUP            0000000000000000  000000c0
       0000000000000008  0000000000000004          5503   7004     4
  [16] .group            GROUP            0000000000000000  000000c8
       0000000000000008  0000000000000004          5503   7005     4
  [17] .group            GROUP            0000000000000000  000000d0
       0000000000000008  0000000000000004          5503   4484     4
  [18] .group            GROUP            0000000000000000  000000d8
       0000000000000008  0000000000000004          5503   7009     4
  [19] .group            GROUP            0000000000000000  000000e0
       0000000000000008  0000000000000004          5503   7010     4
  [20] .group            GROUP            0000000000000000  000000e8
       0000000000000008  0000000000000004          5503   4485     4
  [21] .group            GROUP            0000000000000000  000000f0
       000000000000000c  0000000000000004          5503   4486     4
  [22] .group            GROUP            0000000000000000  000000fc
       0000000000000008  0000000000000004          5503   7017     4
  [23] .group            GROUP            0000000000000000  00000104
       0000000000000008  0000000000000004          5503   7018     4
  [24] .group            GROUP            0000000000000000  0000010c
       0000000000000008  0000000000000004          5503   7019     4
  [25] .group            GROUP            0000000000000000  00000114
       0000000000000008  0000000000000004          5503   7020     4
  [26] .group            GROUP            0000000000000000  0000011c
       0000000000000008  0000000000000004          5503   4487     4
  [27] .group            GROUP            0000000000000000  00000124
       000000000000000c  0000000000000004          5503   4488     4
  [28] .group            GROUP            0000000000000000  00000130
       0000000000000008  0000000000000004          5503   4489     4
  [29] .group            GROUP            0000000000000000  00000138
       0000000000000008  0000000000000004          5503   7027     4
  [30] .group            GROUP            0000000000000000  00000140
       0000000000000008  0000000000000004          5503   7028     4
  [31] .group            GROUP            0000000000000000  00000148
       0000000000000008  0000000000000004          5503   7029     4
  [32] .group            GROUP            0000000000000000  00000150
       0000000000000008  0000000000000004          5503   4490     4
  [33] .group            GROUP            0000000000000000  00000158
       0000000000000008  0000000000000004          5503   4491     4
  [34] .group            GROUP            0000000000000000  00000160
       0000000000000008  0000000000000004          5503   7035     4
  [35] .group            GROUP            0000000000000000  00000168
       0000000000000008  0000000000000004          5503   7036     4
  [36] .group            GROUP            0000000000000000  00000170
       0000000000000008  0000000000000004          5503   4492     4
  [37] .group            GROUP            0000000000000000  00000178
       0000000000000008  0000000000000004          5503   7039     4
  [38] .group            GROUP            0000000000000000  00000180
       0000000000000008  0000000000000004          5503   7040     4
  [39] .group            GROUP            0000000000000000  00000188
       0000000000000008  0000000000000004          5503   4493     4
  [40] .group            GROUP            0000000000000000  00000190
       0000000000000008  0000000000000004          5503   7045     4
  [41] .group            GROUP            0000000000000000  00000198
       0000000000000008  0000000000000004          5503   7046     4
  [42] .group            GROUP            0000000000000000  000001a0
       0000000000000008  0000000000000004          5503   4494     4
  [43] .group            GROUP            0000000000000000  000001a8
       0000000000000008  0000000000000004          5503   4495     4
  [44] .group            GROUP            0000000000000000  000001b0
       0000000000000008  0000000000000004          5503   4496     4
  [45] .group            GROUP            0000000000000000  000001b8
       0000000000000008  0000000000000004          5503   4497     4
  [46] .group            GROUP            0000000000000000  000001c0
       0000000000000008  0000000000000004          5503   7058     4
  [47] .group            GROUP            0000000000000000  000001c8
       0000000000000008  0000000000000004          5503   7059     4
  [48] .group            GROUP            0000000000000000  000001d0
       0000000000000008  0000000000000004          5503   7060     4
  [49] .group            GROUP            0000000000000000  000001d8
       0000000000000008  0000000000000004          5503   7061     4
  [50] .group            GROUP            0000000000000000  000001e0
       0000000000000008  0000000000000004          5503   7062     4
  [51] .group            GROUP            0000000000000000  000001e8
       0000000000000008  0000000000000004          5503   7063     4
  [52] .group            GROUP            0000000000000000  000001f0
       0000000000000008  0000000000000004          5503   7064     4
  [53] .group            GROUP            0000000000000000  000001f8
       0000000000000008  0000000000000004          5503   4498     4
  [54] .group            GROUP            0000000000000000  00000200
       0000000000000008  0000000000000004          5503   4499     4
  [55] .group            GROUP            0000000000000000  00000208
       0000000000000008  0000000000000004          5503   4500     4
  [56] .group            GROUP            0000000000000000  00000210
       0000000000000008  0000000000000004          5503   4501     4
  [57] .group            GROUP            0000000000000000  00000218
       0000000000000008  0000000000000004          5503   7073     4
  [58] .group            GROUP            0000000000000000  00000220
       0000000000000008  0000000000000004          5503   4502     4
  [59] .group            GROUP            0000000000000000  00000228
       0000000000000008  0000000000000004          5503   4503     4
  [60] .group            GROUP            0000000000000000  00000230
       0000000000000008  0000000000000004          5503   4504     4
  [61] .group            GROUP            0000000000000000  00000238
       000000000000000c  0000000000000004          5503   4505     4
  [62] .group            GROUP            0000000000000000  00000244
       000000000000000c  0000000000000004          5503   4506     4
  [63] .group            GROUP            0000000000000000  00000250
       0000000000000008  0000000000000004          5503   4507     4
  [64] .group            GROUP            0000000000000000  00000258
       0000000000000008  0000000000000004          5503   4508     4
  [65] .group            GROUP            0000000000000000  00000260
       0000000000000008  0000000000000004          5503   4509     4
  [66] .group            GROUP            0000000000000000  00000268
       0000000000000008  0000000000000004          5503   4510     4
  [67] .group            GROUP            0000000000000000  00000270
       0000000000000008  0000000000000004          5503   4511     4
  [68] .group            GROUP            0000000000000000  00000278
       0000000000000008  0000000000000004          5503   7105     4
  [69] .group            GROUP            0000000000000000  00000280
       0000000000000008  0000000000000004          5503   7106     4
  [70] .group            GROUP            0000000000000000  00000288
       000000000000000c  0000000000000004          5503   4512     4
  [71] .group            GROUP            0000000000000000  00000294
       000000000000000c  0000000000000004          5503   7112     4
  [72] .group            GROUP            0000000000000000  000002a0
       0000000000000008  0000000000000004          5503   7122     4
  [73] .group            GROUP            0000000000000000  000002a8
       0000000000000008  0000000000000004          5503   7124     4
  [74] .group            GROUP            0000000000000000  000002b0
       0000000000000008  0000000000000004          5503   7125     4
  [75] .group            GROUP            0000000000000000  000002b8
       0000000000000008  0000000000000004          5503   7127     4
  [76] .group            GROUP            0000000000000000  000002c0
       0000000000000008  0000000000000004          5503   7129     4
  [77] .group            GROUP            0000000000000000  000002c8
       0000000000000008  0000000000000004          5503   7131     4
  [78] .group            GROUP            0000000000000000  000002d0
       0000000000000008  0000000000000004          5503   4513     4
  [79] .group            GROUP            0000000000000000  000002d8
       0000000000000008  0000000000000004          5503   7135     4
  [80] .group            GROUP            0000000000000000  000002e0
       0000000000000008  0000000000000004          5503   7136     4
  [81] .group            GROUP            0000000000000000  000002e8
       0000000000000008  0000000000000004          5503   7137     4
  [82] .group            GROUP            0000000000000000  000002f0
       0000000000000008  0000000000000004          5503   7138     4
  [83] .group            GROUP            0000000000000000  000002f8
       0000000000000008  0000000000000004          5503   7139     4
  [84] .group            GROUP            0000000000000000  00000300
       0000000000000008  0000000000000004          5503   7140     4
  [85] .group            GROUP            0000000000000000  00000308
       0000000000000008  0000000000000004          5503   7141     4
  [86] .group            GROUP            0000000000000000  00000310
       0000000000000008  0000000000000004          5503   7142     4
  [87] .group            GROUP            0000000000000000  00000318
       0000000000000008  0000000000000004          5503   7143     4
  [88] .group            GROUP            0000000000000000  00000320
       0000000000000008  0000000000000004          5503   4514     4
  [89] .group            GROUP            0000000000000000  00000328
       0000000000000008  0000000000000004          5503   4515     4
  [90] .group            GROUP            0000000000000000  00000330
       0000000000000008  0000000000000004          5503   4516     4
  [91] .group            GROUP            0000000000000000  00000338
       0000000000000008  0000000000000004          5503   4517     4
  [92] .group            GROUP            0000000000000000  00000340
       0000000000000008  0000000000000004          5503   7152     4
  [93] .group            GROUP            0000000000000000  00000348
       0000000000000008  0000000000000004          5503   7153     4
  [94] .group            GROUP            0000000000000000  00000350
       0000000000000008  0000000000000004          5503   7154     4
  [95] .group            GROUP            0000000000000000  00000358
       0000000000000008  0000000000000004          5503   7155     4
  [96] .group            GROUP            0000000000000000  00000360
       0000000000000008  0000000000000004          5503   7156     4
  [97] .group            GROUP            0000000000000000  00000368
       0000000000000008  0000000000000004          5503   7157     4
  [98] .group            GROUP            0000000000000000  00000370
       0000000000000008  0000000000000004          5503   7158     4
  [99] .group            GROUP            0000000000000000  00000378
       0000000000000008  0000000000000004          5503   4518     4
  [100] .group            GROUP            0000000000000000  00000380
       0000000000000008  0000000000000004          5503   4519     4
  [101] .group            GROUP            0000000000000000  00000388
       0000000000000008  0000000000000004          5503   7164     4
  [102] .group            GROUP            0000000000000000  00000390
       0000000000000008  0000000000000004          5503   7162     4
  [103] .group            GROUP            0000000000000000  00000398
       0000000000000008  0000000000000004          5503   7165     4
  [104] .group            GROUP            0000000000000000  000003a0
       0000000000000008  0000000000000004          5503   7166     4
  [105] .group            GROUP            0000000000000000  000003a8
       0000000000000008  0000000000000004          5503   4520     4
  [106] .group            GROUP            0000000000000000  000003b0
       0000000000000008  0000000000000004          5503   4521     4
  [107] .group            GROUP            0000000000000000  000003b8
       0000000000000008  0000000000000004          5503   4522     4
  [108] .group            GROUP            0000000000000000  000003c0
       0000000000000008  0000000000000004          5503   4523     4
  [109] .group            GROUP            0000000000000000  000003c8
       0000000000000008  0000000000000004          5503   4524     4
  [110] .group            GROUP            0000000000000000  000003d0
       0000000000000008  0000000000000004          5503   4525     4
  [111] .group            GROUP            0000000000000000  000003d8
       000000000000000c  0000000000000004          5503   4526     4
  [112] .group            GROUP            0000000000000000  000003e4
       000000000000000c  0000000000000004          5503   4527     4
  [113] .group            GROUP            0000000000000000  000003f0
       0000000000000008  0000000000000004          5503   4528     4
  [114] .group            GROUP            0000000000000000  000003f8
       0000000000000008  0000000000000004          5503   4529     4
  [115] .group            GROUP            0000000000000000  00000400
       0000000000000008  0000000000000004          5503   4530     4
  [116] .group            GROUP            0000000000000000  00000408
       0000000000000008  0000000000000004          5503   7212     4
  [117] .group            GROUP            0000000000000000  00000410
       0000000000000008  0000000000000004          5503   7213     4
  [118] .group            GROUP            0000000000000000  00000418
       0000000000000008  0000000000000004          5503   4531     4
  [119] .group            GROUP            0000000000000000  00000420
       0000000000000008  0000000000000004          5503   4532     4
  [120] .group            GROUP            0000000000000000  00000428
       0000000000000008  0000000000000004          5503   4533     4
  [121] .group            GROUP            0000000000000000  00000430
       0000000000000008  0000000000000004          5503   4534     4
  [122] .group            GROUP            0000000000000000  00000438
       0000000000000008  0000000000000004          5503   7301     4
  [123] .group            GROUP            0000000000000000  00000440
       0000000000000008  0000000000000004          5503   4535     4
  [124] .group            GROUP            0000000000000000  00000448
       0000000000000008  0000000000000004          5503   4536     4
  [125] .group            GROUP            0000000000000000  00000450
       0000000000000008  0000000000000004          5503   4537     4
  [126] .group            GROUP            0000000000000000  00000458
       0000000000000008  0000000000000004          5503   4538     4
  [127] .group            GROUP            0000000000000000  00000460
       0000000000000008  0000000000000004          5503   4539     4
  [128] .group            GROUP            0000000000000000  00000468
       0000000000000008  0000000000000004          5503   4540     4
  [129] .group            GROUP            0000000000000000  00000470
       0000000000000008  0000000000000004          5503   4541     4
  [130] .group            GROUP            0000000000000000  00000478
       0000000000000008  0000000000000004          5503   7219     4
  [131] .group            GROUP            0000000000000000  00000480
       0000000000000008  0000000000000004          5503   4542     4
  [132] .group            GROUP            0000000000000000  00000488
       0000000000000008  0000000000000004          5503   4543     4
  [133] .group            GROUP            0000000000000000  00000490
       0000000000000008  0000000000000004          5503   4544     4
  [134] .group            GROUP            0000000000000000  00000498
       0000000000000008  0000000000000004          5503   4545     4
  [135] .group            GROUP            0000000000000000  000004a0
       0000000000000008  0000000000000004          5503   6999     4
  [136] .group            GROUP            0000000000000000  000004a8
       0000000000000008  0000000000000004          5503   7000     4
  [137] .group            GROUP            0000000000000000  000004b0
       0000000000000008  0000000000000004          5503   4546     4
  [138] .group            GROUP            0000000000000000  000004b8
       0000000000000008  0000000000000004          5503   4547     4
  [139] .group            GROUP            0000000000000000  000004c0
       0000000000000008  0000000000000004          5503   4548     4
  [140] .group            GROUP            0000000000000000  000004c8
       0000000000000008  0000000000000004          5503   4549     4
  [141] .group            GROUP            0000000000000000  000004d0
       0000000000000008  0000000000000004          5503   4550     4
  [142] .group            GROUP            0000000000000000  000004d8
       0000000000000008  0000000000000004          5503   4551     4
  [143] .group            GROUP            0000000000000000  000004e0
       0000000000000008  0000000000000004          5503   4552     4
  [144] .group            GROUP            0000000000000000  000004e8
       0000000000000008  0000000000000004          5503   4553     4
  [145] .group            GROUP            0000000000000000  000004f0
       0000000000000008  0000000000000004          5503   7381     4
  [146] .group            GROUP            0000000000000000  000004f8
       0000000000000008  0000000000000004          5503   4554     4
  [147] .group            GROUP            0000000000000000  00000500
       0000000000000008  0000000000000004          5503   4555     4
  [148] .group            GROUP            0000000000000000  00000508
       0000000000000008  0000000000000004          5503   4556     4
  [149] .group            GROUP            0000000000000000  00000510
       0000000000000008  0000000000000004          5503   4557     4
  [150] .group            GROUP            0000000000000000  00000518
       0000000000000008  0000000000000004          5503   4558     4
  [151] .group            GROUP            0000000000000000  00000520
       0000000000000008  0000000000000004          5503   4559     4
  [152] .group            GROUP            0000000000000000  00000528
       0000000000000008  0000000000000004          5503   4560     4
  [153] .group            GROUP            0000000000000000  00000530
       0000000000000008  0000000000000004          5503   4561     4
  [154] .group            GROUP            0000000000000000  00000538
       0000000000000008  0000000000000004          5503   4562     4
  [155] .group            GROUP            0000000000000000  00000540
       0000000000000008  0000000000000004          5503   4563     4
  [156] .group            GROUP            0000000000000000  00000548
       0000000000000008  0000000000000004          5503   7401     4
  [157] .group            GROUP            0000000000000000  00000550
       0000000000000008  0000000000000004          5503   7403     4
  [158] .group            GROUP            0000000000000000  00000558
       0000000000000008  0000000000000004          5503   4564     4
  [159] .group            GROUP            0000000000000000  00000560
       0000000000000008  0000000000000004          5503   4565     4
  [160] .group            GROUP            0000000000000000  00000568
       0000000000000008  0000000000000004          5503   4566     4
  [161] .group            GROUP            0000000000000000  00000570
       0000000000000008  0000000000000004          5503   4567     4
  [162] .group            GROUP            0000000000000000  00000578
       0000000000000008  0000000000000004          5503   4568     4
  [163] .group            GROUP            0000000000000000  00000580
       0000000000000008  0000000000000004          5503   4569     4
  [164] .group            GROUP            0000000000000000  00000588
       0000000000000008  0000000000000004          5503   4570     4
  [165] .group            GROUP            0000000000000000  00000590
       0000000000000008  0000000000000004          5503   7367     4
  [166] .group            GROUP            0000000000000000  00000598
       0000000000000008  0000000000000004          5503   4571     4
  [167] .group            GROUP            0000000000000000  000005a0
       0000000000000008  0000000000000004          5503   4572     4
  [168] .group            GROUP            0000000000000000  000005a8
       0000000000000008  0000000000000004          5503   4573     4
  [169] .group            GROUP            0000000000000000  000005b0
       0000000000000008  0000000000000004          5503   4574     4
  [170] .group            GROUP            0000000000000000  000005b8
       0000000000000008  0000000000000004          5503   4575     4
  [171] .group            GROUP            0000000000000000  000005c0
       0000000000000008  0000000000000004          5503   7430     4
  [172] .group            GROUP            0000000000000000  000005c8
       0000000000000008  0000000000000004          5503   7432     4
  [173] .group            GROUP            0000000000000000  000005d0
       0000000000000008  0000000000000004          5503   7433     4
  [174] .group            GROUP            0000000000000000  000005d8
       0000000000000008  0000000000000004          5503   7434     4
  [175] .group            GROUP            0000000000000000  000005e0
       0000000000000008  0000000000000004          5503   4576     4
  [176] .group            GROUP            0000000000000000  000005e8
       0000000000000008  0000000000000004          5503   4577     4
  [177] .group            GROUP            0000000000000000  000005f0
       0000000000000008  0000000000000004          5503   4578     4
  [178] .group            GROUP            0000000000000000  000005f8
       0000000000000008  0000000000000004          5503   7448     4
  [179] .group            GROUP            0000000000000000  00000600
       0000000000000008  0000000000000004          5503   7450     4
  [180] .group            GROUP            0000000000000000  00000608
       0000000000000008  0000000000000004          5503   7451     4
  [181] .group            GROUP            0000000000000000  00000610
       0000000000000008  0000000000000004          5503   7452     4
  [182] .group            GROUP            0000000000000000  00000618
       000000000000000c  0000000000000004          5503   4579     4
  [183] .group            GROUP            0000000000000000  00000624
       0000000000000008  0000000000000004          5503   4580     4
  [184] .group            GROUP            0000000000000000  0000062c
       0000000000000008  0000000000000004          5503   7265     4
  [185] .group            GROUP            0000000000000000  00000634
       0000000000000008  0000000000000004          5503   4581     4
  [186] .group            GROUP            0000000000000000  0000063c
       0000000000000008  0000000000000004          5503   4582     4
  [187] .group            GROUP            0000000000000000  00000644
       0000000000000008  0000000000000004          5503   7477     4
  [188] .group            GROUP            0000000000000000  0000064c
       0000000000000008  0000000000000004          5503   7478     4
  [189] .group            GROUP            0000000000000000  00000654
       0000000000000008  0000000000000004          5503   7479     4
  [190] .group            GROUP            0000000000000000  0000065c
       0000000000000008  0000000000000004          5503   7480     4
  [191] .group            GROUP            0000000000000000  00000664
       0000000000000008  0000000000000004          5503   7481     4
  [192] .group            GROUP            0000000000000000  0000066c
       0000000000000008  0000000000000004          5503   7482     4
  [193] .group            GROUP            0000000000000000  00000674
       0000000000000008  0000000000000004          5503   7483     4
  [194] .group            GROUP            0000000000000000  0000067c
       0000000000000008  0000000000000004          5503   7484     4
  [195] .group            GROUP            0000000000000000  00000684
       0000000000000008  0000000000000004          5503   7485     4
  [196] .group            GROUP            0000000000000000  0000068c
       0000000000000008  0000000000000004          5503   4583     4
  [197] .group            GROUP            0000000000000000  00000694
       0000000000000008  0000000000000004          5503   4584     4
  [198] .group            GROUP            0000000000000000  0000069c
       0000000000000008  0000000000000004          5503   7266     4
  [199] .group            GROUP            0000000000000000  000006a4
       0000000000000008  0000000000000004          5503   7268     4
  [200] .group            GROUP            0000000000000000  000006ac
       0000000000000008  0000000000000004          5503   7275     4
  [201] .group            GROUP            0000000000000000  000006b4
       0000000000000008  0000000000000004          5503   7276     4
  [202] .group            GROUP            0000000000000000  000006bc
       0000000000000008  0000000000000004          5503   7285     4
  [203] .group            GROUP            0000000000000000  000006c4
       0000000000000008  0000000000000004          5503   7287     4
  [204] .group            GROUP            0000000000000000  000006cc
       0000000000000008  0000000000000004          5503   7323     4
  [205] .group            GROUP            0000000000000000  000006d4
       0000000000000008  0000000000000004          5503   4585     4
  [206] .group            GROUP            0000000000000000  000006dc
       0000000000000008  0000000000000004          5503   7325     4
  [207] .group            GROUP            0000000000000000  000006e4
       0000000000000008  0000000000000004          5503   7326     4
  [208] .group            GROUP            0000000000000000  000006ec
       0000000000000008  0000000000000004          5503   7327     4
  [209] .group            GROUP            0000000000000000  000006f4
       0000000000000008  0000000000000004          5503   7328     4
  [210] .group            GROUP            0000000000000000  000006fc
       0000000000000008  0000000000000004          5503   7329     4
  [211] .group            GROUP            0000000000000000  00000704
       0000000000000008  0000000000000004          5503   7302     4
  [212] .group            GROUP            0000000000000000  0000070c
       0000000000000008  0000000000000004          5503   4586     4
  [213] .group            GROUP            0000000000000000  00000714
       0000000000000008  0000000000000004          5503   4587     4
  [214] .group            GROUP            0000000000000000  0000071c
       0000000000000008  0000000000000004          5503   4588     4
  [215] .group            GROUP            0000000000000000  00000724
       0000000000000008  0000000000000004          5503   7520     4
  [216] .group            GROUP            0000000000000000  0000072c
       0000000000000008  0000000000000004          5503   7330     4
  [217] .group            GROUP            0000000000000000  00000734
       0000000000000008  0000000000000004          5503   4589     4
  [218] .group            GROUP            0000000000000000  0000073c
       0000000000000008  0000000000000004          5503   4590     4
  [219] .group            GROUP            0000000000000000  00000744
       0000000000000008  0000000000000004          5503   7331     4
  [220] .group            GROUP            0000000000000000  0000074c
       0000000000000008  0000000000000004          5503   4591     4
  [221] .group            GROUP            0000000000000000  00000754
       0000000000000008  0000000000000004          5503   4592     4
  [222] .group            GROUP            0000000000000000  0000075c
       0000000000000008  0000000000000004          5503   7332     4
  [223] .group            GROUP            0000000000000000  00000764
       0000000000000008  0000000000000004          5503   4593     4
  [224] .group            GROUP            0000000000000000  0000076c
       0000000000000008  0000000000000004          5503   4594     4
  [225] .group            GROUP            0000000000000000  00000774
       0000000000000008  0000000000000004          5503   7333     4
  [226] .group            GROUP            0000000000000000  0000077c
       0000000000000008  0000000000000004          5503   4595     4
  [227] .group            GROUP            0000000000000000  00000784
       0000000000000008  0000000000000004          5503   4596     4
  [228] .group            GROUP            0000000000000000  0000078c
       0000000000000008  0000000000000004          5503   7334     4
  [229] .group            GROUP            0000000000000000  00000794
       0000000000000008  0000000000000004          5503   7563     4
  [230] .group            GROUP            0000000000000000  0000079c
       0000000000000008  0000000000000004          5503   7564     4
  [231] .group            GROUP            0000000000000000  000007a4
       0000000000000008  0000000000000004          5503   7565     4
  [232] .group            GROUP            0000000000000000  000007ac
       0000000000000008  0000000000000004          5503   7566     4
  [233] .group            GROUP            0000000000000000  000007b4
       0000000000000008  0000000000000004          5503   7567     4
  [234] .group            GROUP            0000000000000000  000007bc
       0000000000000008  0000000000000004          5503   7568     4
  [235] .group            GROUP            0000000000000000  000007c4
       0000000000000008  0000000000000004          5503   7569     4
  [236] .group            GROUP            0000000000000000  000007cc
       0000000000000008  0000000000000004          5503   7570     4
  [237] .group            GROUP            0000000000000000  000007d4
       0000000000000008  0000000000000004          5503   7571     4
  [238] .group            GROUP            0000000000000000  000007dc
       0000000000000008  0000000000000004          5503   7341     4
  [239] .group            GROUP            0000000000000000  000007e4
       0000000000000008  0000000000000004          5503   4597     4
  [240] .group            GROUP            0000000000000000  000007ec
       0000000000000008  0000000000000004          5503   7578     4
  [241] .group            GROUP            0000000000000000  000007f4
       0000000000000008  0000000000000004          5503   7579     4
  [242] .group            GROUP            0000000000000000  000007fc
       0000000000000008  0000000000000004          5503   7580     4
  [243] .group            GROUP            0000000000000000  00000804
       0000000000000008  0000000000000004          5503   7581     4
  [244] .group            GROUP            0000000000000000  0000080c
       0000000000000008  0000000000000004          5503   7582     4
  [245] .group            GROUP            0000000000000000  00000814
       0000000000000008  0000000000000004          5503   7583     4
  [246] .group            GROUP            0000000000000000  0000081c
       0000000000000008  0000000000000004          5503   7584     4
  [247] .group            GROUP            0000000000000000  00000824
       0000000000000008  0000000000000004          5503   7585     4
  [248] .group            GROUP            0000000000000000  0000082c
       0000000000000008  0000000000000004          5503   7586     4
  [249] .group            GROUP            0000000000000000  00000834
       0000000000000008  0000000000000004          5503   7343     4
  [250] .group            GROUP            0000000000000000  0000083c
       0000000000000008  0000000000000004          5503   4598     4
  [251] .group            GROUP            0000000000000000  00000844
       0000000000000008  0000000000000004          5503   7594     4
  [252] .group            GROUP            0000000000000000  0000084c
       0000000000000008  0000000000000004          5503   7595     4
  [253] .group            GROUP            0000000000000000  00000854
       0000000000000008  0000000000000004          5503   7596     4
  [254] .group            GROUP            0000000000000000  0000085c
       0000000000000008  0000000000000004          5503   7597     4
  [255] .group            GROUP            0000000000000000  00000864
       0000000000000008  0000000000000004          5503   7598     4
  [256] .group            GROUP            0000000000000000  0000086c
       0000000000000008  0000000000000004          5503   7599     4
  [257] .group            GROUP            0000000000000000  00000874
       0000000000000008  0000000000000004          5503   7600     4
  [258] .group            GROUP            0000000000000000  0000087c
       0000000000000008  0000000000000004          5503   7601     4
  [259] .group            GROUP            0000000000000000  00000884
       0000000000000008  0000000000000004          5503   7602     4
  [260] .group            GROUP            0000000000000000  0000088c
       0000000000000008  0000000000000004          5503   7347     4
  [261] .group            GROUP            0000000000000000  00000894
       0000000000000008  0000000000000004          5503   4599     4
  [262] .group            GROUP            0000000000000000  0000089c
       0000000000000008  0000000000000004          5503   4600     4
  [263] .group            GROUP            0000000000000000  000008a4
       0000000000000008  0000000000000004          5503   7351     4
  [264] .group            GROUP            0000000000000000  000008ac
       0000000000000008  0000000000000004          5503   7613     4
  [265] .group            GROUP            0000000000000000  000008b4
       0000000000000008  0000000000000004          5503   7614     4
  [266] .group            GROUP            0000000000000000  000008bc
       0000000000000008  0000000000000004          5503   7615     4
  [267] .group            GROUP            0000000000000000  000008c4
       0000000000000008  0000000000000004          5503   7616     4
  [268] .group            GROUP            0000000000000000  000008cc
       0000000000000008  0000000000000004          5503   7617     4
  [269] .group            GROUP            0000000000000000  000008d4
       0000000000000008  0000000000000004          5503   7618     4
  [270] .group            GROUP            0000000000000000  000008dc
       0000000000000008  0000000000000004          5503   7619     4
  [271] .group            GROUP            0000000000000000  000008e4
       0000000000000008  0000000000000004          5503   7620     4
  [272] .group            GROUP            0000000000000000  000008ec
       0000000000000008  0000000000000004          5503   7621     4
  [273] .group            GROUP            0000000000000000  000008f4
       0000000000000008  0000000000000004          5503   7352     4
  [274] .group            GROUP            0000000000000000  000008fc
       0000000000000008  0000000000000004          5503   7353     4
  [275] .group            GROUP            0000000000000000  00000904
       0000000000000008  0000000000000004          5503   7354     4
  [276] .group            GROUP            0000000000000000  0000090c
       0000000000000008  0000000000000004          5503   7366     4
  [277] .group            GROUP            0000000000000000  00000914
       0000000000000008  0000000000000004          5503   4601     4
  [278] .group            GROUP            0000000000000000  0000091c
       0000000000000008  0000000000000004          5503   4602     4
  [279] .group            GROUP            0000000000000000  00000924
       0000000000000008  0000000000000004          5503   7374     4
  [280] .group            GROUP            0000000000000000  0000092c
       0000000000000008  0000000000000004          5503   4603     4
  [281] .group            GROUP            0000000000000000  00000934
       0000000000000008  0000000000000004          5503   7634     4
  [282] .group            GROUP            0000000000000000  0000093c
       0000000000000008  0000000000000004          5503   4604     4
  [283] .group            GROUP            0000000000000000  00000944
       0000000000000008  0000000000000004          5503   4605     4
  [284] .group            GROUP            0000000000000000  0000094c
       0000000000000008  0000000000000004          5503   4606     4
  [285] .group            GROUP            0000000000000000  00000954
       0000000000000008  0000000000000004          5503   7409     4
  [286] .group            GROUP            0000000000000000  0000095c
       0000000000000008  0000000000000004          5503   7410     4
  [287] .group            GROUP            0000000000000000  00000964
       0000000000000008  0000000000000004          5503   4607     4
  [288] .group            GROUP            0000000000000000  0000096c
       0000000000000008  0000000000000004          5503   4608     4
  [289] .group            GROUP            0000000000000000  00000974
       0000000000000008  0000000000000004          5503   7419     4
  [290] .group            GROUP            0000000000000000  0000097c
       0000000000000008  0000000000000004          5503   7418     4
  [291] .group            GROUP            0000000000000000  00000984
       0000000000000008  0000000000000004          5503   7421     4
  [292] .group            GROUP            0000000000000000  0000098c
       0000000000000008  0000000000000004          5503   4609     4
  [293] .group            GROUP            0000000000000000  00000994
       0000000000000008  0000000000000004          5503   7435     4
  [294] .group            GROUP            0000000000000000  0000099c
       0000000000000008  0000000000000004          5503   7441     4
  [295] .group            GROUP            0000000000000000  000009a4
       0000000000000008  0000000000000004          5503   7655     4
  [296] .group            GROUP            0000000000000000  000009ac
       0000000000000008  0000000000000004          5503   7436     4
  [297] .group            GROUP            0000000000000000  000009b4
       0000000000000008  0000000000000004          5503   7437     4
  [298] .group            GROUP            0000000000000000  000009bc
       0000000000000008  0000000000000004          5503   7438     4
  [299] .group            GROUP            0000000000000000  000009c4
       0000000000000008  0000000000000004          5503   4610     4
  [300] .group            GROUP            0000000000000000  000009cc
       0000000000000008  0000000000000004          5503   7453     4
  [301] .group            GROUP            0000000000000000  000009d4
       0000000000000008  0000000000000004          5503   7458     4
  [302] .group            GROUP            0000000000000000  000009dc
       0000000000000008  0000000000000004          5503   7665     4
  [303] .group            GROUP            0000000000000000  000009e4
       0000000000000008  0000000000000004          5503   7454     4
  [304] .group            GROUP            0000000000000000  000009ec
       0000000000000008  0000000000000004          5503   7455     4
  [305] .group            GROUP            0000000000000000  000009f4
       0000000000000008  0000000000000004          5503   7456     4
  [306] .group            GROUP            0000000000000000  000009fc
       0000000000000008  0000000000000004          5503   4611     4
  [307] .group            GROUP            0000000000000000  00000a04
       0000000000000008  0000000000000004          5503   4612     4
  [308] .group            GROUP            0000000000000000  00000a0c
       0000000000000008  0000000000000004          5503   4613     4
  [309] .group            GROUP            0000000000000000  00000a14
       0000000000000008  0000000000000004          5503   7679     4
  [310] .group            GROUP            0000000000000000  00000a1c
       0000000000000008  0000000000000004          5503   7681     4
  [311] .group            GROUP            0000000000000000  00000a24
       0000000000000008  0000000000000004          5503   7465     4
  [312] .group            GROUP            0000000000000000  00000a2c
       0000000000000008  0000000000000004          5503   7467     4
  [313] .group            GROUP            0000000000000000  00000a34
       0000000000000008  0000000000000004          5503   7466     4
  [314] .group            GROUP            0000000000000000  00000a3c
       0000000000000008  0000000000000004          5503   4614     4
  [315] .group            GROUP            0000000000000000  00000a44
       0000000000000008  0000000000000004          5503   4615     4
  [316] .group            GROUP            0000000000000000  00000a4c
       0000000000000008  0000000000000004          5503   4616     4
  [317] .group            GROUP            0000000000000000  00000a54
       0000000000000008  0000000000000004          5503   4617     4
  [318] .group            GROUP            0000000000000000  00000a5c
       0000000000000008  0000000000000004          5503   7470     4
  [319] .group            GROUP            0000000000000000  00000a64
       0000000000000008  0000000000000004          5503   7471     4
  [320] .group            GROUP            0000000000000000  00000a6c
       0000000000000008  0000000000000004          5503   7472     4
  [321] .group            GROUP            0000000000000000  00000a74
       0000000000000008  0000000000000004          5503   7473     4
  [322] .group            GROUP            0000000000000000  00000a7c
       0000000000000008  0000000000000004          5503   7476     4
  [323] .group            GROUP            0000000000000000  00000a84
       0000000000000008  0000000000000004          5503   7491     4
  [324] .group            GROUP            0000000000000000  00000a8c
       0000000000000008  0000000000000004          5503   7494     4
  [325] .group            GROUP            0000000000000000  00000a94
       0000000000000008  0000000000000004          5503   7495     4
  [326] .group            GROUP            0000000000000000  00000a9c
       0000000000000008  0000000000000004          5503   7499     4
  [327] .group            GROUP            0000000000000000  00000aa4
       0000000000000008  0000000000000004          5503   7496     4
  [328] .group            GROUP            0000000000000000  00000aac
       0000000000000008  0000000000000004          5503   4618     4
  [329] .group            GROUP            0000000000000000  00000ab4
       0000000000000008  0000000000000004          5503   4619     4
  [330] .group            GROUP            0000000000000000  00000abc
       0000000000000008  0000000000000004          5503   7504     4
  [331] .group            GROUP            0000000000000000  00000ac4
       0000000000000008  0000000000000004          5503   7506     4
  [332] .group            GROUP            0000000000000000  00000acc
       0000000000000008  0000000000000004          5503   7507     4
  [333] .group            GROUP            0000000000000000  00000ad4
       0000000000000008  0000000000000004          5503   7508     4
  [334] .group            GROUP            0000000000000000  00000adc
       0000000000000008  0000000000000004          5503   7509     4
  [335] .group            GROUP            0000000000000000  00000ae4
       0000000000000008  0000000000000004          5503   4620     4
  [336] .group            GROUP            0000000000000000  00000aec
       0000000000000008  0000000000000004          5503   7511     4
  [337] .group            GROUP            0000000000000000  00000af4
       0000000000000008  0000000000000004          5503   4621     4
  [338] .group            GROUP            0000000000000000  00000afc
       0000000000000008  0000000000000004          5503   4622     4
  [339] .group            GROUP            0000000000000000  00000b04
       0000000000000008  0000000000000004          5503   4623     4
  [340] .group            GROUP            0000000000000000  00000b0c
       0000000000000008  0000000000000004          5503   4624     4
  [341] .group            GROUP            0000000000000000  00000b14
       0000000000000008  0000000000000004          5503   4625     4
  [342] .group            GROUP            0000000000000000  00000b1c
       0000000000000008  0000000000000004          5503   7525     4
  [343] .group            GROUP            0000000000000000  00000b24
       0000000000000008  0000000000000004          5503   7754     4
  [344] .group            GROUP            0000000000000000  00000b2c
       0000000000000008  0000000000000004          5503   7755     4
  [345] .group            GROUP            0000000000000000  00000b34
       0000000000000008  0000000000000004          5503   7521     4
  [346] .group            GROUP            0000000000000000  00000b3c
       0000000000000008  0000000000000004          5503   7522     4
  [347] .group            GROUP            0000000000000000  00000b44
       0000000000000008  0000000000000004          5503   4626     4
  [348] .group            GROUP            0000000000000000  00000b4c
       0000000000000008  0000000000000004          5503   4627     4
  [349] .group            GROUP            0000000000000000  00000b54
       0000000000000008  0000000000000004          5503   4628     4
  [350] .group            GROUP            0000000000000000  00000b5c
       0000000000000008  0000000000000004          5503   4629     4
  [351] .group            GROUP            0000000000000000  00000b64
       0000000000000008  0000000000000004          5503   4630     4
  [352] .group            GROUP            0000000000000000  00000b6c
       0000000000000008  0000000000000004          5503   7535     4
  [353] .group            GROUP            0000000000000000  00000b74
       0000000000000008  0000000000000004          5503   4631     4
  [354] .group            GROUP            0000000000000000  00000b7c
       0000000000000008  0000000000000004          5503   4632     4
  [355] .group            GROUP            0000000000000000  00000b84
       0000000000000008  0000000000000004          5503   4633     4
  [356] .group            GROUP            0000000000000000  00000b8c
       0000000000000008  0000000000000004          5503   4634     4
  [357] .group            GROUP            0000000000000000  00000b94
       0000000000000008  0000000000000004          5503   4635     4
  [358] .group            GROUP            0000000000000000  00000b9c
       0000000000000008  0000000000000004          5503   7544     4
  [359] .group            GROUP            0000000000000000  00000ba4
       0000000000000008  0000000000000004          5503   4636     4
  [360] .group            GROUP            0000000000000000  00000bac
       0000000000000008  0000000000000004          5503   4637     4
  [361] .group            GROUP            0000000000000000  00000bb4
       0000000000000008  0000000000000004          5503   4638     4
  [362] .group            GROUP            0000000000000000  00000bbc
       0000000000000008  0000000000000004          5503   4639     4
  [363] .group            GROUP            0000000000000000  00000bc4
       0000000000000008  0000000000000004          5503   4640     4
  [364] .group            GROUP            0000000000000000  00000bcc
       0000000000000008  0000000000000004          5503   7553     4
  [365] .group            GROUP            0000000000000000  00000bd4
       0000000000000008  0000000000000004          5503   4641     4
  [366] .group            GROUP            0000000000000000  00000bdc
       0000000000000008  0000000000000004          5503   4642     4
  [367] .group            GROUP            0000000000000000  00000be4
       0000000000000008  0000000000000004          5503   4643     4
  [368] .group            GROUP            0000000000000000  00000bec
       0000000000000008  0000000000000004          5503   4644     4
  [369] .group            GROUP            0000000000000000  00000bf4
       0000000000000008  0000000000000004          5503   4645     4
  [370] .group            GROUP            0000000000000000  00000bfc
       0000000000000008  0000000000000004          5503   7562     4
  [371] .group            GROUP            0000000000000000  00000c04
       0000000000000008  0000000000000004          5503   7572     4
  [372] .group            GROUP            0000000000000000  00000c0c
       0000000000000008  0000000000000004          5503   7573     4
  [373] .group            GROUP            0000000000000000  00000c14
       0000000000000008  0000000000000004          5503   7576     4
  [374] .group            GROUP            0000000000000000  00000c1c
       0000000000000008  0000000000000004          5503   7574     4
  [375] .group            GROUP            0000000000000000  00000c24
       0000000000000008  0000000000000004          5503   4646     4
  [376] .group            GROUP            0000000000000000  00000c2c
       0000000000000008  0000000000000004          5503   7587     4
  [377] .group            GROUP            0000000000000000  00000c34
       0000000000000008  0000000000000004          5503   7588     4
  [378] .group            GROUP            0000000000000000  00000c3c
       0000000000000008  0000000000000004          5503   7591     4
  [379] .group            GROUP            0000000000000000  00000c44
       0000000000000008  0000000000000004          5503   7589     4
  [380] .group            GROUP            0000000000000000  00000c4c
       0000000000000008  0000000000000004          5503   4647     4
  [381] .group            GROUP            0000000000000000  00000c54
       0000000000000008  0000000000000004          5503   4648     4
  [382] .group            GROUP            0000000000000000  00000c5c
       0000000000000008  0000000000000004          5503   7603     4
  [383] .group            GROUP            0000000000000000  00000c64
       0000000000000008  0000000000000004          5503   7604     4
  [384] .group            GROUP            0000000000000000  00000c6c
       0000000000000008  0000000000000004          5503   7607     4
  [385] .group            GROUP            0000000000000000  00000c74
       0000000000000008  0000000000000004          5503   7605     4
  [386] .group            GROUP            0000000000000000  00000c7c
       0000000000000008  0000000000000004          5503   4649     4
  [387] .group            GROUP            0000000000000000  00000c84
       0000000000000008  0000000000000004          5503   4650     4
  [388] .group            GROUP            0000000000000000  00000c8c
       0000000000000008  0000000000000004          5503   4651     4
  [389] .group            GROUP            0000000000000000  00000c94
       0000000000000008  0000000000000004          5503   4652     4
  [390] .group            GROUP            0000000000000000  00000c9c
       0000000000000008  0000000000000004          5503   7622     4
  [391] .group            GROUP            0000000000000000  00000ca4
       0000000000000008  0000000000000004          5503   7623     4
  [392] .group            GROUP            0000000000000000  00000cac
       0000000000000008  0000000000000004          5503   7626     4
  [393] .group            GROUP            0000000000000000  00000cb4
       0000000000000008  0000000000000004          5503   7624     4
  [394] .group            GROUP            0000000000000000  00000cbc
       0000000000000008  0000000000000004          5503   4653     4
  [395] .group            GROUP            0000000000000000  00000cc4
       0000000000000008  0000000000000004          5503   7630     4
  [396] .group            GROUP            0000000000000000  00000ccc
       0000000000000008  0000000000000004          5503   7631     4
  [397] .group            GROUP            0000000000000000  00000cd4
       0000000000000008  0000000000000004          5503   7632     4
  [398] .group            GROUP            0000000000000000  00000cdc
       0000000000000008  0000000000000004          5503   7650     4
  [399] .group            GROUP            0000000000000000  00000ce4
       0000000000000008  0000000000000004          5503   7869     4
  [400] .group            GROUP            0000000000000000  00000cec
       0000000000000008  0000000000000004          5503   7635     4
  [401] .group            GROUP            0000000000000000  00000cf4
       0000000000000008  0000000000000004          5503   4654     4
  [402] .group            GROUP            0000000000000000  00000cfc
       0000000000000008  0000000000000004          5503   4655     4
  [403] .group            GROUP            0000000000000000  00000d04
       0000000000000008  0000000000000004          5503   7641     4
  [404] .group            GROUP            0000000000000000  00000d0c
       0000000000000008  0000000000000004          5503   7643     4
  [405] .group            GROUP            0000000000000000  00000d14
       0000000000000008  0000000000000004          5503   4656     4
  [406] .group            GROUP            0000000000000000  00000d1c
       0000000000000008  0000000000000004          5503   4657     4
  [407] .group            GROUP            0000000000000000  00000d24
       0000000000000008  0000000000000004          5503   7648     4
  [408] .group            GROUP            0000000000000000  00000d2c
       0000000000000008  0000000000000004          5503   7649     4
  [409] .group            GROUP            0000000000000000  00000d34
       0000000000000008  0000000000000004          5503   7881     4
  [410] .group            GROUP            0000000000000000  00000d3c
       0000000000000008  0000000000000004          5503   7882     4
  [411] .group            GROUP            0000000000000000  00000d44
       0000000000000008  0000000000000004          5503   7883     4
  [412] .group            GROUP            0000000000000000  00000d4c
       0000000000000008  0000000000000004          5503   7884     4
  [413] .group            GROUP            0000000000000000  00000d54
       0000000000000008  0000000000000004          5503   7885     4
  [414] .group            GROUP            0000000000000000  00000d5c
       0000000000000008  0000000000000004          5503   7886     4
  [415] .group            GROUP            0000000000000000  00000d64
       0000000000000008  0000000000000004          5503   7887     4
  [416] .group            GROUP            0000000000000000  00000d6c
       0000000000000008  0000000000000004          5503   7888     4
  [417] .group            GROUP            0000000000000000  00000d74
       0000000000000008  0000000000000004          5503   7658     4
  [418] .group            GROUP            0000000000000000  00000d7c
       0000000000000008  0000000000000004          5503   7659     4
  [419] .group            GROUP            0000000000000000  00000d84
       0000000000000008  0000000000000004          5503   7660     4
  [420] .group            GROUP            0000000000000000  00000d8c
       0000000000000008  0000000000000004          5503   7662     4
  [421] .group            GROUP            0000000000000000  00000d94
       0000000000000008  0000000000000004          5503   7668     4
  [422] .group            GROUP            0000000000000000  00000d9c
       0000000000000008  0000000000000004          5503   7669     4
  [423] .group            GROUP            0000000000000000  00000da4
       0000000000000008  0000000000000004          5503   7670     4
  [424] .group            GROUP            0000000000000000  00000dac
       0000000000000008  0000000000000004          5503   7672     4
  [425] .group            GROUP            0000000000000000  00000db4
       0000000000000008  0000000000000004          5503   7683     4
  [426] .group            GROUP            0000000000000000  00000dbc
       000000000000000c  0000000000000004          5503   4658     4
  [427] .group            GROUP            0000000000000000  00000dc8
       0000000000000008  0000000000000004          5503   7684     4
  [428] .group            GROUP            0000000000000000  00000dd0
       0000000000000008  0000000000000004          5503   7685     4
  [429] .group            GROUP            0000000000000000  00000dd8
       0000000000000008  0000000000000004          5503   7899     4
  [430] .group            GROUP            0000000000000000  00000de0
       0000000000000008  0000000000000004          5503   7690     4
  [431] .group            GROUP            0000000000000000  00000de8
       0000000000000008  0000000000000004          5503   4659     4
  [432] .group            GROUP            0000000000000000  00000df0
       0000000000000008  0000000000000004          5503   4660     4
  [433] .group            GROUP            0000000000000000  00000df8
       0000000000000008  0000000000000004          5503   4661     4
  [434] .group            GROUP            0000000000000000  00000e00
       0000000000000008  0000000000000004          5503   7696     4
  [435] .group            GROUP            0000000000000000  00000e08
       0000000000000008  0000000000000004          5503   7698     4
  [436] .group            GROUP            0000000000000000  00000e10
       0000000000000008  0000000000000004          5503   4662     4
  [437] .group            GROUP            0000000000000000  00000e18
       0000000000000008  0000000000000004          5503   7701     4
  [438] .group            GROUP            0000000000000000  00000e20
       0000000000000008  0000000000000004          5503   7702     4
  [439] .group            GROUP            0000000000000000  00000e28
       0000000000000008  0000000000000004          5503   7703     4
  [440] .group            GROUP            0000000000000000  00000e30
       0000000000000008  0000000000000004          5503   7704     4
  [441] .group            GROUP            0000000000000000  00000e38
       0000000000000008  0000000000000004          5503   7705     4
  [442] .group            GROUP            0000000000000000  00000e40
       0000000000000008  0000000000000004          5503   7707     4
  [443] .group            GROUP            0000000000000000  00000e48
       0000000000000008  0000000000000004          5503   7708     4
  [444] .group            GROUP            0000000000000000  00000e50
       0000000000000008  0000000000000004          5503   7709     4
  [445] .group            GROUP            0000000000000000  00000e58
       0000000000000008  0000000000000004          5503   4663     4
  [446] .group            GROUP            0000000000000000  00000e60
       0000000000000008  0000000000000004          5503   4664     4
  [447] .group            GROUP            0000000000000000  00000e68
       0000000000000008  0000000000000004          5503   4665     4
  [448] .group            GROUP            0000000000000000  00000e70
       0000000000000008  0000000000000004          5503   7714     4
  [449] .group            GROUP            0000000000000000  00000e78
       0000000000000008  0000000000000004          5503   7717     4
  [450] .group            GROUP            0000000000000000  00000e80
       0000000000000008  0000000000000004          5503   7718     4
  [451] .group            GROUP            0000000000000000  00000e88
       0000000000000008  0000000000000004          5503   7719     4
  [452] .group            GROUP            0000000000000000  00000e90
       0000000000000008  0000000000000004          5503   7720     4
  [453] .group            GROUP            0000000000000000  00000e98
       0000000000000008  0000000000000004          5503   7721     4
  [454] .group            GROUP            0000000000000000  00000ea0
       0000000000000008  0000000000000004          5503   7722     4
  [455] .group            GROUP            0000000000000000  00000ea8
       0000000000000008  0000000000000004          5503   7723     4
  [456] .group            GROUP            0000000000000000  00000eb0
       0000000000000008  0000000000000004          5503   7724     4
  [457] .group            GROUP            0000000000000000  00000eb8
       0000000000000008  0000000000000004          5503   7725     4
  [458] .group            GROUP            0000000000000000  00000ec0
       0000000000000008  0000000000000004          5503   7726     4
  [459] .group            GROUP            0000000000000000  00000ec8
       0000000000000008  0000000000000004          5503   7727     4
  [460] .group            GROUP            0000000000000000  00000ed0
       0000000000000008  0000000000000004          5503   7728     4
  [461] .group            GROUP            0000000000000000  00000ed8
       0000000000000008  0000000000000004          5503   7729     4
  [462] .group            GROUP            0000000000000000  00000ee0
       0000000000000008  0000000000000004          5503   7730     4
  [463] .group            GROUP            0000000000000000  00000ee8
       0000000000000008  0000000000000004          5503   7731     4
  [464] .group            GROUP            0000000000000000  00000ef0
       0000000000000008  0000000000000004          5503   7732     4
  [465] .group            GROUP            0000000000000000  00000ef8
       0000000000000008  0000000000000004          5503   7733     4
  [466] .group            GROUP            0000000000000000  00000f00
       0000000000000008  0000000000000004          5503   7734     4
  [467] .group            GROUP            0000000000000000  00000f08
       0000000000000008  0000000000000004          5503   7735     4
  [468] .group            GROUP            0000000000000000  00000f10
       0000000000000008  0000000000000004          5503   7736     4
  [469] .group            GROUP            0000000000000000  00000f18
       0000000000000008  0000000000000004          5503   7737     4
  [470] .group            GROUP            0000000000000000  00000f20
       0000000000000008  0000000000000004          5503   7940     4
  [471] .group            GROUP            0000000000000000  00000f28
       0000000000000008  0000000000000004          5503   7739     4
  [472] .group            GROUP            0000000000000000  00000f30
       0000000000000008  0000000000000004          5503   4666     4
  [473] .group            GROUP            0000000000000000  00000f38
       0000000000000008  0000000000000004          5503   4667     4
  [474] .group            GROUP            0000000000000000  00000f40
       0000000000000008  0000000000000004          5503   7742     4
  [475] .group            GROUP            0000000000000000  00000f48
       0000000000000008  0000000000000004          5503   4668     4
  [476] .group            GROUP            0000000000000000  00000f50
       0000000000000008  0000000000000004          5503   7746     4
  [477] .group            GROUP            0000000000000000  00000f58
       0000000000000008  0000000000000004          5503   7750     4
  [478] .group            GROUP            0000000000000000  00000f60
       0000000000000008  0000000000000004          5503   7751     4
  [479] .group            GROUP            0000000000000000  00000f68
       0000000000000008  0000000000000004          5503   4669     4
  [480] .group            GROUP            0000000000000000  00000f70
       0000000000000008  0000000000000004          5503   7752     4
  [481] .group            GROUP            0000000000000000  00000f78
       0000000000000008  0000000000000004          5503   7753     4
  [482] .group            GROUP            0000000000000000  00000f80
       0000000000000008  0000000000000004          5503   7756     4
  [483] .group            GROUP            0000000000000000  00000f88
       0000000000000008  0000000000000004          5503   7757     4
  [484] .group            GROUP            0000000000000000  00000f90
       0000000000000008  0000000000000004          5503   7758     4
  [485] .group            GROUP            0000000000000000  00000f98
       0000000000000008  0000000000000004          5503   7759     4
  [486] .group            GROUP            0000000000000000  00000fa0
       0000000000000008  0000000000000004          5503   7760     4
  [487] .group            GROUP            0000000000000000  00000fa8
       0000000000000008  0000000000000004          5503   7761     4
  [488] .group            GROUP            0000000000000000  00000fb0
       0000000000000008  0000000000000004          5503   7762     4
  [489] .group            GROUP            0000000000000000  00000fb8
       0000000000000008  0000000000000004          5503   7763     4
  [490] .group            GROUP            0000000000000000  00000fc0
       0000000000000008  0000000000000004          5503   7764     4
  [491] .group            GROUP            0000000000000000  00000fc8
       0000000000000008  0000000000000004          5503   7765     4
  [492] .group            GROUP            0000000000000000  00000fd0
       0000000000000008  0000000000000004          5503   7766     4
  [493] .group            GROUP            0000000000000000  00000fd8
       0000000000000008  0000000000000004          5503   7767     4
  [494] .group            GROUP            0000000000000000  00000fe0
       0000000000000008  0000000000000004          5503   7768     4
  [495] .group            GROUP            0000000000000000  00000fe8
       0000000000000008  0000000000000004          5503   7769     4
  [496] .group            GROUP            0000000000000000  00000ff0
       0000000000000008  0000000000000004          5503   7770     4
  [497] .group            GROUP            0000000000000000  00000ff8
       0000000000000008  0000000000000004          5503   7982     4
  [498] .group            GROUP            0000000000000000  00001000
       0000000000000008  0000000000000004          5503   7983     4
  [499] .group            GROUP            0000000000000000  00001008
       0000000000000008  0000000000000004          5503   7771     4
  [500] .group            GROUP            0000000000000000  00001010
       0000000000000008  0000000000000004          5503   4670     4
  [501] .group            GROUP            0000000000000000  00001018
       0000000000000008  0000000000000004          5503   4671     4
  [502] .group            GROUP            0000000000000000  00001020
       0000000000000008  0000000000000004          5503   7774     4
  [503] .group            GROUP            0000000000000000  00001028
       0000000000000008  0000000000000004          5503   4672     4
  [504] .group            GROUP            0000000000000000  00001030
       0000000000000008  0000000000000004          5503   7778     4
  [505] .group            GROUP            0000000000000000  00001038
       0000000000000008  0000000000000004          5503   7782     4
  [506] .group            GROUP            0000000000000000  00001040
       0000000000000008  0000000000000004          5503   7783     4
  [507] .group            GROUP            0000000000000000  00001048
       0000000000000008  0000000000000004          5503   4673     4
  [508] .group            GROUP            0000000000000000  00001050
       0000000000000008  0000000000000004          5503   7784     4
  [509] .group            GROUP            0000000000000000  00001058
       0000000000000008  0000000000000004          5503   7785     4
  [510] .group            GROUP            0000000000000000  00001060
       0000000000000008  0000000000000004          5503   4674     4
  [511] .group            GROUP            0000000000000000  00001068
       0000000000000008  0000000000000004          5503   4675     4
  [512] .group            GROUP            0000000000000000  00001070
       0000000000000008  0000000000000004          5503   7788     4
  [513] .group            GROUP            0000000000000000  00001078
       0000000000000008  0000000000000004          5503   4676     4
  [514] .group            GROUP            0000000000000000  00001080
       0000000000000008  0000000000000004          5503   7792     4
  [515] .group            GROUP            0000000000000000  00001088
       0000000000000008  0000000000000004          5503   7796     4
  [516] .group            GROUP            0000000000000000  00001090
       0000000000000008  0000000000000004          5503   7797     4
  [517] .group            GROUP            0000000000000000  00001098
       0000000000000008  0000000000000004          5503   4677     4
  [518] .group            GROUP            0000000000000000  000010a0
       0000000000000008  0000000000000004          5503   7798     4
  [519] .group            GROUP            0000000000000000  000010a8
       0000000000000008  0000000000000004          5503   7799     4
  [520] .group            GROUP            0000000000000000  000010b0
       0000000000000008  0000000000000004          5503   4678     4
  [521] .group            GROUP            0000000000000000  000010b8
       0000000000000008  0000000000000004          5503   4679     4
  [522] .group            GROUP            0000000000000000  000010c0
       0000000000000008  0000000000000004          5503   7802     4
  [523] .group            GROUP            0000000000000000  000010c8
       0000000000000008  0000000000000004          5503   4680     4
  [524] .group            GROUP            0000000000000000  000010d0
       0000000000000008  0000000000000004          5503   7806     4
  [525] .group            GROUP            0000000000000000  000010d8
       0000000000000008  0000000000000004          5503   7810     4
  [526] .group            GROUP            0000000000000000  000010e0
       0000000000000008  0000000000000004          5503   7811     4
  [527] .group            GROUP            0000000000000000  000010e8
       0000000000000008  0000000000000004          5503   4681     4
  [528] .group            GROUP            0000000000000000  000010f0
       0000000000000008  0000000000000004          5503   7812     4
  [529] .group            GROUP            0000000000000000  000010f8
       0000000000000008  0000000000000004          5503   7813     4
  [530] .group            GROUP            0000000000000000  00001100
       0000000000000008  0000000000000004          5503   4682     4
  [531] .group            GROUP            0000000000000000  00001108
       0000000000000008  0000000000000004          5503   4683     4
  [532] .group            GROUP            0000000000000000  00001110
       0000000000000008  0000000000000004          5503   7816     4
  [533] .group            GROUP            0000000000000000  00001118
       0000000000000008  0000000000000004          5503   4684     4
  [534] .group            GROUP            0000000000000000  00001120
       0000000000000008  0000000000000004          5503   7820     4
  [535] .group            GROUP            0000000000000000  00001128
       0000000000000008  0000000000000004          5503   4685     4
  [536] .group            GROUP            0000000000000000  00001130
       0000000000000008  0000000000000004          5503   7824     4
  [537] .group            GROUP            0000000000000000  00001138
       0000000000000008  0000000000000004          5503   7825     4
  [538] .group            GROUP            0000000000000000  00001140
       0000000000000008  0000000000000004          5503   7826     4
  [539] .group            GROUP            0000000000000000  00001148
       0000000000000008  0000000000000004          5503   7827     4
  [540] .group            GROUP            0000000000000000  00001150
       0000000000000008  0000000000000004          5503   7828     4
  [541] .group            GROUP            0000000000000000  00001158
       0000000000000008  0000000000000004          5503   7829     4
  [542] .group            GROUP            0000000000000000  00001160
       0000000000000008  0000000000000004          5503   4686     4
  [543] .group            GROUP            0000000000000000  00001168
       0000000000000008  0000000000000004          5503   4687     4
  [544] .group            GROUP            0000000000000000  00001170
       0000000000000008  0000000000000004          5503   4688     4
  [545] .group            GROUP            0000000000000000  00001178
       0000000000000008  0000000000000004          5503   7834     4
  [546] .group            GROUP            0000000000000000  00001180
       0000000000000008  0000000000000004          5503   7835     4
  [547] .group            GROUP            0000000000000000  00001188
       0000000000000008  0000000000000004          5503   7836     4
  [548] .group            GROUP            0000000000000000  00001190
       0000000000000008  0000000000000004          5503   7837     4
  [549] .group            GROUP            0000000000000000  00001198
       0000000000000008  0000000000000004          5503   4689     4
  [550] .group            GROUP            0000000000000000  000011a0
       0000000000000008  0000000000000004          5503   4690     4
  [551] .group            GROUP            0000000000000000  000011a8
       0000000000000008  0000000000000004          5503   4691     4
  [552] .group            GROUP            0000000000000000  000011b0
       0000000000000008  0000000000000004          5503   7843     4
  [553] .group            GROUP            0000000000000000  000011b8
       0000000000000008  0000000000000004          5503   7844     4
  [554] .group            GROUP            0000000000000000  000011c0
       0000000000000008  0000000000000004          5503   7845     4
  [555] .group            GROUP            0000000000000000  000011c8
       0000000000000008  0000000000000004          5503   7846     4
  [556] .group            GROUP            0000000000000000  000011d0
       0000000000000008  0000000000000004          5503   4692     4
  [557] .group            GROUP            0000000000000000  000011d8
       0000000000000008  0000000000000004          5503   4693     4
  [558] .group            GROUP            0000000000000000  000011e0
       0000000000000008  0000000000000004          5503   4694     4
  [559] .group            GROUP            0000000000000000  000011e8
       0000000000000008  0000000000000004          5503   4695     4
  [560] .group            GROUP            0000000000000000  000011f0
       0000000000000008  0000000000000004          5503   4696     4
  [561] .group            GROUP            0000000000000000  000011f8
       0000000000000008  0000000000000004          5503   7856     4
  [562] .group            GROUP            0000000000000000  00001200
       0000000000000008  0000000000000004          5503   4697     4
  [563] .group            GROUP            0000000000000000  00001208
       0000000000000008  0000000000000004          5503   7859     4
  [564] .group            GROUP            0000000000000000  00001210
       0000000000000008  0000000000000004          5503   7860     4
  [565] .group            GROUP            0000000000000000  00001218
       0000000000000008  0000000000000004          5503   7861     4
  [566] .group            GROUP            0000000000000000  00001220
       0000000000000008  0000000000000004          5503   7862     4
  [567] .group            GROUP            0000000000000000  00001228
       0000000000000008  0000000000000004          5503   4698     4
  [568] .group            GROUP            0000000000000000  00001230
       0000000000000008  0000000000000004          5503   4699     4
  [569] .group            GROUP            0000000000000000  00001238
       0000000000000008  0000000000000004          5503   4700     4
  [570] .group            GROUP            0000000000000000  00001240
       0000000000000008  0000000000000004          5503   7972     4
  [571] .group            GROUP            0000000000000000  00001248
       0000000000000008  0000000000000004          5503   8132     4
  [572] .group            GROUP            0000000000000000  00001250
       0000000000000008  0000000000000004          5503   4701     4
  [573] .group            GROUP            0000000000000000  00001258
       0000000000000008  0000000000000004          5503   4702     4
  [574] .group            GROUP            0000000000000000  00001260
       0000000000000008  0000000000000004          5503   4703     4
  [575] .group            GROUP            0000000000000000  00001268
       0000000000000008  0000000000000004          5503   7867     4
  [576] .group            GROUP            0000000000000000  00001270
       0000000000000008  0000000000000004          5503   7868     4
  [577] .group            GROUP            0000000000000000  00001278
       0000000000000008  0000000000000004          5503   7870     4
  [578] .group            GROUP            0000000000000000  00001280
       0000000000000008  0000000000000004          5503   4704     4
  [579] .group            GROUP            0000000000000000  00001288
       0000000000000008  0000000000000004          5503   4705     4
  [580] .group            GROUP            0000000000000000  00001290
       0000000000000008  0000000000000004          5503   7875     4
  [581] .group            GROUP            0000000000000000  00001298
       0000000000000008  0000000000000004          5503   7876     4
  [582] .group            GROUP            0000000000000000  000012a0
       0000000000000008  0000000000000004          5503   4706     4
  [583] .group            GROUP            0000000000000000  000012a8
       0000000000000008  0000000000000004          5503   7879     4
  [584] .group            GROUP            0000000000000000  000012b0
       0000000000000008  0000000000000004          5503   8150     4
  [585] .group            GROUP            0000000000000000  000012b8
       0000000000000008  0000000000000004          5503   4707     4
  [586] .group            GROUP            0000000000000000  000012c0
       0000000000000008  0000000000000004          5503   4708     4
  [587] .group            GROUP            0000000000000000  000012c8
       0000000000000008  0000000000000004          5503   4709     4
  [588] .group            GROUP            0000000000000000  000012d0
       0000000000000008  0000000000000004          5503   7896     4
  [589] .group            GROUP            0000000000000000  000012d8
       0000000000000008  0000000000000004          5503   4710     4
  [590] .group            GROUP            0000000000000000  000012e0
       0000000000000008  0000000000000004          5503   7907     4
  [591] .group            GROUP            0000000000000000  000012e8
       0000000000000008  0000000000000004          5503   7908     4
  [592] .group            GROUP            0000000000000000  000012f0
       0000000000000008  0000000000000004          5503   7910     4
  [593] .group            GROUP            0000000000000000  000012f8
       0000000000000008  0000000000000004          5503   7911     4
  [594] .group            GROUP            0000000000000000  00001300
       0000000000000008  0000000000000004          5503   7912     4
  [595] .group            GROUP            0000000000000000  00001308
       0000000000000008  0000000000000004          5503   7913     4
  [596] .group            GROUP            0000000000000000  00001310
       0000000000000008  0000000000000004          5503   7914     4
  [597] .group            GROUP            0000000000000000  00001318
       0000000000000008  0000000000000004          5503   4711     4
  [598] .group            GROUP            0000000000000000  00001320
       0000000000000008  0000000000000004          5503   7916     4
  [599] .group            GROUP            0000000000000000  00001328
       0000000000000008  0000000000000004          5503   7917     4
  [600] .group            GROUP            0000000000000000  00001330
       0000000000000008  0000000000000004          5503   7918     4
  [601] .group            GROUP            0000000000000000  00001338
       0000000000000008  0000000000000004          5503   4712     4
  [602] .group            GROUP            0000000000000000  00001340
       0000000000000008  0000000000000004          5503   8170     4
  [603] .group            GROUP            0000000000000000  00001348
       0000000000000008  0000000000000004          5503   7922     4
  [604] .group            GROUP            0000000000000000  00001350
       0000000000000008  0000000000000004          5503   7924     4
  [605] .group            GROUP            0000000000000000  00001358
       0000000000000008  0000000000000004          5503   7925     4
  [606] .group            GROUP            0000000000000000  00001360
       0000000000000008  0000000000000004          5503   7926     4
  [607] .group            GROUP            0000000000000000  00001368
       0000000000000008  0000000000000004          5503   7927     4
  [608] .group            GROUP            0000000000000000  00001370
       0000000000000008  0000000000000004          5503   7928     4
  [609] .group            GROUP            0000000000000000  00001378
       0000000000000008  0000000000000004          5503   7929     4
  [610] .group            GROUP            0000000000000000  00001380
       0000000000000008  0000000000000004          5503   7930     4
  [611] .group            GROUP            0000000000000000  00001388
       0000000000000008  0000000000000004          5503   7931     4
  [612] .group            GROUP            0000000000000000  00001390
       0000000000000008  0000000000000004          5503   7932     4
  [613] .group            GROUP            0000000000000000  00001398
       0000000000000008  0000000000000004          5503   7933     4
  [614] .group            GROUP            0000000000000000  000013a0
       0000000000000008  0000000000000004          5503   7934     4
  [615] .group            GROUP            0000000000000000  000013a8
       0000000000000008  0000000000000004          5503   7935     4
  [616] .group            GROUP            0000000000000000  000013b0
       0000000000000008  0000000000000004          5503   7936     4
  [617] .group            GROUP            0000000000000000  000013b8
       0000000000000008  0000000000000004          5503   7937     4
  [618] .group            GROUP            0000000000000000  000013c0
       0000000000000008  0000000000000004          5503   7938     4
  [619] .group            GROUP            0000000000000000  000013c8
       0000000000000008  0000000000000004          5503   7939     4
  [620] .group            GROUP            0000000000000000  000013d0
       0000000000000008  0000000000000004          5503   8175     4
  [621] .group            GROUP            0000000000000000  000013d8
       0000000000000008  0000000000000004          5503   7943     4
  [622] .group            GROUP            0000000000000000  000013e0
       0000000000000008  0000000000000004          5503   7945     4
  [623] .group            GROUP            0000000000000000  000013e8
       0000000000000008  0000000000000004          5503   7946     4
  [624] .group            GROUP            0000000000000000  000013f0
       0000000000000008  0000000000000004          5503   8179     4
  [625] .group            GROUP            0000000000000000  000013f8
       0000000000000008  0000000000000004          5503   7947     4
  [626] .group            GROUP            0000000000000000  00001400
       0000000000000008  0000000000000004          5503   7949     4
  [627] .group            GROUP            0000000000000000  00001408
       0000000000000008  0000000000000004          5503   7950     4
  [628] .group            GROUP            0000000000000000  00001410
       0000000000000008  0000000000000004          5503   7951     4
  [629] .group            GROUP            0000000000000000  00001418
       0000000000000008  0000000000000004          5503   7952     4
  [630] .group            GROUP            0000000000000000  00001420
       0000000000000008  0000000000000004          5503   4713     4
  [631] .group            GROUP            0000000000000000  00001428
       0000000000000008  0000000000000004          5503   7957     4
  [632] .group            GROUP            0000000000000000  00001430
       0000000000000008  0000000000000004          5503   7958     4
  [633] .group            GROUP            0000000000000000  00001438
       0000000000000008  0000000000000004          5503   7959     4
  [634] .group            GROUP            0000000000000000  00001440
       0000000000000008  0000000000000004          5503   7962     4
  [635] .group            GROUP            0000000000000000  00001448
       0000000000000008  0000000000000004          5503   4714     4
  [636] .group            GROUP            0000000000000000  00001450
       0000000000000008  0000000000000004          5503   4715     4
  [637] .group            GROUP            0000000000000000  00001458
       0000000000000008  0000000000000004          5503   4716     4
  [638] .group            GROUP            0000000000000000  00001460
       0000000000000008  0000000000000004          5503   4717     4
  [639] .group            GROUP            0000000000000000  00001468
       0000000000000008  0000000000000004          5503   4718     4
  [640] .group            GROUP            0000000000000000  00001470
       0000000000000008  0000000000000004          5503   7964     4
  [641] .group            GROUP            0000000000000000  00001478
       0000000000000008  0000000000000004          5503   4719     4
  [642] .group            GROUP            0000000000000000  00001480
       0000000000000008  0000000000000004          5503   4720     4
  [643] .group            GROUP            0000000000000000  00001488
       0000000000000008  0000000000000004          5503   7968     4
  [644] .group            GROUP            0000000000000000  00001490
       0000000000000008  0000000000000004          5503   7969     4
  [645] .group            GROUP            0000000000000000  00001498
       0000000000000008  0000000000000004          5503   7970     4
  [646] .group            GROUP            0000000000000000  000014a0
       0000000000000008  0000000000000004          5503   4721     4
  [647] .group            GROUP            0000000000000000  000014a8
       0000000000000008  0000000000000004          5503   7973     4
  [648] .group            GROUP            0000000000000000  000014b0
       0000000000000008  0000000000000004          5503   4722     4
  [649] .group            GROUP            0000000000000000  000014b8
       0000000000000008  0000000000000004          5503   7976     4
  [650] .group            GROUP            0000000000000000  000014c0
       0000000000000008  0000000000000004          5503   7977     4
  [651] .group            GROUP            0000000000000000  000014c8
       0000000000000008  0000000000000004          5503   7978     4
  [652] .group            GROUP            0000000000000000  000014d0
       0000000000000008  0000000000000004          5503   7979     4
  [653] .group            GROUP            0000000000000000  000014d8
       0000000000000008  0000000000000004          5503   7980     4
  [654] .group            GROUP            0000000000000000  000014e0
       0000000000000008  0000000000000004          5503   7981     4
  [655] .group            GROUP            0000000000000000  000014e8
       0000000000000008  0000000000000004          5503   7984     4
  [656] .group            GROUP            0000000000000000  000014f0
       0000000000000008  0000000000000004          5503   7985     4
  [657] .group            GROUP            0000000000000000  000014f8
       0000000000000008  0000000000000004          5503   7986     4
  [658] .group            GROUP            0000000000000000  00001500
       0000000000000008  0000000000000004          5503   7987     4
  [659] .group            GROUP            0000000000000000  00001508
       0000000000000008  0000000000000004          5503   4723     4
  [660] .group            GROUP            0000000000000000  00001510
       0000000000000008  0000000000000004          5503   4724     4
  [661] .group            GROUP            0000000000000000  00001518
       0000000000000008  0000000000000004          5503   7989     4
  [662] .group            GROUP            0000000000000000  00001520
       0000000000000008  0000000000000004          5503   7990     4
  [663] .group            GROUP            0000000000000000  00001528
       0000000000000008  0000000000000004          5503   8220     4
  [664] .group            GROUP            0000000000000000  00001530
       0000000000000008  0000000000000004          5503   7994     4
  [665] .group            GROUP            0000000000000000  00001538
       0000000000000008  0000000000000004          5503   7996     4
  [666] .group            GROUP            0000000000000000  00001540
       0000000000000008  0000000000000004          5503   7997     4
  [667] .group            GROUP            0000000000000000  00001548
       0000000000000008  0000000000000004          5503   8224     4
  [668] .group            GROUP            0000000000000000  00001550
       0000000000000008  0000000000000004          5503   7998     4
  [669] .group            GROUP            0000000000000000  00001558
       0000000000000008  0000000000000004          5503   8000     4
  [670] .group            GROUP            0000000000000000  00001560
       0000000000000008  0000000000000004          5503   8001     4
  [671] .group            GROUP            0000000000000000  00001568
       0000000000000008  0000000000000004          5503   8002     4
  [672] .group            GROUP            0000000000000000  00001570
       0000000000000008  0000000000000004          5503   8003     4
  [673] .group            GROUP            0000000000000000  00001578
       0000000000000008  0000000000000004          5503   4725     4
  [674] .group            GROUP            0000000000000000  00001580
       0000000000000008  0000000000000004          5503   8008     4
  [675] .group            GROUP            0000000000000000  00001588
       0000000000000008  0000000000000004          5503   8009     4
  [676] .group            GROUP            0000000000000000  00001590
       0000000000000008  0000000000000004          5503   8010     4
  [677] .group            GROUP            0000000000000000  00001598
       0000000000000008  0000000000000004          5503   8013     4
  [678] .group            GROUP            0000000000000000  000015a0
       0000000000000008  0000000000000004          5503   4726     4
  [679] .group            GROUP            0000000000000000  000015a8
       0000000000000008  0000000000000004          5503   4727     4
  [680] .group            GROUP            0000000000000000  000015b0
       0000000000000008  0000000000000004          5503   4728     4
  [681] .group            GROUP            0000000000000000  000015b8
       0000000000000008  0000000000000004          5503   4729     4
  [682] .group            GROUP            0000000000000000  000015c0
       0000000000000008  0000000000000004          5503   8015     4
  [683] .group            GROUP            0000000000000000  000015c8
       0000000000000008  0000000000000004          5503   4730     4
  [684] .group            GROUP            0000000000000000  000015d0
       0000000000000008  0000000000000004          5503   4731     4
  [685] .group            GROUP            0000000000000000  000015d8
       0000000000000008  0000000000000004          5503   8244     4
  [686] .group            GROUP            0000000000000000  000015e0
       0000000000000008  0000000000000004          5503   8021     4
  [687] .group            GROUP            0000000000000000  000015e8
       0000000000000008  0000000000000004          5503   8023     4
  [688] .group            GROUP            0000000000000000  000015f0
       0000000000000008  0000000000000004          5503   8024     4
  [689] .group            GROUP            0000000000000000  000015f8
       0000000000000008  0000000000000004          5503   8248     4
  [690] .group            GROUP            0000000000000000  00001600
       0000000000000008  0000000000000004          5503   8025     4
  [691] .group            GROUP            0000000000000000  00001608
       0000000000000008  0000000000000004          5503   8027     4
  [692] .group            GROUP            0000000000000000  00001610
       0000000000000008  0000000000000004          5503   8028     4
  [693] .group            GROUP            0000000000000000  00001618
       0000000000000008  0000000000000004          5503   8029     4
  [694] .group            GROUP            0000000000000000  00001620
       0000000000000008  0000000000000004          5503   8030     4
  [695] .group            GROUP            0000000000000000  00001628
       0000000000000008  0000000000000004          5503   4732     4
  [696] .group            GROUP            0000000000000000  00001630
       0000000000000008  0000000000000004          5503   8035     4
  [697] .group            GROUP            0000000000000000  00001638
       0000000000000008  0000000000000004          5503   8036     4
  [698] .group            GROUP            0000000000000000  00001640
       0000000000000008  0000000000000004          5503   8037     4
  [699] .group            GROUP            0000000000000000  00001648
       0000000000000008  0000000000000004          5503   8040     4
  [700] .group            GROUP            0000000000000000  00001650
       0000000000000008  0000000000000004          5503   4733     4
  [701] .group            GROUP            0000000000000000  00001658
       0000000000000008  0000000000000004          5503   4734     4
  [702] .group            GROUP            0000000000000000  00001660
       0000000000000008  0000000000000004          5503   4735     4
  [703] .group            GROUP            0000000000000000  00001668
       0000000000000008  0000000000000004          5503   4736     4
  [704] .group            GROUP            0000000000000000  00001670
       0000000000000008  0000000000000004          5503   8042     4
  [705] .group            GROUP            0000000000000000  00001678
       0000000000000008  0000000000000004          5503   4737     4
  [706] .group            GROUP            0000000000000000  00001680
       0000000000000008  0000000000000004          5503   4738     4
  [707] .group            GROUP            0000000000000000  00001688
       0000000000000008  0000000000000004          5503   8268     4
  [708] .group            GROUP            0000000000000000  00001690
       0000000000000008  0000000000000004          5503   8048     4
  [709] .group            GROUP            0000000000000000  00001698
       0000000000000008  0000000000000004          5503   8050     4
  [710] .group            GROUP            0000000000000000  000016a0
       0000000000000008  0000000000000004          5503   8051     4
  [711] .group            GROUP            0000000000000000  000016a8
       0000000000000008  0000000000000004          5503   8272     4
  [712] .group            GROUP            0000000000000000  000016b0
       0000000000000008  0000000000000004          5503   8052     4
  [713] .group            GROUP            0000000000000000  000016b8
       0000000000000008  0000000000000004          5503   8054     4
  [714] .group            GROUP            0000000000000000  000016c0
       0000000000000008  0000000000000004          5503   8055     4
  [715] .group            GROUP            0000000000000000  000016c8
       0000000000000008  0000000000000004          5503   8056     4
  [716] .group            GROUP            0000000000000000  000016d0
       0000000000000008  0000000000000004          5503   8057     4
  [717] .group            GROUP            0000000000000000  000016d8
       0000000000000008  0000000000000004          5503   4739     4
  [718] .group            GROUP            0000000000000000  000016e0
       0000000000000008  0000000000000004          5503   8062     4
  [719] .group            GROUP            0000000000000000  000016e8
       0000000000000008  0000000000000004          5503   8063     4
  [720] .group            GROUP            0000000000000000  000016f0
       0000000000000008  0000000000000004          5503   8064     4
  [721] .group            GROUP            0000000000000000  000016f8
       0000000000000008  0000000000000004          5503   8067     4
  [722] .group            GROUP            0000000000000000  00001700
       0000000000000008  0000000000000004          5503   4740     4
  [723] .group            GROUP            0000000000000000  00001708
       0000000000000008  0000000000000004          5503   4741     4
  [724] .group            GROUP            0000000000000000  00001710
       0000000000000008  0000000000000004          5503   4742     4
  [725] .group            GROUP            0000000000000000  00001718
       0000000000000008  0000000000000004          5503   4743     4
  [726] .group            GROUP            0000000000000000  00001720
       0000000000000008  0000000000000004          5503   8069     4
  [727] .group            GROUP            0000000000000000  00001728
       0000000000000008  0000000000000004          5503   4744     4
  [728] .group            GROUP            0000000000000000  00001730
       0000000000000008  0000000000000004          5503   4745     4
  [729] .group            GROUP            0000000000000000  00001738
       0000000000000008  0000000000000004          5503   8292     4
  [730] .group            GROUP            0000000000000000  00001740
       0000000000000008  0000000000000004          5503   8075     4
  [731] .group            GROUP            0000000000000000  00001748
       0000000000000008  0000000000000004          5503   8077     4
  [732] .group            GROUP            0000000000000000  00001750
       0000000000000008  0000000000000004          5503   8078     4
  [733] .group            GROUP            0000000000000000  00001758
       0000000000000008  0000000000000004          5503   8296     4
  [734] .group            GROUP            0000000000000000  00001760
       0000000000000008  0000000000000004          5503   8079     4
  [735] .group            GROUP            0000000000000000  00001768
       0000000000000008  0000000000000004          5503   8081     4
  [736] .group            GROUP            0000000000000000  00001770
       0000000000000008  0000000000000004          5503   8082     4
  [737] .group            GROUP            0000000000000000  00001778
       0000000000000008  0000000000000004          5503   4746     4
  [738] .group            GROUP            0000000000000000  00001780
       0000000000000008  0000000000000004          5503   8087     4
  [739] .group            GROUP            0000000000000000  00001788
       0000000000000008  0000000000000004          5503   8088     4
  [740] .group            GROUP            0000000000000000  00001790
       0000000000000008  0000000000000004          5503   8089     4
  [741] .group            GROUP            0000000000000000  00001798
       0000000000000008  0000000000000004          5503   8092     4
  [742] .group            GROUP            0000000000000000  000017a0
       0000000000000008  0000000000000004          5503   4747     4
  [743] .group            GROUP            0000000000000000  000017a8
       0000000000000008  0000000000000004          5503   4748     4
  [744] .group            GROUP            0000000000000000  000017b0
       0000000000000008  0000000000000004          5503   4749     4
  [745] .group            GROUP            0000000000000000  000017b8
       0000000000000008  0000000000000004          5503   4750     4
  [746] .group            GROUP            0000000000000000  000017c0
       0000000000000008  0000000000000004          5503   8094     4
  [747] .group            GROUP            0000000000000000  000017c8
       0000000000000008  0000000000000004          5503   4751     4
  [748] .group            GROUP            0000000000000000  000017d0
       0000000000000008  0000000000000004          5503   4752     4
  [749] .group            GROUP            0000000000000000  000017d8
       0000000000000008  0000000000000004          5503   8098     4
  [750] .group            GROUP            0000000000000000  000017e0
       0000000000000008  0000000000000004          5503   8099     4
  [751] .group            GROUP            0000000000000000  000017e8
       0000000000000008  0000000000000004          5503   4753     4
  [752] .group            GROUP            0000000000000000  000017f0
       0000000000000008  0000000000000004          5503   8319     4
  [753] .group            GROUP            0000000000000000  000017f8
       0000000000000008  0000000000000004          5503   8103     4
  [754] .group            GROUP            0000000000000000  00001800
       0000000000000008  0000000000000004          5503   8105     4
  [755] .group            GROUP            0000000000000000  00001808
       0000000000000008  0000000000000004          5503   8106     4
  [756] .group            GROUP            0000000000000000  00001810
       0000000000000008  0000000000000004          5503   4754     4
  [757] .group            GROUP            0000000000000000  00001818
       0000000000000008  0000000000000004          5503   8326     4
  [758] .group            GROUP            0000000000000000  00001820
       0000000000000008  0000000000000004          5503   8110     4
  [759] .group            GROUP            0000000000000000  00001828
       0000000000000008  0000000000000004          5503   8112     4
  [760] .group            GROUP            0000000000000000  00001830
       0000000000000008  0000000000000004          5503   8113     4
  [761] .group            GROUP            0000000000000000  00001838
       0000000000000008  0000000000000004          5503   4755     4
  [762] .group            GROUP            0000000000000000  00001840
       0000000000000008  0000000000000004          5503   8333     4
  [763] .group            GROUP            0000000000000000  00001848
       0000000000000008  0000000000000004          5503   8117     4
  [764] .group            GROUP            0000000000000000  00001850
       0000000000000008  0000000000000004          5503   4756     4
  [765] .group            GROUP            0000000000000000  00001858
       0000000000000008  0000000000000004          5503   8122     4
  [766] .group            GROUP            0000000000000000  00001860
       0000000000000008  0000000000000004          5503   8124     4
  [767] .group            GROUP            0000000000000000  00001868
       0000000000000008  0000000000000004          5503   8125     4
  [768] .group            GROUP            0000000000000000  00001870
       0000000000000008  0000000000000004          5503   4757     4
  [769] .group            GROUP            0000000000000000  00001878
       0000000000000008  0000000000000004          5503   8344     4
  [770] .group            GROUP            0000000000000000  00001880
       0000000000000008  0000000000000004          5503   8129     4
  [771] .group            GROUP            0000000000000000  00001888
       0000000000000008  0000000000000004          5503   8131     4
  [772] .group            GROUP            0000000000000000  00001890
       0000000000000008  0000000000000004          5503   8133     4
  [773] .group            GROUP            0000000000000000  00001898
       0000000000000008  0000000000000004          5503   8350     4
  [774] .group            GROUP            0000000000000000  000018a0
       0000000000000008  0000000000000004          5503   8140     4
  [775] .group            GROUP            0000000000000000  000018a8
       0000000000000008  0000000000000004          5503   8141     4
  [776] .group            GROUP            0000000000000000  000018b0
       0000000000000008  0000000000000004          5503   4758     4
  [777] .group            GROUP            0000000000000000  000018b8
       0000000000000008  0000000000000004          5503   8145     4
  [778] .group            GROUP            0000000000000000  000018c0
       0000000000000008  0000000000000004          5503   8146     4
  [779] .group            GROUP            0000000000000000  000018c8
       0000000000000008  0000000000000004          5503   8147     4
  [780] .group            GROUP            0000000000000000  000018d0
       0000000000000008  0000000000000004          5503   4759     4
  [781] .group            GROUP            0000000000000000  000018d8
       0000000000000008  0000000000000004          5503   8218     4
  [782] .group            GROUP            0000000000000000  000018e0
       0000000000000008  0000000000000004          5503   8219     4
  [783] .group            GROUP            0000000000000000  000018e8
       0000000000000008  0000000000000004          5503   4760     4
  [784] .group            GROUP            0000000000000000  000018f0
       0000000000000008  0000000000000004          5503   8153     4
  [785] .group            GROUP            0000000000000000  000018f8
       0000000000000008  0000000000000004          5503   4761     4
  [786] .group            GROUP            0000000000000000  00001900
       0000000000000008  0000000000000004          5503   8156     4
  [787] .group            GROUP            0000000000000000  00001908
       0000000000000008  0000000000000004          5503   8159     4
  [788] .group            GROUP            0000000000000000  00001910
       0000000000000008  0000000000000004          5503   8160     4
  [789] .group            GROUP            0000000000000000  00001918
       0000000000000008  0000000000000004          5503   8161     4
  [790] .group            GROUP            0000000000000000  00001920
       0000000000000008  0000000000000004          5503   8162     4
  [791] .group            GROUP            0000000000000000  00001928
       0000000000000008  0000000000000004          5503   4762     4
  [792] .group            GROUP            0000000000000000  00001930
       0000000000000008  0000000000000004          5503   8165     4
  [793] .group            GROUP            0000000000000000  00001938
       0000000000000008  0000000000000004          5503   8369     4
  [794] .group            GROUP            0000000000000000  00001940
       0000000000000008  0000000000000004          5503   8166     4
  [795] .group            GROUP            0000000000000000  00001948
       0000000000000008  0000000000000004          5503   8168     4
  [796] .group            GROUP            0000000000000000  00001950
       0000000000000008  0000000000000004          5503   8171     4
  [797] .group            GROUP            0000000000000000  00001958
       0000000000000008  0000000000000004          5503   8172     4
  [798] .group            GROUP            0000000000000000  00001960
       0000000000000008  0000000000000004          5503   8173     4
  [799] .group            GROUP            0000000000000000  00001968
       0000000000000008  0000000000000004          5503   8174     4
  [800] .group            GROUP            0000000000000000  00001970
       0000000000000008  0000000000000004          5503   8176     4
  [801] .group            GROUP            0000000000000000  00001978
       0000000000000008  0000000000000004          5503   8177     4
  [802] .group            GROUP            0000000000000000  00001980
       0000000000000008  0000000000000004          5503   8178     4
  [803] .group            GROUP            0000000000000000  00001988
       0000000000000008  0000000000000004          5503   8180     4
  [804] .group            GROUP            0000000000000000  00001990
       0000000000000008  0000000000000004          5503   4763     4
  [805] .group            GROUP            0000000000000000  00001998
       0000000000000008  0000000000000004          5503   8181     4
  [806] .group            GROUP            0000000000000000  000019a0
       0000000000000008  0000000000000004          5503   8182     4
  [807] .group            GROUP            0000000000000000  000019a8
       0000000000000008  0000000000000004          5503   4764     4
  [808] .group            GROUP            0000000000000000  000019b0
       0000000000000008  0000000000000004          5503   8185     4
  [809] .group            GROUP            0000000000000000  000019b8
       0000000000000008  0000000000000004          5503   4765     4
  [810] .group            GROUP            0000000000000000  000019c0
       0000000000000008  0000000000000004          5503   4766     4
  [811] .group            GROUP            0000000000000000  000019c8
       0000000000000008  0000000000000004          5503   4767     4
  [812] .group            GROUP            0000000000000000  000019d0
       0000000000000008  0000000000000004          5503   8190     4
  [813] .group            GROUP            0000000000000000  000019d8
       0000000000000008  0000000000000004          5503   4768     4
  [814] .group            GROUP            0000000000000000  000019e0
       0000000000000008  0000000000000004          5503   4769     4
  [815] .group            GROUP            0000000000000000  000019e8
       0000000000000008  0000000000000004          5503   8200     4
  [816] .group            GROUP            0000000000000000  000019f0
       0000000000000008  0000000000000004          5503   8402     4
  [817] .group            GROUP            0000000000000000  000019f8
       0000000000000008  0000000000000004          5503   8201     4
  [818] .group            GROUP            0000000000000000  00001a00
       0000000000000008  0000000000000004          5503   8203     4
  [819] .group            GROUP            0000000000000000  00001a08
       0000000000000008  0000000000000004          5503   8205     4
  [820] .group            GROUP            0000000000000000  00001a10
       0000000000000008  0000000000000004          5503   8206     4
  [821] .group            GROUP            0000000000000000  00001a18
       0000000000000008  0000000000000004          5503   8207     4
  [822] .group            GROUP            0000000000000000  00001a20
       0000000000000008  0000000000000004          5503   8208     4
  [823] .group            GROUP            0000000000000000  00001a28
       0000000000000008  0000000000000004          5503   8209     4
  [824] .group            GROUP            0000000000000000  00001a30
       0000000000000008  0000000000000004          5503   8210     4
  [825] .group            GROUP            0000000000000000  00001a38
       0000000000000008  0000000000000004          5503   8211     4
  [826] .group            GROUP            0000000000000000  00001a40
       0000000000000008  0000000000000004          5503   8212     4
  [827] .group            GROUP            0000000000000000  00001a48
       0000000000000008  0000000000000004          5503   8213     4
  [828] .group            GROUP            0000000000000000  00001a50
       0000000000000008  0000000000000004          5503   8214     4
  [829] .group            GROUP            0000000000000000  00001a58
       0000000000000008  0000000000000004          5503   8217     4
  [830] .group            GROUP            0000000000000000  00001a60
       0000000000000008  0000000000000004          5503   8221     4
  [831] .group            GROUP            0000000000000000  00001a68
       0000000000000008  0000000000000004          5503   8222     4
  [832] .group            GROUP            0000000000000000  00001a70
       0000000000000008  0000000000000004          5503   8223     4
  [833] .group            GROUP            0000000000000000  00001a78
       0000000000000008  0000000000000004          5503   8225     4
  [834] .group            GROUP            0000000000000000  00001a80
       0000000000000008  0000000000000004          5503   4770     4
  [835] .group            GROUP            0000000000000000  00001a88
       0000000000000008  0000000000000004          5503   8226     4
  [836] .group            GROUP            0000000000000000  00001a90
       0000000000000008  0000000000000004          5503   8227     4
  [837] .group            GROUP            0000000000000000  00001a98
       0000000000000008  0000000000000004          5503   4771     4
  [838] .group            GROUP            0000000000000000  00001aa0
       0000000000000008  0000000000000004          5503   8230     4
  [839] .group            GROUP            0000000000000000  00001aa8
       0000000000000008  0000000000000004          5503   4772     4
  [840] .group            GROUP            0000000000000000  00001ab0
       0000000000000008  0000000000000004          5503   4773     4
  [841] .group            GROUP            0000000000000000  00001ab8
       0000000000000008  0000000000000004          5503   4774     4
  [842] .group            GROUP            0000000000000000  00001ac0
       0000000000000008  0000000000000004          5503   8235     4
  [843] .group            GROUP            0000000000000000  00001ac8
       0000000000000008  0000000000000004          5503   4775     4
  [844] .group            GROUP            0000000000000000  00001ad0
       0000000000000008  0000000000000004          5503   4776     4
  [845] .group            GROUP            0000000000000000  00001ad8
       0000000000000008  0000000000000004          5503   8243     4
  [846] .group            GROUP            0000000000000000  00001ae0
       0000000000000008  0000000000000004          5503   8245     4
  [847] .group            GROUP            0000000000000000  00001ae8
       0000000000000008  0000000000000004          5503   8246     4
  [848] .group            GROUP            0000000000000000  00001af0
       0000000000000008  0000000000000004          5503   8247     4
  [849] .group            GROUP            0000000000000000  00001af8
       0000000000000008  0000000000000004          5503   8249     4
  [850] .group            GROUP            0000000000000000  00001b00
       0000000000000008  0000000000000004          5503   4777     4
  [851] .group            GROUP            0000000000000000  00001b08
       0000000000000008  0000000000000004          5503   8250     4
  [852] .group            GROUP            0000000000000000  00001b10
       0000000000000008  0000000000000004          5503   8251     4
  [853] .group            GROUP            0000000000000000  00001b18
       0000000000000008  0000000000000004          5503   4778     4
  [854] .group            GROUP            0000000000000000  00001b20
       0000000000000008  0000000000000004          5503   8254     4
  [855] .group            GROUP            0000000000000000  00001b28
       0000000000000008  0000000000000004          5503   4779     4
  [856] .group            GROUP            0000000000000000  00001b30
       0000000000000008  0000000000000004          5503   4780     4
  [857] .group            GROUP            0000000000000000  00001b38
       0000000000000008  0000000000000004          5503   4781     4
  [858] .group            GROUP            0000000000000000  00001b40
       0000000000000008  0000000000000004          5503   8259     4
  [859] .group            GROUP            0000000000000000  00001b48
       0000000000000008  0000000000000004          5503   4782     4
  [860] .group            GROUP            0000000000000000  00001b50
       0000000000000008  0000000000000004          5503   4783     4
  [861] .group            GROUP            0000000000000000  00001b58
       0000000000000008  0000000000000004          5503   8267     4
  [862] .group            GROUP            0000000000000000  00001b60
       0000000000000008  0000000000000004          5503   8269     4
  [863] .group            GROUP            0000000000000000  00001b68
       0000000000000008  0000000000000004          5503   8270     4
  [864] .group            GROUP            0000000000000000  00001b70
       0000000000000008  0000000000000004          5503   8271     4
  [865] .group            GROUP            0000000000000000  00001b78
       0000000000000008  0000000000000004          5503   8273     4
  [866] .group            GROUP            0000000000000000  00001b80
       0000000000000008  0000000000000004          5503   4784     4
  [867] .group            GROUP            0000000000000000  00001b88
       0000000000000008  0000000000000004          5503   8274     4
  [868] .group            GROUP            0000000000000000  00001b90
       0000000000000008  0000000000000004          5503   8275     4
  [869] .group            GROUP            0000000000000000  00001b98
       0000000000000008  0000000000000004          5503   4785     4
  [870] .group            GROUP            0000000000000000  00001ba0
       0000000000000008  0000000000000004          5503   8278     4
  [871] .group            GROUP            0000000000000000  00001ba8
       0000000000000008  0000000000000004          5503   4786     4
  [872] .group            GROUP            0000000000000000  00001bb0
       0000000000000008  0000000000000004          5503   4787     4
  [873] .group            GROUP            0000000000000000  00001bb8
       0000000000000008  0000000000000004          5503   4788     4
  [874] .group            GROUP            0000000000000000  00001bc0
       0000000000000008  0000000000000004          5503   8283     4
  [875] .group            GROUP            0000000000000000  00001bc8
       0000000000000008  0000000000000004          5503   4789     4
  [876] .group            GROUP            0000000000000000  00001bd0
       0000000000000008  0000000000000004          5503   4790     4
  [877] .group            GROUP            0000000000000000  00001bd8
       0000000000000008  0000000000000004          5503   8291     4
  [878] .group            GROUP            0000000000000000  00001be0
       0000000000000008  0000000000000004          5503   8293     4
  [879] .group            GROUP            0000000000000000  00001be8
       0000000000000008  0000000000000004          5503   8294     4
  [880] .group            GROUP            0000000000000000  00001bf0
       0000000000000008  0000000000000004          5503   8295     4
  [881] .group            GROUP            0000000000000000  00001bf8
       0000000000000008  0000000000000004          5503   8297     4
  [882] .group            GROUP            0000000000000000  00001c00
       0000000000000008  0000000000000004          5503   4791     4
  [883] .group            GROUP            0000000000000000  00001c08
       0000000000000008  0000000000000004          5503   8298     4
  [884] .group            GROUP            0000000000000000  00001c10
       0000000000000008  0000000000000004          5503   8299     4
  [885] .group            GROUP            0000000000000000  00001c18
       0000000000000008  0000000000000004          5503   4792     4
  [886] .group            GROUP            0000000000000000  00001c20
       0000000000000008  0000000000000004          5503   8302     4
  [887] .group            GROUP            0000000000000000  00001c28
       0000000000000008  0000000000000004          5503   4793     4
  [888] .group            GROUP            0000000000000000  00001c30
       0000000000000008  0000000000000004          5503   4794     4
  [889] .group            GROUP            0000000000000000  00001c38
       0000000000000008  0000000000000004          5503   4795     4
  [890] .group            GROUP            0000000000000000  00001c40
       0000000000000008  0000000000000004          5503   8307     4
  [891] .group            GROUP            0000000000000000  00001c48
       0000000000000008  0000000000000004          5503   4796     4
  [892] .group            GROUP            0000000000000000  00001c50
       0000000000000008  0000000000000004          5503   4797     4
  [893] .group            GROUP            0000000000000000  00001c58
       0000000000000008  0000000000000004          5503   8315     4
  [894] .group            GROUP            0000000000000000  00001c60
       0000000000000008  0000000000000004          5503   8316     4
  [895] .group            GROUP            0000000000000000  00001c68
       0000000000000008  0000000000000004          5503   8317     4
  [896] .group            GROUP            0000000000000000  00001c70
       0000000000000008  0000000000000004          5503   8320     4
  [897] .group            GROUP            0000000000000000  00001c78
       0000000000000008  0000000000000004          5503   8321     4
  [898] .group            GROUP            0000000000000000  00001c80
       0000000000000008  0000000000000004          5503   8322     4
  [899] .group            GROUP            0000000000000000  00001c88
       0000000000000008  0000000000000004          5503   8323     4
  [900] .group            GROUP            0000000000000000  00001c90
       0000000000000008  0000000000000004          5503   8324     4
  [901] .group            GROUP            0000000000000000  00001c98
       0000000000000008  0000000000000004          5503   8327     4
  [902] .group            GROUP            0000000000000000  00001ca0
       0000000000000008  0000000000000004          5503   8328     4
  [903] .group            GROUP            0000000000000000  00001ca8
       0000000000000008  0000000000000004          5503   8329     4
  [904] .group            GROUP            0000000000000000  00001cb0
       0000000000000008  0000000000000004          5503   8330     4
  [905] .group            GROUP            0000000000000000  00001cb8
       0000000000000008  0000000000000004          5503   8331     4
  [906] .group            GROUP            0000000000000000  00001cc0
       0000000000000008  0000000000000004          5503   8334     4
  [907] .group            GROUP            0000000000000000  00001cc8
       0000000000000008  0000000000000004          5503   8335     4
  [908] .group            GROUP            0000000000000000  00001cd0
       0000000000000008  0000000000000004          5503   8336     4
  [909] .group            GROUP            0000000000000000  00001cd8
       0000000000000008  0000000000000004          5503   8338     4
  [910] .group            GROUP            0000000000000000  00001ce0
       0000000000000008  0000000000000004          5503   8339     4
  [911] .group            GROUP            0000000000000000  00001ce8
       0000000000000008  0000000000000004          5503   8340     4
  [912] .group            GROUP            0000000000000000  00001cf0
       0000000000000008  0000000000000004          5503   8341     4
  [913] .group            GROUP            0000000000000000  00001cf8
       0000000000000008  0000000000000004          5503   8342     4
  [914] .group            GROUP            0000000000000000  00001d00
       0000000000000008  0000000000000004          5503   8345     4
  [915] .group            GROUP            0000000000000000  00001d08
       0000000000000008  0000000000000004          5503   8346     4
  [916] .group            GROUP            0000000000000000  00001d10
       0000000000000008  0000000000000004          5503   8347     4
  [917] .group            GROUP            0000000000000000  00001d18
       0000000000000008  0000000000000004          5503   8348     4
  [918] .group            GROUP            0000000000000000  00001d20
       0000000000000008  0000000000000004          5503   8349     4
  [919] .group            GROUP            0000000000000000  00001d28
       0000000000000008  0000000000000004          5503   8351     4
  [920] .group            GROUP            0000000000000000  00001d30
       0000000000000008  0000000000000004          5503   4798     4
  [921] .group            GROUP            0000000000000000  00001d38
       0000000000000008  0000000000000004          5503   8352     4
  [922] .group            GROUP            0000000000000000  00001d40
       0000000000000008  0000000000000004          5503   8353     4
  [923] .group            GROUP            0000000000000000  00001d48
       0000000000000008  0000000000000004          5503   8549     4
  [924] .group            GROUP            0000000000000000  00001d50
       0000000000000008  0000000000000004          5503   8550     4
  [925] .group            GROUP            0000000000000000  00001d58
       0000000000000008  0000000000000004          5503   8360     4
  [926] .group            GROUP            0000000000000000  00001d60
       0000000000000008  0000000000000004          5503   8361     4
  [927] .group            GROUP            0000000000000000  00001d68
       0000000000000008  0000000000000004          5503   8362     4
  [928] .group            GROUP            0000000000000000  00001d70
       0000000000000008  0000000000000004          5503   4799     4
  [929] .group            GROUP            0000000000000000  00001d78
       0000000000000008  0000000000000004          5503   8368     4
  [930] .group            GROUP            0000000000000000  00001d80
       0000000000000008  0000000000000004          5503   8373     4
  [931] .group            GROUP            0000000000000000  00001d88
       0000000000000008  0000000000000004          5503   8375     4
  [932] .group            GROUP            0000000000000000  00001d90
       0000000000000008  0000000000000004          5503   8376     4
  [933] .group            GROUP            0000000000000000  00001d98
       0000000000000008  0000000000000004          5503   8377     4
  [934] .group            GROUP            0000000000000000  00001da0
       0000000000000008  0000000000000004          5503   8379     4
  [935] .group            GROUP            0000000000000000  00001da8
       0000000000000008  0000000000000004          5503   8380     4
  [936] .group            GROUP            0000000000000000  00001db0
       0000000000000008  0000000000000004          5503   8381     4
  [937] .group            GROUP            0000000000000000  00001db8
       0000000000000008  0000000000000004          5503   8385     4
  [938] .group            GROUP            0000000000000000  00001dc0
       0000000000000008  0000000000000004          5503   8386     4
  [939] .group            GROUP            0000000000000000  00001dc8
       0000000000000008  0000000000000004          5503   4800     4
  [940] .group            GROUP            0000000000000000  00001dd0
       0000000000000008  0000000000000004          5503   8389     4
  [941] .group            GROUP            0000000000000000  00001dd8
       0000000000000008  0000000000000004          5503   8390     4
  [942] .group            GROUP            0000000000000000  00001de0
       0000000000000008  0000000000000004          5503   8569     4
  [943] .group            GROUP            0000000000000000  00001de8
       0000000000000008  0000000000000004          5503   8394     4
  [944] .group            GROUP            0000000000000000  00001df0
       0000000000000008  0000000000000004          5503   8396     4
  [945] .group            GROUP            0000000000000000  00001df8
       0000000000000008  0000000000000004          5503   8397     4
  [946] .group            GROUP            0000000000000000  00001e00
       0000000000000008  0000000000000004          5503   4801     4
  [947] .group            GROUP            0000000000000000  00001e08
       0000000000000008  0000000000000004          5503   4802     4
  [948] .group            GROUP            0000000000000000  00001e10
       0000000000000008  0000000000000004          5503   8403     4
  [949] .group            GROUP            0000000000000000  00001e18
       0000000000000008  0000000000000004          5503   8404     4
  [950] .group            GROUP            0000000000000000  00001e20
       0000000000000008  0000000000000004          5503   8405     4
  [951] .group            GROUP            0000000000000000  00001e28
       0000000000000008  0000000000000004          5503   8406     4
  [952] .group            GROUP            0000000000000000  00001e30
       0000000000000008  0000000000000004          5503   8407     4
  [953] .group            GROUP            0000000000000000  00001e38
       0000000000000008  0000000000000004          5503   8409     4
  [954] .group            GROUP            0000000000000000  00001e40
       0000000000000008  0000000000000004          5503   8408     4
  [955] .group            GROUP            0000000000000000  00001e48
       0000000000000008  0000000000000004          5503   8410     4
  [956] .group            GROUP            0000000000000000  00001e50
       0000000000000008  0000000000000004          5503   8583     4
  [957] .group            GROUP            0000000000000000  00001e58
       0000000000000008  0000000000000004          5503   8411     4
  [958] .group            GROUP            0000000000000000  00001e60
       0000000000000008  0000000000000004          5503   8412     4
  [959] .group            GROUP            0000000000000000  00001e68
       0000000000000008  0000000000000004          5503   8413     4
  [960] .group            GROUP            0000000000000000  00001e70
       0000000000000008  0000000000000004          5503   8415     4
  [961] .group            GROUP            0000000000000000  00001e78
       0000000000000008  0000000000000004          5503   8416     4
  [962] .group            GROUP            0000000000000000  00001e80
       0000000000000008  0000000000000004          5503   8417     4
  [963] .group            GROUP            0000000000000000  00001e88
       0000000000000008  0000000000000004          5503   8421     4
  [964] .group            GROUP            0000000000000000  00001e90
       0000000000000008  0000000000000004          5503   4803     4
  [965] .group            GROUP            0000000000000000  00001e98
       0000000000000008  0000000000000004          5503   8422     4
  [966] .group            GROUP            0000000000000000  00001ea0
       0000000000000008  0000000000000004          5503   4804     4
  [967] .group            GROUP            0000000000000000  00001ea8
       0000000000000008  0000000000000004          5503   8425     4
  [968] .group            GROUP            0000000000000000  00001eb0
       0000000000000008  0000000000000004          5503   8426     4
  [969] .group            GROUP            0000000000000000  00001eb8
       0000000000000008  0000000000000004          5503   8597     4
  [970] .group            GROUP            0000000000000000  00001ec0
       0000000000000008  0000000000000004          5503   8430     4
  [971] .group            GROUP            0000000000000000  00001ec8
       0000000000000008  0000000000000004          5503   8432     4
  [972] .group            GROUP            0000000000000000  00001ed0
       0000000000000008  0000000000000004          5503   8433     4
  [973] .group            GROUP            0000000000000000  00001ed8
       0000000000000008  0000000000000004          5503   4805     4
  [974] .group            GROUP            0000000000000000  00001ee0
       0000000000000008  0000000000000004          5503   4806     4
  [975] .group            GROUP            0000000000000000  00001ee8
       0000000000000008  0000000000000004          5503   8438     4
  [976] .group            GROUP            0000000000000000  00001ef0
       0000000000000008  0000000000000004          5503   8440     4
  [977] .group            GROUP            0000000000000000  00001ef8
       0000000000000008  0000000000000004          5503   8441     4
  [978] .group            GROUP            0000000000000000  00001f00
       0000000000000008  0000000000000004          5503   8442     4
  [979] .group            GROUP            0000000000000000  00001f08
       0000000000000008  0000000000000004          5503   8446     4
  [980] .group            GROUP            0000000000000000  00001f10
       0000000000000008  0000000000000004          5503   4807     4
  [981] .group            GROUP            0000000000000000  00001f18
       0000000000000008  0000000000000004          5503   8447     4
  [982] .group            GROUP            0000000000000000  00001f20
       0000000000000008  0000000000000004          5503   4808     4
  [983] .group            GROUP            0000000000000000  00001f28
       0000000000000008  0000000000000004          5503   8450     4
  [984] .group            GROUP            0000000000000000  00001f30
       0000000000000008  0000000000000004          5503   8451     4
  [985] .group            GROUP            0000000000000000  00001f38
       0000000000000008  0000000000000004          5503   8614     4
  [986] .group            GROUP            0000000000000000  00001f40
       0000000000000008  0000000000000004          5503   8455     4
  [987] .group            GROUP            0000000000000000  00001f48
       0000000000000008  0000000000000004          5503   8457     4
  [988] .group            GROUP            0000000000000000  00001f50
       0000000000000008  0000000000000004          5503   8458     4
  [989] .group            GROUP            0000000000000000  00001f58
       0000000000000008  0000000000000004          5503   4809     4
  [990] .group            GROUP            0000000000000000  00001f60
       0000000000000008  0000000000000004          5503   4810     4
  [991] .group            GROUP            0000000000000000  00001f68
       0000000000000008  0000000000000004          5503   8463     4
  [992] .group            GROUP            0000000000000000  00001f70
       0000000000000008  0000000000000004          5503   8465     4
  [993] .group            GROUP            0000000000000000  00001f78
       0000000000000008  0000000000000004          5503   8466     4
  [994] .group            GROUP            0000000000000000  00001f80
       0000000000000008  0000000000000004          5503   8467     4
  [995] .group            GROUP            0000000000000000  00001f88
       0000000000000008  0000000000000004          5503   8471     4
  [996] .group            GROUP            0000000000000000  00001f90
       0000000000000008  0000000000000004          5503   8472     4
  [997] .group            GROUP            0000000000000000  00001f98
       0000000000000008  0000000000000004          5503   4811     4
  [998] .group            GROUP            0000000000000000  00001fa0
       0000000000000008  0000000000000004          5503   8475     4
  [999] .group            GROUP            0000000000000000  00001fa8
       0000000000000008  0000000000000004          5503   8476     4
  [1000] .group            GROUP            0000000000000000  00001fb0
       0000000000000008  0000000000000004          5503   8629     4
  [1001] .group            GROUP            0000000000000000  00001fb8
       0000000000000008  0000000000000004          5503   8480     4
  [1002] .group            GROUP            0000000000000000  00001fc0
       0000000000000008  0000000000000004          5503   8482     4
  [1003] .group            GROUP            0000000000000000  00001fc8
       0000000000000008  0000000000000004          5503   8483     4
  [1004] .group            GROUP            0000000000000000  00001fd0
       0000000000000008  0000000000000004          5503   4812     4
  [1005] .group            GROUP            0000000000000000  00001fd8
       0000000000000008  0000000000000004          5503   4813     4
  [1006] .group            GROUP            0000000000000000  00001fe0
       0000000000000008  0000000000000004          5503   8488     4
  [1007] .group            GROUP            0000000000000000  00001fe8
       0000000000000008  0000000000000004          5503   8490     4
  [1008] .group            GROUP            0000000000000000  00001ff0
       0000000000000008  0000000000000004          5503   8491     4
  [1009] .group            GROUP            0000000000000000  00001ff8
       0000000000000008  0000000000000004          5503   8492     4
  [1010] .group            GROUP            0000000000000000  00002000
       0000000000000008  0000000000000004          5503   8496     4
  [1011] .group            GROUP            0000000000000000  00002008
       0000000000000008  0000000000000004          5503   8497     4
  [1012] .group            GROUP            0000000000000000  00002010
       0000000000000008  0000000000000004          5503   4814     4
  [1013] .group            GROUP            0000000000000000  00002018
       0000000000000008  0000000000000004          5503   8500     4
  [1014] .group            GROUP            0000000000000000  00002020
       0000000000000008  0000000000000004          5503   8501     4
  [1015] .group            GROUP            0000000000000000  00002028
       0000000000000008  0000000000000004          5503   8644     4
  [1016] .group            GROUP            0000000000000000  00002030
       0000000000000008  0000000000000004          5503   8505     4
  [1017] .group            GROUP            0000000000000000  00002038
       0000000000000008  0000000000000004          5503   8507     4
  [1018] .group            GROUP            0000000000000000  00002040
       0000000000000008  0000000000000004          5503   8508     4
  [1019] .group            GROUP            0000000000000000  00002048
       0000000000000008  0000000000000004          5503   4815     4
  [1020] .group            GROUP            0000000000000000  00002050
       0000000000000008  0000000000000004          5503   4816     4
  [1021] .group            GROUP            0000000000000000  00002058
       0000000000000008  0000000000000004          5503   8515     4
  [1022] .group            GROUP            0000000000000000  00002060
       0000000000000008  0000000000000004          5503   8517     4
  [1023] .group            GROUP            0000000000000000  00002068
       0000000000000008  0000000000000004          5503   8518     4
  [1024] .group            GROUP            0000000000000000  00002070
       0000000000000008  0000000000000004          5503   8521     4
  [1025] .group            GROUP            0000000000000000  00002078
       0000000000000008  0000000000000004          5503   8523     4
  [1026] .group            GROUP            0000000000000000  00002080
       0000000000000008  0000000000000004          5503   8524     4
  [1027] .group            GROUP            0000000000000000  00002088
       0000000000000008  0000000000000004          5503   8527     4
  [1028] .group            GROUP            0000000000000000  00002090
       0000000000000008  0000000000000004          5503   8529     4
  [1029] .group            GROUP            0000000000000000  00002098
       0000000000000008  0000000000000004          5503   8530     4
  [1030] .group            GROUP            0000000000000000  000020a0
       0000000000000008  0000000000000004          5503   8531     4
  [1031] .group            GROUP            0000000000000000  000020a8
       0000000000000008  0000000000000004          5503   8532     4
  [1032] .group            GROUP            0000000000000000  000020b0
       0000000000000008  0000000000000004          5503   8539     4
  [1033] .group            GROUP            0000000000000000  000020b8
       0000000000000008  0000000000000004          5503   8541     4
  [1034] .group            GROUP            0000000000000000  000020c0
       0000000000000008  0000000000000004          5503   8542     4
  [1035] .group            GROUP            0000000000000000  000020c8
       0000000000000008  0000000000000004          5503   8543     4
  [1036] .group            GROUP            0000000000000000  000020d0
       0000000000000008  0000000000000004          5503   8545     4
  [1037] .group            GROUP            0000000000000000  000020d8
       0000000000000008  0000000000000004          5503   8546     4
  [1038] .group            GROUP            0000000000000000  000020e0
       0000000000000008  0000000000000004          5503   8587     4
  [1039] .group            GROUP            0000000000000000  000020e8
       0000000000000008  0000000000000004          5503   8551     4
  [1040] .group            GROUP            0000000000000000  000020f0
       0000000000000008  0000000000000004          5503   8552     4
  [1041] .group            GROUP            0000000000000000  000020f8
       0000000000000008  0000000000000004          5503   8553     4
  [1042] .group            GROUP            0000000000000000  00002100
       0000000000000008  0000000000000004          5503   8554     4
  [1043] .group            GROUP            0000000000000000  00002108
       0000000000000008  0000000000000004          5503   8555     4
  [1044] .group            GROUP            0000000000000000  00002110
       0000000000000008  0000000000000004          5503   8363     4
  [1045] .group            GROUP            0000000000000000  00002118
       0000000000000008  0000000000000004          5503   8364     4
  [1046] .group            GROUP            0000000000000000  00002120
       0000000000000008  0000000000000004          5503   8365     4
  [1047] .group            GROUP            0000000000000000  00002128
       0000000000000008  0000000000000004          5503   8558     4
  [1048] .group            GROUP            0000000000000000  00002130
       0000000000000008  0000000000000004          5503   8370     4
  [1049] .group            GROUP            0000000000000000  00002138
       0000000000000008  0000000000000004          5503   8371     4
  [1050] .group            GROUP            0000000000000000  00002140
       0000000000000008  0000000000000004          5503   8372     4
  [1051] .group            GROUP            0000000000000000  00002148
       0000000000000008  0000000000000004          5503   8559     4
  [1052] .group            GROUP            0000000000000000  00002150
       0000000000000008  0000000000000004          5503   8560     4
  [1053] .group            GROUP            0000000000000000  00002158
       0000000000000008  0000000000000004          5503   8561     4
  [1054] .group            GROUP            0000000000000000  00002160
       0000000000000008  0000000000000004          5503   8562     4
  [1055] .group            GROUP            0000000000000000  00002168
       0000000000000008  0000000000000004          5503   8563     4
  [1056] .group            GROUP            0000000000000000  00002170
       0000000000000008  0000000000000004          5503   8564     4
  [1057] .group            GROUP            0000000000000000  00002178
       0000000000000008  0000000000000004          5503   8565     4
  [1058] .group            GROUP            0000000000000000  00002180
       0000000000000008  0000000000000004          5503   4817     4
  [1059] .group            GROUP            0000000000000000  00002188
       0000000000000008  0000000000000004          5503   4818     4
  [1060] .group            GROUP            0000000000000000  00002190
       0000000000000008  0000000000000004          5503   8570     4
  [1061] .group            GROUP            0000000000000000  00002198
       0000000000000008  0000000000000004          5503   8571     4
  [1062] .group            GROUP            0000000000000000  000021a0
       0000000000000008  0000000000000004          5503   8572     4
  [1063] .group            GROUP            0000000000000000  000021a8
       0000000000000008  0000000000000004          5503   8573     4
  [1064] .group            GROUP            0000000000000000  000021b0
       0000000000000008  0000000000000004          5503   8575     4
  [1065] .group            GROUP            0000000000000000  000021b8
       0000000000000008  0000000000000004          5503   8577     4
  [1066] .group            GROUP            0000000000000000  000021c0
       0000000000000008  0000000000000004          5503   8580     4
  [1067] .group            GROUP            0000000000000000  000021c8
       0000000000000008  0000000000000004          5503   8578     4
  [1068] .group            GROUP            0000000000000000  000021d0
       0000000000000008  0000000000000004          5503   8579     4
  [1069] .group            GROUP            0000000000000000  000021d8
       0000000000000008  0000000000000004          5503   8581     4
  [1070] .group            GROUP            0000000000000000  000021e0
       0000000000000008  0000000000000004          5503   8582     4
  [1071] .group            GROUP            0000000000000000  000021e8
       0000000000000008  0000000000000004          5503   8585     4
  [1072] .group            GROUP            0000000000000000  000021f0
       0000000000000008  0000000000000004          5503   8586     4
  [1073] .group            GROUP            0000000000000000  000021f8
       0000000000000008  0000000000000004          5503   8588     4
  [1074] .group            GROUP            0000000000000000  00002200
       0000000000000008  0000000000000004          5503   8589     4
  [1075] .group            GROUP            0000000000000000  00002208
       0000000000000008  0000000000000004          5503   8590     4
  [1076] .group            GROUP            0000000000000000  00002210
       0000000000000008  0000000000000004          5503   8593     4
  [1077] .group            GROUP            0000000000000000  00002218
       0000000000000008  0000000000000004          5503   4819     4
  [1078] .group            GROUP            0000000000000000  00002220
       0000000000000008  0000000000000004          5503   4820     4
  [1079] .group            GROUP            0000000000000000  00002228
       0000000000000008  0000000000000004          5503   8598     4
  [1080] .group            GROUP            0000000000000000  00002230
       0000000000000008  0000000000000004          5503   8599     4
  [1081] .group            GROUP            0000000000000000  00002238
       0000000000000008  0000000000000004          5503   8600     4
  [1082] .group            GROUP            0000000000000000  00002240
       0000000000000008  0000000000000004          5503   8601     4
  [1083] .group            GROUP            0000000000000000  00002248
       0000000000000008  0000000000000004          5503   8603     4
  [1084] .group            GROUP            0000000000000000  00002250
       0000000000000008  0000000000000004          5503   8605     4
  [1085] .group            GROUP            0000000000000000  00002258
       0000000000000008  0000000000000004          5503   8606     4
  [1086] .group            GROUP            0000000000000000  00002260
       0000000000000008  0000000000000004          5503   8607     4
  [1087] .group            GROUP            0000000000000000  00002268
       0000000000000008  0000000000000004          5503   8610     4
  [1088] .group            GROUP            0000000000000000  00002270
       0000000000000008  0000000000000004          5503   4821     4
  [1089] .group            GROUP            0000000000000000  00002278
       0000000000000008  0000000000000004          5503   4822     4
  [1090] .group            GROUP            0000000000000000  00002280
       0000000000000008  0000000000000004          5503   8615     4
  [1091] .group            GROUP            0000000000000000  00002288
       0000000000000008  0000000000000004          5503   8616     4
  [1092] .group            GROUP            0000000000000000  00002290
       0000000000000008  0000000000000004          5503   8617     4
  [1093] .group            GROUP            0000000000000000  00002298
       0000000000000008  0000000000000004          5503   8618     4
  [1094] .group            GROUP            0000000000000000  000022a0
       0000000000000008  0000000000000004          5503   8620     4
  [1095] .group            GROUP            0000000000000000  000022a8
       0000000000000008  0000000000000004          5503   8622     4
  [1096] .group            GROUP            0000000000000000  000022b0
       0000000000000008  0000000000000004          5503   8623     4
  [1097] .group            GROUP            0000000000000000  000022b8
       0000000000000008  0000000000000004          5503   8624     4
  [1098] .group            GROUP            0000000000000000  000022c0
       0000000000000008  0000000000000004          5503   8625     4
  [1099] .group            GROUP            0000000000000000  000022c8
       0000000000000008  0000000000000004          5503   4823     4
  [1100] .group            GROUP            0000000000000000  000022d0
       0000000000000008  0000000000000004          5503   4824     4
  [1101] .group            GROUP            0000000000000000  000022d8
       0000000000000008  0000000000000004          5503   8630     4
  [1102] .group            GROUP            0000000000000000  000022e0
       0000000000000008  0000000000000004          5503   8631     4
  [1103] .group            GROUP            0000000000000000  000022e8
       0000000000000008  0000000000000004          5503   8632     4
  [1104] .group            GROUP            0000000000000000  000022f0
       0000000000000008  0000000000000004          5503   8633     4
  [1105] .group            GROUP            0000000000000000  000022f8
       0000000000000008  0000000000000004          5503   8635     4
  [1106] .group            GROUP            0000000000000000  00002300
       0000000000000008  0000000000000004          5503   8637     4
  [1107] .group            GROUP            0000000000000000  00002308
       0000000000000008  0000000000000004          5503   8638     4
  [1108] .group            GROUP            0000000000000000  00002310
       0000000000000008  0000000000000004          5503   8639     4
  [1109] .group            GROUP            0000000000000000  00002318
       0000000000000008  0000000000000004          5503   8640     4
  [1110] .group            GROUP            0000000000000000  00002320
       0000000000000008  0000000000000004          5503   4825     4
  [1111] .group            GROUP            0000000000000000  00002328
       0000000000000008  0000000000000004          5503   4826     4
  [1112] .group            GROUP            0000000000000000  00002330
       0000000000000008  0000000000000004          5503   8645     4
  [1113] .group            GROUP            0000000000000000  00002338
       0000000000000008  0000000000000004          5503   8646     4
  [1114] .group            GROUP            0000000000000000  00002340
       0000000000000008  0000000000000004          5503   8647     4
  [1115] .group            GROUP            0000000000000000  00002348
       0000000000000008  0000000000000004          5503   8648     4
  [1116] .group            GROUP            0000000000000000  00002350
       0000000000000008  0000000000000004          5503   8650     4
  [1117] .group            GROUP            0000000000000000  00002358
       0000000000000008  0000000000000004          5503   8513     4
  [1118] .group            GROUP            0000000000000000  00002360
       0000000000000008  0000000000000004          5503   8514     4
  [1119] .group            GROUP            0000000000000000  00002368
       0000000000000008  0000000000000004          5503   8652     4
  [1120] .group            GROUP            0000000000000000  00002370
       0000000000000008  0000000000000004          5503   8653     4
  [1121] .group            GROUP            0000000000000000  00002378
       0000000000000008  0000000000000004          5503   8654     4
  [1122] .group            GROUP            0000000000000000  00002380
       0000000000000008  0000000000000004          5503   8519     4
  [1123] .group            GROUP            0000000000000000  00002388
       0000000000000008  0000000000000004          5503   8520     4
  [1124] .group            GROUP            0000000000000000  00002390
       0000000000000008  0000000000000004          5503   8655     4
  [1125] .group            GROUP            0000000000000000  00002398
       0000000000000008  0000000000000004          5503   8656     4
  [1126] .group            GROUP            0000000000000000  000023a0
       0000000000000008  0000000000000004          5503   8657     4
  [1127] .group            GROUP            0000000000000000  000023a8
       0000000000000008  0000000000000004          5503   8525     4
  [1128] .group            GROUP            0000000000000000  000023b0
       0000000000000008  0000000000000004          5503   8526     4
  [1129] .group            GROUP            0000000000000000  000023b8
       0000000000000008  0000000000000004          5503   8658     4
  [1130] .group            GROUP            0000000000000000  000023c0
       0000000000000008  0000000000000004          5503   8659     4
  [1131] .group            GROUP            0000000000000000  000023c8
       0000000000000008  0000000000000004          5503   8660     4
  [1132] .group            GROUP            0000000000000000  000023d0
       0000000000000008  0000000000000004          5503   8661     4
  [1133] .group            GROUP            0000000000000000  000023d8
       0000000000000008  0000000000000004          5503   8533     4
  [1134] .group            GROUP            0000000000000000  000023e0
       0000000000000008  0000000000000004          5503   8534     4
  [1135] .group            GROUP            0000000000000000  000023e8
       0000000000000008  0000000000000004          5503   8535     4
  [1136] .group            GROUP            0000000000000000  000023f0
       0000000000000008  0000000000000004          5503   8536     4
  [1137] .group            GROUP            0000000000000000  000023f8
       0000000000000008  0000000000000004          5503   8537     4
  [1138] .group            GROUP            0000000000000000  00002400
       0000000000000008  0000000000000004          5503   8538     4
  [1139] .group            GROUP            0000000000000000  00002408
       0000000000000008  0000000000000004          5503   8662     4
  [1140] .group            GROUP            0000000000000000  00002410
       0000000000000008  0000000000000004          5503   8663     4
  [1141] .group            GROUP            0000000000000000  00002418
       0000000000000008  0000000000000004          5503   8664     4
  [1142] .group            GROUP            0000000000000000  00002420
       0000000000000008  0000000000000004          5503   8666     4
  [1143] .group            GROUP            0000000000000000  00002428
       0000000000000008  0000000000000004          5503   8667     4
  [1144] .group            GROUP            0000000000000000  00002430
       0000000000000008  0000000000000004          5503   8668     4
  [1145] .group            GROUP            0000000000000000  00002438
       0000000000000008  0000000000000004          5503   8669     4
  [1146] .group            GROUP            0000000000000000  00002440
       0000000000000008  0000000000000004          5503   8670     4
  [1147] .group            GROUP            0000000000000000  00002448
       0000000000000008  0000000000000004          5503   8672     4
  [1148] .group            GROUP            0000000000000000  00002450
       0000000000000008  0000000000000004          5503   8673     4
  [1149] .group            GROUP            0000000000000000  00002458
       0000000000000008  0000000000000004          5503   8674     4
  [1150] .group            GROUP            0000000000000000  00002460
       0000000000000008  0000000000000004          5503   8675     4
  [1151] .group            GROUP            0000000000000000  00002468
       0000000000000008  0000000000000004          5503   8676     4
  [1152] .group            GROUP            0000000000000000  00002470
       0000000000000008  0000000000000004          5503   8677     4
  [1153] .group            GROUP            0000000000000000  00002478
       0000000000000008  0000000000000004          5503   8678     4
  [1154] .group            GROUP            0000000000000000  00002480
       0000000000000008  0000000000000004          5503   4827     4
  [1155] .group            GROUP            0000000000000000  00002488
       0000000000000008  0000000000000004          5503   8680     4
  [1156] .group            GROUP            0000000000000000  00002490
       0000000000000008  0000000000000004          5503   8681     4
  [1157] .group            GROUP            0000000000000000  00002498
       0000000000000008  0000000000000004          5503   4828     4
  [1158] .group            GROUP            0000000000000000  000024a0
       0000000000000008  0000000000000004          5503   8683     4
  [1159] .group            GROUP            0000000000000000  000024a8
       0000000000000008  0000000000000004          5503   4829     4
  [1160] .group            GROUP            0000000000000000  000024b0
       000000000000000c  0000000000000004          5503   4830     4
  [1161] .group            GROUP            0000000000000000  000024bc
       0000000000000008  0000000000000004          5503   8688     4
  [1162] .group            GROUP            0000000000000000  000024c4
       0000000000000008  0000000000000004          5503   8690     4
  [1163] .group            GROUP            0000000000000000  000024cc
       0000000000000008  0000000000000004          5503   8692     4
  [1164] .group            GROUP            0000000000000000  000024d4
       0000000000000008  0000000000000004          5503   8693     4
  [1165] .group            GROUP            0000000000000000  000024dc
       0000000000000008  0000000000000004          5503   8694     4
  [1166] .group            GROUP            0000000000000000  000024e4
       0000000000000008  0000000000000004          5503   8696     4
  [1167] .group            GROUP            0000000000000000  000024ec
       0000000000000008  0000000000000004          5503   8698     4
  [1168] .group            GROUP            0000000000000000  000024f4
       0000000000000008  0000000000000004          5503   4831     4
  [1169] .group            GROUP            0000000000000000  000024fc
       0000000000000008  0000000000000004          5503   8700     4
  [1170] .group            GROUP            0000000000000000  00002504
       0000000000000008  0000000000000004          5503   8701     4
  [1171] .group            GROUP            0000000000000000  0000250c
       0000000000000008  0000000000000004          5503   4832     4
  [1172] .group            GROUP            0000000000000000  00002514
       0000000000000008  0000000000000004          5503   8703     4
  [1173] .group            GROUP            0000000000000000  0000251c
       0000000000000008  0000000000000004          5503   4833     4
  [1174] .group            GROUP            0000000000000000  00002524
       000000000000000c  0000000000000004          5503   4834     4
  [1175] .group            GROUP            0000000000000000  00002530
       0000000000000008  0000000000000004          5503   8708     4
  [1176] .group            GROUP            0000000000000000  00002538
       0000000000000008  0000000000000004          5503   8710     4
  [1177] .group            GROUP            0000000000000000  00002540
       0000000000000008  0000000000000004          5503   8712     4
  [1178] .group            GROUP            0000000000000000  00002548
       0000000000000008  0000000000000004          5503   8713     4
  [1179] .group            GROUP            0000000000000000  00002550
       0000000000000008  0000000000000004          5503   8714     4
  [1180] .group            GROUP            0000000000000000  00002558
       0000000000000008  0000000000000004          5503   8715     4
  [1181] .group            GROUP            0000000000000000  00002560
       0000000000000008  0000000000000004          5503   4835     4
  [1182] .group            GROUP            0000000000000000  00002568
       0000000000000008  0000000000000004          5503   8717     4
  [1183] .group            GROUP            0000000000000000  00002570
       0000000000000008  0000000000000004          5503   8718     4
  [1184] .group            GROUP            0000000000000000  00002578
       0000000000000008  0000000000000004          5503   4836     4
  [1185] .group            GROUP            0000000000000000  00002580
       0000000000000008  0000000000000004          5503   8720     4
  [1186] .group            GROUP            0000000000000000  00002588
       0000000000000008  0000000000000004          5503   4837     4
  [1187] .group            GROUP            0000000000000000  00002590
       000000000000000c  0000000000000004          5503   4838     4
  [1188] .group            GROUP            0000000000000000  0000259c
       0000000000000008  0000000000000004          5503   8725     4
  [1189] .group            GROUP            0000000000000000  000025a4
       0000000000000008  0000000000000004          5503   8727     4
  [1190] .group            GROUP            0000000000000000  000025ac
       0000000000000008  0000000000000004          5503   8729     4
  [1191] .group            GROUP            0000000000000000  000025b4
       0000000000000008  0000000000000004          5503   8730     4
  [1192] .group            GROUP            0000000000000000  000025bc
       0000000000000008  0000000000000004          5503   8731     4
  [1193] .group            GROUP            0000000000000000  000025c4
       0000000000000008  0000000000000004          5503   8732     4
  [1194] .group            GROUP            0000000000000000  000025cc
       0000000000000008  0000000000000004          5503   4839     4
  [1195] .group            GROUP            0000000000000000  000025d4
       0000000000000008  0000000000000004          5503   8734     4
  [1196] .group            GROUP            0000000000000000  000025dc
       0000000000000008  0000000000000004          5503   8735     4
  [1197] .group            GROUP            0000000000000000  000025e4
       0000000000000008  0000000000000004          5503   8736     4
  [1198] .group            GROUP            0000000000000000  000025ec
       0000000000000008  0000000000000004          5503   4840     4
  [1199] .group            GROUP            0000000000000000  000025f4
       000000000000000c  0000000000000004          5503   4841     4
  [1200] .group            GROUP            0000000000000000  00002600
       0000000000000008  0000000000000004          5503   8741     4
  [1201] .group            GROUP            0000000000000000  00002608
       0000000000000008  0000000000000004          5503   8743     4
  [1202] .group            GROUP            0000000000000000  00002610
       0000000000000008  0000000000000004          5503   8745     4
  [1203] .group            GROUP            0000000000000000  00002618
       0000000000000008  0000000000000004          5503   8746     4
  [1204] .group            GROUP            0000000000000000  00002620
       0000000000000008  0000000000000004          5503   8747     4
  [1205] .group            GROUP            0000000000000000  00002628
       0000000000000008  0000000000000004          5503   8748     4
  [1206] .group            GROUP            0000000000000000  00002630
       0000000000000008  0000000000000004          5503   4842     4
  [1207] .group            GROUP            0000000000000000  00002638
       0000000000000008  0000000000000004          5503   8750     4
  [1208] .group            GROUP            0000000000000000  00002640
       0000000000000008  0000000000000004          5503   8751     4
  [1209] .group            GROUP            0000000000000000  00002648
       0000000000000008  0000000000000004          5503   4843     4
  [1210] .group            GROUP            0000000000000000  00002650
       0000000000000008  0000000000000004          5503   8753     4
  [1211] .group            GROUP            0000000000000000  00002658
       0000000000000008  0000000000000004          5503   4844     4
  [1212] .group            GROUP            0000000000000000  00002660
       000000000000000c  0000000000000004          5503   4845     4
  [1213] .group            GROUP            0000000000000000  0000266c
       0000000000000008  0000000000000004          5503   8758     4
  [1214] .group            GROUP            0000000000000000  00002674
       0000000000000008  0000000000000004          5503   8760     4
  [1215] .group            GROUP            0000000000000000  0000267c
       0000000000000008  0000000000000004          5503   8762     4
  [1216] .group            GROUP            0000000000000000  00002684
       0000000000000008  0000000000000004          5503   8763     4
  [1217] .group            GROUP            0000000000000000  0000268c
       0000000000000008  0000000000000004          5503   8764     4
  [1218] .group            GROUP            0000000000000000  00002694
       0000000000000008  0000000000000004          5503   8765     4
  [1219] .group            GROUP            0000000000000000  0000269c
       0000000000000008  0000000000000004          5503   8766     4
  [1220] .group            GROUP            0000000000000000  000026a4
       0000000000000008  0000000000000004          5503   8767     4
  [1221] .group            GROUP            0000000000000000  000026ac
       0000000000000008  0000000000000004          5503   8768     4
  [1222] .group            GROUP            0000000000000000  000026b4
       0000000000000008  0000000000000004          5503   8769     4
  [1223] .group            GROUP            0000000000000000  000026bc
       0000000000000008  0000000000000004          5503   8770     4
  [1224] .group            GROUP            0000000000000000  000026c4
       0000000000000008  0000000000000004          5503   8771     4
  [1225] .group            GROUP            0000000000000000  000026cc
       0000000000000008  0000000000000004          5503   8772     4
  [1226] .group            GROUP            0000000000000000  000026d4
       0000000000000008  0000000000000004          5503   8773     4
  [1227] .group            GROUP            0000000000000000  000026dc
       0000000000000008  0000000000000004          5503   8774     4
  [1228] .group            GROUP            0000000000000000  000026e4
       0000000000000008  0000000000000004          5503   8775     4
  [1229] .group            GROUP            0000000000000000  000026ec
       0000000000000008  0000000000000004          5503   8776     4
  [1230] .group            GROUP            0000000000000000  000026f4
       0000000000000008  0000000000000004          5503   8777     4
  [1231] .group            GROUP            0000000000000000  000026fc
       0000000000000008  0000000000000004          5503   8778     4
  [1232] .group            GROUP            0000000000000000  00002704
       0000000000000008  0000000000000004          5503   8779     4
  [1233] .group            GROUP            0000000000000000  0000270c
       0000000000000008  0000000000000004          5503   8780     4
  [1234] .group            GROUP            0000000000000000  00002714
       0000000000000008  0000000000000004          5503   8781     4
  [1235] .group            GROUP            0000000000000000  0000271c
       0000000000000008  0000000000000004          5503   8782     4
  [1236] .group            GROUP            0000000000000000  00002724
       0000000000000008  0000000000000004          5503   8783     4
  [1237] .group            GROUP            0000000000000000  0000272c
       0000000000000008  0000000000000004          5503   8784     4
  [1238] .group            GROUP            0000000000000000  00002734
       0000000000000008  0000000000000004          5503   8785     4
  [1239] .group            GROUP            0000000000000000  0000273c
       0000000000000008  0000000000000004          5503   8786     4
  [1240] .group            GROUP            0000000000000000  00002744
       0000000000000008  0000000000000004          5503   8788     4
  [1241] .group            GROUP            0000000000000000  0000274c
       0000000000000008  0000000000000004          5503   8789     4
  [1242] .group            GROUP            0000000000000000  00002754
       0000000000000008  0000000000000004          5503   8790     4
  [1243] .group            GROUP            0000000000000000  0000275c
       0000000000000008  0000000000000004          5503   8791     4
  [1244] .group            GROUP            0000000000000000  00002764
       0000000000000008  0000000000000004          5503   4846     4
  [1245] .group            GROUP            0000000000000000  0000276c
       0000000000000008  0000000000000004          5503   8795     4
  [1246] .group            GROUP            0000000000000000  00002774
       0000000000000008  0000000000000004          5503   8797     4
  [1247] .group            GROUP            0000000000000000  0000277c
       0000000000000008  0000000000000004          5503   8802     4
  [1248] .group            GROUP            0000000000000000  00002784
       0000000000000008  0000000000000004          5503   8803     4
  [1249] .group            GROUP            0000000000000000  0000278c
       0000000000000008  0000000000000004          5503   4847     4
  [1250] .group            GROUP            0000000000000000  00002794
       0000000000000008  0000000000000004          5503   8804     4
  [1251] .group            GROUP            0000000000000000  0000279c
       0000000000000008  0000000000000004          5503   4848     4
  [1252] .group            GROUP            0000000000000000  000027a4
       0000000000000008  0000000000000004          5503   8808     4
  [1253] .group            GROUP            0000000000000000  000027ac
       0000000000000008  0000000000000004          5503   8814     4
  [1254] .group            GROUP            0000000000000000  000027b4
       0000000000000008  0000000000000004          5503   8815     4
  [1255] .group            GROUP            0000000000000000  000027bc
       0000000000000008  0000000000000004          5503   4849     4
  [1256] .group            GROUP            0000000000000000  000027c4
       0000000000000008  0000000000000004          5503   8818     4
  [1257] .group            GROUP            0000000000000000  000027cc
       0000000000000008  0000000000000004          5503   8824     4
  [1258] .group            GROUP            0000000000000000  000027d4
       0000000000000008  0000000000000004          5503   8825     4
  [1259] .group            GROUP            0000000000000000  000027dc
       0000000000000008  0000000000000004          5503   4850     4
  [1260] .group            GROUP            0000000000000000  000027e4
       0000000000000008  0000000000000004          5503   8828     4
  [1261] .group            GROUP            0000000000000000  000027ec
       0000000000000008  0000000000000004          5503   8833     4
  [1262] .group            GROUP            0000000000000000  000027f4
       0000000000000008  0000000000000004          5503   8834     4
  [1263] .group            GROUP            0000000000000000  000027fc
       0000000000000008  0000000000000004          5503   4851     4
  [1264] .group            GROUP            0000000000000000  00002804
       0000000000000008  0000000000000004          5503   8837     4
  [1265] .group            GROUP            0000000000000000  0000280c
       0000000000000008  0000000000000004          5503   4852     4
  [1266] .group            GROUP            0000000000000000  00002814
       0000000000000008  0000000000000004          5503   8844     4
  [1267] .group            GROUP            0000000000000000  0000281c
       0000000000000008  0000000000000004          5503   8845     4
  [1268] .group            GROUP            0000000000000000  00002824
       0000000000000008  0000000000000004          5503   8846     4
  [1269] .group            GROUP            0000000000000000  0000282c
       0000000000000008  0000000000000004          5503   8847     4
  [1270] .group            GROUP            0000000000000000  00002834
       0000000000000008  0000000000000004          5503   8849     4
  [1271] .group            GROUP            0000000000000000  0000283c
       0000000000000008  0000000000000004          5503   8850     4
  [1272] .group            GROUP            0000000000000000  00002844
       0000000000000008  0000000000000004          5503   8854     4
  [1273] .group            GROUP            0000000000000000  0000284c
       0000000000000008  0000000000000004          5503   8855     4
  [1274] .group            GROUP            0000000000000000  00002854
       0000000000000008  0000000000000004          5503   4853     4
  [1275] .group            GROUP            0000000000000000  0000285c
       0000000000000008  0000000000000004          5503   8858     4
  [1276] .group            GROUP            0000000000000000  00002864
       0000000000000008  0000000000000004          5503   8859     4
  [1277] .group            GROUP            0000000000000000  0000286c
       0000000000000008  0000000000000004          5503   4854     4
  [1278] .group            GROUP            0000000000000000  00002874
       0000000000000008  0000000000000004          5503   8865     4
  [1279] .group            GROUP            0000000000000000  0000287c
       0000000000000008  0000000000000004          5503   4855     4
  [1280] .group            GROUP            0000000000000000  00002884
       0000000000000008  0000000000000004          5503   8868     4
  [1281] .group            GROUP            0000000000000000  0000288c
       0000000000000008  0000000000000004          5503   4856     4
  [1282] .group            GROUP            0000000000000000  00002894
       0000000000000008  0000000000000004          5503   8871     4
  [1283] .group            GROUP            0000000000000000  0000289c
       0000000000000008  0000000000000004          5503   4857     4
  [1284] .group            GROUP            0000000000000000  000028a4
       0000000000000008  0000000000000004          5503   8874     4
  [1285] .group            GROUP            0000000000000000  000028ac
       0000000000000008  0000000000000004          5503   4858     4
  [1286] .group            GROUP            0000000000000000  000028b4
       0000000000000008  0000000000000004          5503   8851     4
  [1287] .group            GROUP            0000000000000000  000028bc
       0000000000000008  0000000000000004          5503   8852     4
  [1288] .group            GROUP            0000000000000000  000028c4
       0000000000000008  0000000000000004          5503   8853     4
  [1289] .group            GROUP            0000000000000000  000028cc
       0000000000000008  0000000000000004          5503   4859     4
  [1290] .group            GROUP            0000000000000000  000028d4
       0000000000000008  0000000000000004          5503   4860     4
  [1291] .group            GROUP            0000000000000000  000028dc
       0000000000000008  0000000000000004          5503   8886     4
  [1292] .group            GROUP            0000000000000000  000028e4
       0000000000000008  0000000000000004          5503   8887     4
  [1293] .group            GROUP            0000000000000000  000028ec
       0000000000000008  0000000000000004          5503   4861     4
  [1294] .group            GROUP            0000000000000000  000028f4
       0000000000000008  0000000000000004          5503   4862     4
  [1295] .group            GROUP            0000000000000000  000028fc
       0000000000000008  0000000000000004          5503   4863     4
  [1296] .group            GROUP            0000000000000000  00002904
       0000000000000008  0000000000000004          5503   4864     4
  [1297] .group            GROUP            0000000000000000  0000290c
       0000000000000008  0000000000000004          5503   4865     4
  [1298] .group            GROUP            0000000000000000  00002914
       0000000000000008  0000000000000004          5503   4866     4
  [1299] .group            GROUP            0000000000000000  0000291c
       0000000000000008  0000000000000004          5503   4867     4
  [1300] .group            GROUP            0000000000000000  00002924
       0000000000000008  0000000000000004          5503   4868     4
  [1301] .group            GROUP            0000000000000000  0000292c
       0000000000000008  0000000000000004          5503   4869     4
  [1302] .group            GROUP            0000000000000000  00002934
       0000000000000008  0000000000000004          5503   8877     4
  [1303] .group            GROUP            0000000000000000  0000293c
       0000000000000008  0000000000000004          5503   8878     4
  [1304] .group            GROUP            0000000000000000  00002944
       0000000000000008  0000000000000004          5503   8879     4
  [1305] .group            GROUP            0000000000000000  0000294c
       0000000000000008  0000000000000004          5503   8880     4
  [1306] .group            GROUP            0000000000000000  00002954
       0000000000000008  0000000000000004          5503   8881     4
  [1307] .group            GROUP            0000000000000000  0000295c
       0000000000000008  0000000000000004          5503   8882     4
  [1308] .group            GROUP            0000000000000000  00002964
       0000000000000008  0000000000000004          5503   8902     4
  [1309] .group            GROUP            0000000000000000  0000296c
       0000000000000008  0000000000000004          5503   4870     4
  [1310] .group            GROUP            0000000000000000  00002974
       0000000000000008  0000000000000004          5503   8905     4
  [1311] .group            GROUP            0000000000000000  0000297c
       0000000000000008  0000000000000004          5503   4871     4
  [1312] .group            GROUP            0000000000000000  00002984
       0000000000000008  0000000000000004          5503   8909     4
  [1313] .group            GROUP            0000000000000000  0000298c
       0000000000000008  0000000000000004          5503   8913     4
  [1314] .group            GROUP            0000000000000000  00002994
       0000000000000008  0000000000000004          5503   8917     4
  [1315] .group            GROUP            0000000000000000  0000299c
       0000000000000008  0000000000000004          5503   8921     4
  [1316] .group            GROUP            0000000000000000  000029a4
       0000000000000008  0000000000000004          5503   4872     4
  [1317] .group            GROUP            0000000000000000  000029ac
       0000000000000008  0000000000000004          5503   8925     4
  [1318] .group            GROUP            0000000000000000  000029b4
       0000000000000008  0000000000000004          5503   8926     4
  [1319] .group            GROUP            0000000000000000  000029bc
       0000000000000008  0000000000000004          5503   8927     4
  [1320] .group            GROUP            0000000000000000  000029c4
       0000000000000008  0000000000000004          5503   8928     4
  [1321] .group            GROUP            0000000000000000  000029cc
       0000000000000008  0000000000000004          5503   8929     4
  [1322] .group            GROUP            0000000000000000  000029d4
       0000000000000008  0000000000000004          5503   8930     4
  [1323] .group            GROUP            0000000000000000  000029dc
       0000000000000008  0000000000000004          5503   4873     4
  [1324] .group            GROUP            0000000000000000  000029e4
       0000000000000008  0000000000000004          5503   8937     4
  [1325] .group            GROUP            0000000000000000  000029ec
       0000000000000008  0000000000000004          5503   8938     4
  [1326] .group            GROUP            0000000000000000  000029f4
       0000000000000008  0000000000000004          5503   8939     4
  [1327] .group            GROUP            0000000000000000  000029fc
       0000000000000008  0000000000000004          5503   8940     4
  [1328] .group            GROUP            0000000000000000  00002a04
       0000000000000008  0000000000000004          5503   8941     4
  [1329] .group            GROUP            0000000000000000  00002a0c
       0000000000000008  0000000000000004          5503   8943     4
  [1330] .group            GROUP            0000000000000000  00002a14
       0000000000000008  0000000000000004          5503   8944     4
  [1331] .group            GROUP            0000000000000000  00002a1c
       0000000000000008  0000000000000004          5503   8945     4
  [1332] .group            GROUP            0000000000000000  00002a24
       0000000000000008  0000000000000004          5503   8946     4
  [1333] .group            GROUP            0000000000000000  00002a2c
       0000000000000008  0000000000000004          5503   8947     4
  [1334] .group            GROUP            0000000000000000  00002a34
       0000000000000008  0000000000000004          5503   8948     4
  [1335] .group            GROUP            0000000000000000  00002a3c
       0000000000000008  0000000000000004          5503   8949     4
  [1336] .group            GROUP            0000000000000000  00002a44
       0000000000000008  0000000000000004          5503   8950     4
  [1337] .group            GROUP            0000000000000000  00002a4c
       0000000000000008  0000000000000004          5503   8951     4
  [1338] .group            GROUP            0000000000000000  00002a54
       0000000000000008  0000000000000004          5503   8952     4
  [1339] .group            GROUP            0000000000000000  00002a5c
       0000000000000008  0000000000000004          5503   8953     4
  [1340] .group            GROUP            0000000000000000  00002a64
       0000000000000008  0000000000000004          5503   8954     4
  [1341] .group            GROUP            0000000000000000  00002a6c
       0000000000000008  0000000000000004          5503   8955     4
  [1342] .group            GROUP            0000000000000000  00002a74
       0000000000000008  0000000000000004          5503   8956     4
  [1343] .group            GROUP            0000000000000000  00002a7c
       0000000000000008  0000000000000004          5503   8957     4
  [1344] .group            GROUP            0000000000000000  00002a84
       0000000000000008  0000000000000004          5503   8958     4
  [1345] .group            GROUP            0000000000000000  00002a8c
       0000000000000008  0000000000000004          5503   8959     4
  [1346] .group            GROUP            0000000000000000  00002a94
       0000000000000008  0000000000000004          5503   8960     4
  [1347] .group            GROUP            0000000000000000  00002a9c
       0000000000000008  0000000000000004          5503   8899     4
  [1348] .group            GROUP            0000000000000000  00002aa4
       000000000000000c  0000000000000004          5503   4874     4
  [1349] .group            GROUP            0000000000000000  00002ab0
       0000000000000008  0000000000000004          5503   8896     4
  [1350] .group            GROUP            0000000000000000  00002ab8
       000000000000000c  0000000000000004          5503   4875     4
  [1351] .group            GROUP            0000000000000000  00002ac4
       0000000000000008  0000000000000004          5503   8893     4
  [1352] .group            GROUP            0000000000000000  00002acc
       000000000000000c  0000000000000004          5503   4876     4
  [1353] .group            GROUP            0000000000000000  00002ad8
       0000000000000008  0000000000000004          5503   8890     4
  [1354] .group            GROUP            0000000000000000  00002ae0
       000000000000000c  0000000000000004          5503   4877     4
  [1355] .group            GROUP            0000000000000000  00002aec
       0000000000000008  0000000000000004          5503   8885     4
  [1356] .group            GROUP            0000000000000000  00002af4
       000000000000000c  0000000000000004          5503   4878     4
  [1357] .group            GROUP            0000000000000000  00002b00
       0000000000000008  0000000000000004          5503   8643     4
  [1358] .group            GROUP            0000000000000000  00002b08
       000000000000000c  0000000000000004          5503   4879     4
  [1359] .group            GROUP            0000000000000000  00002b14
       0000000000000008  0000000000000004          5503   8628     4
  [1360] .group            GROUP            0000000000000000  00002b1c
       000000000000000c  0000000000000004          5503   4880     4
  [1361] .group            GROUP            0000000000000000  00002b28
       0000000000000008  0000000000000004          5503   8613     4
  [1362] .group            GROUP            0000000000000000  00002b30
       000000000000000c  0000000000000004          5503   4881     4
  [1363] .group            GROUP            0000000000000000  00002b3c
       0000000000000008  0000000000000004          5503   8596     4
  [1364] .group            GROUP            0000000000000000  00002b44
       000000000000000c  0000000000000004          5503   4882     4
  [1365] .group            GROUP            0000000000000000  00002b50
       0000000000000008  0000000000000004          5503   8568     4
  [1366] .group            GROUP            0000000000000000  00002b58
       000000000000000c  0000000000000004          5503   4883     4
  [1367] .group            GROUP            0000000000000000  00002b64
       0000000000000008  0000000000000004          5503   8557     4
  [1368] .group            GROUP            0000000000000000  00002b6c
       000000000000000c  0000000000000004          5503   4884     4
  [1369] .group            GROUP            0000000000000000  00002b78
       0000000000000008  0000000000000004          5503   8359     4
  [1370] .group            GROUP            0000000000000000  00002b80
       000000000000000c  0000000000000004          5503   4885     4
  [1371] .group            GROUP            0000000000000000  00002b8c
       0000000000000008  0000000000000004          5503   8357     4
  [1372] .group            GROUP            0000000000000000  00002b94
       000000000000000c  0000000000000004          5503   4886     4
  [1373] .group            GROUP            0000000000000000  00002ba0
       0000000000000008  0000000000000004          5503   8312     4
  [1374] .group            GROUP            0000000000000000  00002ba8
       0000000000000008  0000000000000004          5503   8288     4
  [1375] .group            GROUP            0000000000000000  00002bb0
       0000000000000008  0000000000000004          5503   8264     4
  [1376] .group            GROUP            0000000000000000  00002bb8
       0000000000000008  0000000000000004          5503   8240     4
  [1377] .group            GROUP            0000000000000000  00002bc0
       0000000000000008  0000000000000004          5503   8197     4
  [1378] .group            GROUP            0000000000000000  00002bc8
       000000000000000c  0000000000000004          5503   7680     4
  [1379] .group            GROUP            0000000000000000  00002bd4
       0000000000000008  0000000000000004          5503   7677     4
  [1380] .group            GROUP            0000000000000000  00002bdc
       000000000000000c  0000000000000004          5503   7449     4
  [1381] .group            GROUP            0000000000000000  00002be8
       000000000000000c  0000000000000004          5503   7431     4
  [1382] .group            GROUP            0000000000000000  00002bf4
       0000000000000008  0000000000000004          5503   7200     4
  [1383] .group            GROUP            0000000000000000  00002bfc
       0000000000000008  0000000000000004          5503   7193     4
  [1384] .group            GROUP            0000000000000000  00002c04
       0000000000000008  0000000000000004          5503   7109     4
  [1385] .group            GROUP            0000000000000000  00002c0c
       0000000000000008  0000000000000004          5503   7082     4
  [1386] .group            GROUP            0000000000000000  00002c14
       0000000000000008  0000000000000004          5503   7043     4
  [1387] .group            GROUP            0000000000000000  00002c1c
       0000000000000008  0000000000000004          5503   7012     4
  [1388] .group            GROUP            0000000000000000  00002c24
       0000000000000008  0000000000000004          5503   6994     4
  [1389] .group            GROUP            0000000000000000  00002c2c
       0000000000000008  0000000000000004          5503   6986     4
  [1390] .group            GROUP            0000000000000000  00002c34
       0000000000000008  0000000000000004          5503   8961     4
  [1391] .group            GROUP            0000000000000000  00002c3c
       0000000000000008  0000000000000004          5503   9112     4
  [1392] .group            GROUP            0000000000000000  00002c44
       0000000000000008  0000000000000004          5503   8968     4
  [1393] .group            GROUP            0000000000000000  00002c4c
       0000000000000008  0000000000000004          5503   9113     4
  [1394] .group            GROUP            0000000000000000  00002c54
       0000000000000008  0000000000000004          5503   8975     4
  [1395] .group            GROUP            0000000000000000  00002c5c
       0000000000000008  0000000000000004          5503   9114     4
  [1396] .group            GROUP            0000000000000000  00002c64
       0000000000000008  0000000000000004          5503   8982     4
  [1397] .group            GROUP            0000000000000000  00002c6c
       0000000000000008  0000000000000004          5503   9115     4
  [1398] .group            GROUP            0000000000000000  00002c74
       0000000000000008  0000000000000004          5503   8989     4
  [1399] .group            GROUP            0000000000000000  00002c7c
       0000000000000008  0000000000000004          5503   9116     4
  [1400] .group            GROUP            0000000000000000  00002c84
       0000000000000008  0000000000000004          5503   8761     4
  [1401] .group            GROUP            0000000000000000  00002c8c
       0000000000000008  0000000000000004          5503   9117     4
  [1402] .group            GROUP            0000000000000000  00002c94
       0000000000000008  0000000000000004          5503   8744     4
  [1403] .group            GROUP            0000000000000000  00002c9c
       0000000000000008  0000000000000004          5503   9119     4
  [1404] .group            GROUP            0000000000000000  00002ca4
       0000000000000008  0000000000000004          5503   8728     4
  [1405] .group            GROUP            0000000000000000  00002cac
       0000000000000008  0000000000000004          5503   9121     4
  [1406] .group            GROUP            0000000000000000  00002cb4
       0000000000000008  0000000000000004          5503   8711     4
  [1407] .group            GROUP            0000000000000000  00002cbc
       0000000000000008  0000000000000004          5503   9123     4
  [1408] .group            GROUP            0000000000000000  00002cc4
       0000000000000008  0000000000000004          5503   8691     4
  [1409] .group            GROUP            0000000000000000  00002ccc
       0000000000000008  0000000000000004          5503   9125     4
  [1410] .group            GROUP            0000000000000000  00002cd4
       0000000000000008  0000000000000004          5503   8540     4
  [1411] .group            GROUP            0000000000000000  00002cdc
       0000000000000008  0000000000000004          5503   9128     4
  [1412] .group            GROUP            0000000000000000  00002ce4
       0000000000000008  0000000000000004          5503   8528     4
  [1413] .group            GROUP            0000000000000000  00002cec
       0000000000000008  0000000000000004          5503   9129     4
  [1414] .group            GROUP            0000000000000000  00002cf4
       0000000000000008  0000000000000004          5503   8522     4
  [1415] .group            GROUP            0000000000000000  00002cfc
       0000000000000008  0000000000000004          5503   9130     4
  [1416] .group            GROUP            0000000000000000  00002d04
       0000000000000008  0000000000000004          5503   8516     4
  [1417] .group            GROUP            0000000000000000  00002d0c
       0000000000000008  0000000000000004          5503   9131     4
  [1418] .group            GROUP            0000000000000000  00002d14
       0000000000000008  0000000000000004          5503   8996     4
  [1419] .group            GROUP            0000000000000000  00002d1c
       0000000000000008  0000000000000004          5503   9132     4
  [1420] .group            GROUP            0000000000000000  00002d24
       0000000000000008  0000000000000004          5503   8493     4
  [1421] .group            GROUP            0000000000000000  00002d2c
       0000000000000008  0000000000000004          5503   9133     4
  [1422] .group            GROUP            0000000000000000  00002d34
       0000000000000008  0000000000000004          5503   8489     4
  [1423] .group            GROUP            0000000000000000  00002d3c
       0000000000000008  0000000000000004          5503   9135     4
  [1424] .group            GROUP            0000000000000000  00002d44
       0000000000000008  0000000000000004          5503   9003     4
  [1425] .group            GROUP            0000000000000000  00002d4c
       0000000000000008  0000000000000004          5503   9137     4
  [1426] .group            GROUP            0000000000000000  00002d54
       0000000000000008  0000000000000004          5503   8468     4
  [1427] .group            GROUP            0000000000000000  00002d5c
       0000000000000008  0000000000000004          5503   9138     4
  [1428] .group            GROUP            0000000000000000  00002d64
       0000000000000008  0000000000000004          5503   8464     4
  [1429] .group            GROUP            0000000000000000  00002d6c
       0000000000000008  0000000000000004          5503   9139     4
  [1430] .group            GROUP            0000000000000000  00002d74
       0000000000000008  0000000000000004          5503   9010     4
  [1431] .group            GROUP            0000000000000000  00002d7c
       0000000000000008  0000000000000004          5503   9141     4
  [1432] .group            GROUP            0000000000000000  00002d84
       0000000000000008  0000000000000004          5503   8443     4
  [1433] .group            GROUP            0000000000000000  00002d8c
       0000000000000008  0000000000000004          5503   9142     4
  [1434] .group            GROUP            0000000000000000  00002d94
       0000000000000008  0000000000000004          5503   8439     4
  [1435] .group            GROUP            0000000000000000  00002d9c
       0000000000000008  0000000000000004          5503   9143     4
  [1436] .group            GROUP            0000000000000000  00002da4
       0000000000000008  0000000000000004          5503   9017     4
  [1437] .group            GROUP            0000000000000000  00002dac
       0000000000000008  0000000000000004          5503   9145     4
  [1438] .group            GROUP            0000000000000000  00002db4
       0000000000000008  0000000000000004          5503   8418     4
  [1439] .group            GROUP            0000000000000000  00002dbc
       0000000000000008  0000000000000004          5503   9146     4
  [1440] .group            GROUP            0000000000000000  00002dc4
       0000000000000008  0000000000000004          5503   8414     4
  [1441] .group            GROUP            0000000000000000  00002dcc
       0000000000000008  0000000000000004          5503   9147     4
  [1442] .group            GROUP            0000000000000000  00002dd4
       0000000000000008  0000000000000004          5503   9024     4
  [1443] .group            GROUP            0000000000000000  00002ddc
       0000000000000008  0000000000000004          5503   9149     4
  [1444] .group            GROUP            0000000000000000  00002de4
       0000000000000008  0000000000000004          5503   8382     4
  [1445] .group            GROUP            0000000000000000  00002dec
       0000000000000008  0000000000000004          5503   9150     4
  [1446] .group            GROUP            0000000000000000  00002df4
       0000000000000008  0000000000000004          5503   8378     4
  [1447] .group            GROUP            0000000000000000  00002dfc
       0000000000000008  0000000000000004          5503   9151     4
  [1448] .group            GROUP            0000000000000000  00002e04
       0000000000000008  0000000000000004          5503   8374     4
  [1449] .group            GROUP            0000000000000000  00002e0c
       0000000000000008  0000000000000004          5503   9153     4
  [1450] .group            GROUP            0000000000000000  00002e14
       0000000000000008  0000000000000004          5503   9031     4
  [1451] .group            GROUP            0000000000000000  00002e1c
       0000000000000008  0000000000000004          5503   9154     4
  [1452] .group            GROUP            0000000000000000  00002e24
       0000000000000008  0000000000000004          5503   9038     4
  [1453] .group            GROUP            0000000000000000  00002e2c
       0000000000000008  0000000000000004          5503   9155     4
  [1454] .group            GROUP            0000000000000000  00002e34
       0000000000000008  0000000000000004          5503   9045     4
  [1455] .group            GROUP            0000000000000000  00002e3c
       0000000000000008  0000000000000004          5503   9156     4
  [1456] .group            GROUP            0000000000000000  00002e44
       0000000000000008  0000000000000004          5503   9052     4
  [1457] .group            GROUP            0000000000000000  00002e4c
       0000000000000008  0000000000000004          5503   9157     4
  [1458] .group            GROUP            0000000000000000  00002e54
       0000000000000008  0000000000000004          5503   9058     4
  [1459] .group            GROUP            0000000000000000  00002e5c
       0000000000000008  0000000000000004          5503   9158     4
  [1460] .group            GROUP            0000000000000000  00002e64
       0000000000000008  0000000000000004          5503   9064     4
  [1461] .group            GROUP            0000000000000000  00002e6c
       0000000000000008  0000000000000004          5503   9159     4
  [1462] .group            GROUP            0000000000000000  00002e74
       0000000000000008  0000000000000004          5503   9070     4
  [1463] .group            GROUP            0000000000000000  00002e7c
       0000000000000008  0000000000000004          5503   9160     4
  [1464] .group            GROUP            0000000000000000  00002e84
       0000000000000008  0000000000000004          5503   9076     4
  [1465] .group            GROUP            0000000000000000  00002e8c
       0000000000000008  0000000000000004          5503   9161     4
  [1466] .group            GROUP            0000000000000000  00002e94
       0000000000000008  0000000000000004          5503   7689     4
  [1467] .group            GROUP            0000000000000000  00002e9c
       0000000000000008  0000000000000004          5503   9163     4
  [1468] .group            GROUP            0000000000000000  00002ea4
       0000000000000008  0000000000000004          5503   9087     4
  [1469] .group            GROUP            0000000000000000  00002eac
       0000000000000008  0000000000000004          5503   9164     4
  [1470] .group            GROUP            0000000000000000  00002eb4
       0000000000000008  0000000000000004          5503   9088     4
  [1471] .group            GROUP            0000000000000000  00002ebc
       0000000000000008  0000000000000004          5503   9165     4
  [1472] .group            GROUP            0000000000000000  00002ec4
       0000000000000008  0000000000000004          5503   9095     4
  [1473] .group            GROUP            0000000000000000  00002ecc
       0000000000000008  0000000000000004          5503   9166     4
  [1474] .group            GROUP            0000000000000000  00002ed4
       0000000000000008  0000000000000004          5503   9102     4
  [1475] .group            GROUP            0000000000000000  00002edc
       0000000000000008  0000000000000004          5503   9167     4
  [1476] .group            GROUP            0000000000000000  00002ee4
       0000000000000008  0000000000000004          5503   9103     4
  [1477] .group            GROUP            0000000000000000  00002eec
       0000000000000008  0000000000000004          5503   9169     4
  [1478] .group            GROUP            0000000000000000  00002ef4
       0000000000000008  0000000000000004          5503   9104     4
  [1479] .group            GROUP            0000000000000000  00002efc
       0000000000000008  0000000000000004          5503   9171     4
  [1480] .group            GROUP            0000000000000000  00002f04
       0000000000000008  0000000000000004          5503   9105     4
  [1481] .group            GROUP            0000000000000000  00002f0c
       0000000000000008  0000000000000004          5503   9173     4
  [1482] .group            GROUP            0000000000000000  00002f14
       0000000000000008  0000000000000004          5503   9107     4
  [1483] .group            GROUP            0000000000000000  00002f1c
       0000000000000008  0000000000000004          5503   9174     4
  [1484] .group            GROUP            0000000000000000  00002f24
       0000000000000008  0000000000000004          5503   9108     4
  [1485] .group            GROUP            0000000000000000  00002f2c
       0000000000000008  0000000000000004          5503   9175     4
  [1486] .group            GROUP            0000000000000000  00002f34
       0000000000000008  0000000000000004          5503   9109     4
  [1487] .group            GROUP            0000000000000000  00002f3c
       0000000000000008  0000000000000004          5503   9176     4
  [1488] .group            GROUP            0000000000000000  00002f44
       0000000000000008  0000000000000004          5503   9110     4
  [1489] .group            GROUP            0000000000000000  00002f4c
       0000000000000008  0000000000000004          5503   9177     4
  [1490] .group            GROUP            0000000000000000  00002f54
       0000000000000008  0000000000000004          5503   9178     4
  [1491] .group            GROUP            0000000000000000  00002f5c
       0000000000000008  0000000000000004          5503   9179     4
  [1492] .group            GROUP            0000000000000000  00002f64
       0000000000000008  0000000000000004          5503   9180     4
  [1493] .group            GROUP            0000000000000000  00002f6c
       0000000000000008  0000000000000004          5503   9181     4
  [1494] .group            GROUP            0000000000000000  00002f74
       0000000000000008  0000000000000004          5503   7003     4
  [1495] .group            GROUP            0000000000000000  00002f7c
       0000000000000008  0000000000000004          5503   8964     4
  [1496] .group            GROUP            0000000000000000  00002f84
       0000000000000008  0000000000000004          5503   8965     4
  [1497] .group            GROUP            0000000000000000  00002f8c
       0000000000000008  0000000000000004          5503   8966     4
  [1498] .group            GROUP            0000000000000000  00002f94
       0000000000000008  0000000000000004          5503   8971     4
  [1499] .group            GROUP            0000000000000000  00002f9c
       0000000000000008  0000000000000004          5503   8972     4
  [1500] .group            GROUP            0000000000000000  00002fa4
       0000000000000008  0000000000000004          5503   8973     4
  [1501] .group            GROUP            0000000000000000  00002fac
       0000000000000008  0000000000000004          5503   8978     4
  [1502] .group            GROUP            0000000000000000  00002fb4
       0000000000000008  0000000000000004          5503   8979     4
  [1503] .group            GROUP            0000000000000000  00002fbc
       0000000000000008  0000000000000004          5503   8980     4
  [1504] .group            GROUP            0000000000000000  00002fc4
       0000000000000008  0000000000000004          5503   8985     4
  [1505] .group            GROUP            0000000000000000  00002fcc
       0000000000000008  0000000000000004          5503   8986     4
  [1506] .group            GROUP            0000000000000000  00002fd4
       0000000000000008  0000000000000004          5503   8987     4
  [1507] .group            GROUP            0000000000000000  00002fdc
       0000000000000008  0000000000000004          5503   8992     4
  [1508] .group            GROUP            0000000000000000  00002fe4
       0000000000000008  0000000000000004          5503   8993     4
  [1509] .group            GROUP            0000000000000000  00002fec
       0000000000000008  0000000000000004          5503   8994     4
  [1510] .group            GROUP            0000000000000000  00002ff4
       0000000000000008  0000000000000004          5503   8999     4
  [1511] .group            GROUP            0000000000000000  00002ffc
       0000000000000008  0000000000000004          5503   9000     4
  [1512] .group            GROUP            0000000000000000  00003004
       0000000000000008  0000000000000004          5503   9001     4
  [1513] .group            GROUP            0000000000000000  0000300c
       0000000000000008  0000000000000004          5503   9006     4
  [1514] .group            GROUP            0000000000000000  00003014
       0000000000000008  0000000000000004          5503   9007     4
  [1515] .group            GROUP            0000000000000000  0000301c
       0000000000000008  0000000000000004          5503   9008     4
  [1516] .group            GROUP            0000000000000000  00003024
       0000000000000008  0000000000000004          5503   9013     4
  [1517] .group            GROUP            0000000000000000  0000302c
       0000000000000008  0000000000000004          5503   9014     4
  [1518] .group            GROUP            0000000000000000  00003034
       0000000000000008  0000000000000004          5503   9015     4
  [1519] .group            GROUP            0000000000000000  0000303c
       0000000000000008  0000000000000004          5503   9020     4
  [1520] .group            GROUP            0000000000000000  00003044
       0000000000000008  0000000000000004          5503   9021     4
  [1521] .group            GROUP            0000000000000000  0000304c
       0000000000000008  0000000000000004          5503   9022     4
  [1522] .group            GROUP            0000000000000000  00003054
       0000000000000008  0000000000000004          5503   9027     4
  [1523] .group            GROUP            0000000000000000  0000305c
       0000000000000008  0000000000000004          5503   9028     4
  [1524] .group            GROUP            0000000000000000  00003064
       0000000000000008  0000000000000004          5503   9029     4
  [1525] .group            GROUP            0000000000000000  0000306c
       0000000000000008  0000000000000004          5503   9034     4
  [1526] .group            GROUP            0000000000000000  00003074
       0000000000000008  0000000000000004          5503   9035     4
  [1527] .group            GROUP            0000000000000000  0000307c
       0000000000000008  0000000000000004          5503   9036     4
  [1528] .group            GROUP            0000000000000000  00003084
       0000000000000008  0000000000000004          5503   9041     4
  [1529] .group            GROUP            0000000000000000  0000308c
       0000000000000008  0000000000000004          5503   9042     4
  [1530] .group            GROUP            0000000000000000  00003094
       0000000000000008  0000000000000004          5503   9043     4
  [1531] .group            GROUP            0000000000000000  0000309c
       0000000000000008  0000000000000004          5503   9048     4
  [1532] .group            GROUP            0000000000000000  000030a4
       0000000000000008  0000000000000004          5503   9049     4
  [1533] .group            GROUP            0000000000000000  000030ac
       0000000000000008  0000000000000004          5503   9050     4
  [1534] .group            GROUP            0000000000000000  000030b4
       0000000000000008  0000000000000004          5503   9209     4
  [1535] .group            GROUP            0000000000000000  000030bc
       0000000000000008  0000000000000004          5503   4887     4
  [1536] .group            GROUP            0000000000000000  000030c4
       0000000000000008  0000000000000004          5503   4888     4
  [1537] .group            GROUP            0000000000000000  000030cc
       0000000000000008  0000000000000004          5503   4889     4
  [1538] .group            GROUP            0000000000000000  000030d4
       0000000000000008  0000000000000004          5503   9053     4
  [1539] .group            GROUP            0000000000000000  000030dc
       0000000000000008  0000000000000004          5503   4890     4
  [1540] .group            GROUP            0000000000000000  000030e4
       0000000000000008  0000000000000004          5503   4891     4
  [1541] .group            GROUP            0000000000000000  000030ec
       0000000000000008  0000000000000004          5503   9054     4
  [1542] .group            GROUP            0000000000000000  000030f4
       0000000000000008  0000000000000004          5503   9055     4
  [1543] .group            GROUP            0000000000000000  000030fc
       0000000000000008  0000000000000004          5503   9056     4
  [1544] .group            GROUP            0000000000000000  00003104
       0000000000000008  0000000000000004          5503   9057     4
  [1545] .group            GROUP            0000000000000000  0000310c
       0000000000000008  0000000000000004          5503   9234     4
  [1546] .group            GROUP            0000000000000000  00003114
       0000000000000008  0000000000000004          5503   4892     4
  [1547] .group            GROUP            0000000000000000  0000311c
       0000000000000008  0000000000000004          5503   4893     4
  [1548] .group            GROUP            0000000000000000  00003124
       0000000000000008  0000000000000004          5503   9059     4
  [1549] .group            GROUP            0000000000000000  0000312c
       0000000000000008  0000000000000004          5503   4894     4
  [1550] .group            GROUP            0000000000000000  00003134
       0000000000000008  0000000000000004          5503   4895     4
  [1551] .group            GROUP            0000000000000000  0000313c
       0000000000000008  0000000000000004          5503   9060     4
  [1552] .group            GROUP            0000000000000000  00003144
       0000000000000008  0000000000000004          5503   9061     4
  [1553] .group            GROUP            0000000000000000  0000314c
       0000000000000008  0000000000000004          5503   9062     4
  [1554] .group            GROUP            0000000000000000  00003154
       0000000000000008  0000000000000004          5503   9063     4
  [1555] .group            GROUP            0000000000000000  0000315c
       0000000000000008  0000000000000004          5503   9256     4
  [1556] .group            GROUP            0000000000000000  00003164
       0000000000000008  0000000000000004          5503   4896     4
  [1557] .group            GROUP            0000000000000000  0000316c
       0000000000000008  0000000000000004          5503   4897     4
  [1558] .group            GROUP            0000000000000000  00003174
       0000000000000008  0000000000000004          5503   9065     4
  [1559] .group            GROUP            0000000000000000  0000317c
       0000000000000008  0000000000000004          5503   4898     4
  [1560] .group            GROUP            0000000000000000  00003184
       0000000000000008  0000000000000004          5503   4899     4
  [1561] .group            GROUP            0000000000000000  0000318c
       0000000000000008  0000000000000004          5503   9066     4
  [1562] .group            GROUP            0000000000000000  00003194
       0000000000000008  0000000000000004          5503   9067     4
  [1563] .group            GROUP            0000000000000000  0000319c
       0000000000000008  0000000000000004          5503   9068     4
  [1564] .group            GROUP            0000000000000000  000031a4
       0000000000000008  0000000000000004          5503   9069     4
  [1565] .group            GROUP            0000000000000000  000031ac
       0000000000000008  0000000000000004          5503   9278     4
  [1566] .group            GROUP            0000000000000000  000031b4
       0000000000000008  0000000000000004          5503   4900     4
  [1567] .group            GROUP            0000000000000000  000031bc
       0000000000000008  0000000000000004          5503   4901     4
  [1568] .group            GROUP            0000000000000000  000031c4
       0000000000000008  0000000000000004          5503   9071     4
  [1569] .group            GROUP            0000000000000000  000031cc
       0000000000000008  0000000000000004          5503   4902     4
  [1570] .group            GROUP            0000000000000000  000031d4
       0000000000000008  0000000000000004          5503   4903     4
  [1571] .group            GROUP            0000000000000000  000031dc
       0000000000000008  0000000000000004          5503   9072     4
  [1572] .group            GROUP            0000000000000000  000031e4
       0000000000000008  0000000000000004          5503   9073     4
  [1573] .group            GROUP            0000000000000000  000031ec
       0000000000000008  0000000000000004          5503   9074     4
  [1574] .group            GROUP            0000000000000000  000031f4
       0000000000000008  0000000000000004          5503   9075     4
  [1575] .group            GROUP            0000000000000000  000031fc
       0000000000000008  0000000000000004          5503   9300     4
  [1576] .group            GROUP            0000000000000000  00003204
       0000000000000008  0000000000000004          5503   4904     4
  [1577] .group            GROUP            0000000000000000  0000320c
       0000000000000008  0000000000000004          5503   4905     4
  [1578] .group            GROUP            0000000000000000  00003214
       0000000000000008  0000000000000004          5503   9077     4
  [1579] .group            GROUP            0000000000000000  0000321c
       0000000000000008  0000000000000004          5503   4906     4
  [1580] .group            GROUP            0000000000000000  00003224
       0000000000000008  0000000000000004          5503   4907     4
  [1581] .group            GROUP            0000000000000000  0000322c
       0000000000000008  0000000000000004          5503   9078     4
  [1582] .group            GROUP            0000000000000000  00003234
       0000000000000008  0000000000000004          5503   9079     4
  [1583] .group            GROUP            0000000000000000  0000323c
       0000000000000008  0000000000000004          5503   9080     4
  [1584] .group            GROUP            0000000000000000  00003244
       0000000000000008  0000000000000004          5503   9081     4
  [1585] .group            GROUP            0000000000000000  0000324c
       0000000000000008  0000000000000004          5503   9082     4
  [1586] .group            GROUP            0000000000000000  00003254
       0000000000000008  0000000000000004          5503   9083     4
  [1587] .group            GROUP            0000000000000000  0000325c
       0000000000000008  0000000000000004          5503   9089     4
  [1588] .group            GROUP            0000000000000000  00003264
       0000000000000008  0000000000000004          5503   9090     4
  [1589] .group            GROUP            0000000000000000  0000326c
       0000000000000008  0000000000000004          5503   9096     4
  [1590] .group            GROUP            0000000000000000  00003274
       0000000000000008  0000000000000004          5503   9097     4
  [1591] .group            GROUP            0000000000000000  0000327c
       0000000000000008  0000000000000004          5503   9188     4
  [1592] .group            GROUP            0000000000000000  00003284
       0000000000000008  0000000000000004          5503   9190     4
  [1593] .group            GROUP            0000000000000000  0000328c
       0000000000000008  0000000000000004          5503   9192     4
  [1594] .group            GROUP            0000000000000000  00003294
       0000000000000008  0000000000000004          5503   9194     4
  [1595] .group            GROUP            0000000000000000  0000329c
       0000000000000008  0000000000000004          5503   9196     4
  [1596] .group            GROUP            0000000000000000  000032a4
       0000000000000008  0000000000000004          5503   9198     4
  [1597] .group            GROUP            0000000000000000  000032ac
       0000000000000008  0000000000000004          5503   9200     4
  [1598] .group            GROUP            0000000000000000  000032b4
       0000000000000008  0000000000000004          5503   9202     4
  [1599] .group            GROUP            0000000000000000  000032bc
       0000000000000008  0000000000000004          5503   9204     4
  [1600] .group            GROUP            0000000000000000  000032c4
       0000000000000008  0000000000000004          5503   9206     4
  [1601] .group            GROUP            0000000000000000  000032cc
       0000000000000008  0000000000000004          5503   9218     4
  [1602] .group            GROUP            0000000000000000  000032d4
       0000000000000008  0000000000000004          5503   9219     4
  [1603] .group            GROUP            0000000000000000  000032dc
       0000000000000008  0000000000000004          5503   4908     4
  [1604] .group            GROUP            0000000000000000  000032e4
       0000000000000008  0000000000000004          5503   4909     4
  [1605] .group            GROUP            0000000000000000  000032ec
       0000000000000008  0000000000000004          5503   9220     4
  [1606] .group            GROUP            0000000000000000  000032f4
       0000000000000008  0000000000000004          5503   9221     4
  [1607] .group            GROUP            0000000000000000  000032fc
       0000000000000008  0000000000000004          5503   9222     4
  [1608] .group            GROUP            0000000000000000  00003304
       0000000000000008  0000000000000004          5503   9223     4
  [1609] .group            GROUP            0000000000000000  0000330c
       0000000000000008  0000000000000004          5503   9224     4
  [1610] .group            GROUP            0000000000000000  00003314
       0000000000000008  0000000000000004          5503   4910     4
  [1611] .group            GROUP            0000000000000000  0000331c
       0000000000000008  0000000000000004          5503   4911     4
  [1612] .group            GROUP            0000000000000000  00003324
       0000000000000008  0000000000000004          5503   9231     4
  [1613] .group            GROUP            0000000000000000  0000332c
       0000000000000008  0000000000000004          5503   4912     4
  [1614] .group            GROUP            0000000000000000  00003334
       0000000000000008  0000000000000004          5503   9232     4
  [1615] .group            GROUP            0000000000000000  0000333c
       0000000000000008  0000000000000004          5503   9240     4
  [1616] .group            GROUP            0000000000000000  00003344
       0000000000000008  0000000000000004          5503   9241     4
  [1617] .group            GROUP            0000000000000000  0000334c
       0000000000000008  0000000000000004          5503   4913     4
  [1618] .group            GROUP            0000000000000000  00003354
       0000000000000008  0000000000000004          5503   9242     4
  [1619] .group            GROUP            0000000000000000  0000335c
       0000000000000008  0000000000000004          5503   9243     4
  [1620] .group            GROUP            0000000000000000  00003364
       0000000000000008  0000000000000004          5503   9244     4
  [1621] .group            GROUP            0000000000000000  0000336c
       0000000000000008  0000000000000004          5503   9245     4
  [1622] .group            GROUP            0000000000000000  00003374
       0000000000000008  0000000000000004          5503   4914     4
  [1623] .group            GROUP            0000000000000000  0000337c
       0000000000000008  0000000000000004          5503   4915     4
  [1624] .group            GROUP            0000000000000000  00003384
       0000000000000008  0000000000000004          5503   9252     4
  [1625] .group            GROUP            0000000000000000  0000338c
       0000000000000008  0000000000000004          5503   4916     4
  [1626] .group            GROUP            0000000000000000  00003394
       0000000000000008  0000000000000004          5503   9253     4
  [1627] .group            GROUP            0000000000000000  0000339c
       0000000000000008  0000000000000004          5503   9255     4
  [1628] .group            GROUP            0000000000000000  000033a4
       0000000000000008  0000000000000004          5503   9262     4
  [1629] .group            GROUP            0000000000000000  000033ac
       0000000000000008  0000000000000004          5503   9263     4
  [1630] .group            GROUP            0000000000000000  000033b4
       0000000000000008  0000000000000004          5503   4917     4
  [1631] .group            GROUP            0000000000000000  000033bc
       0000000000000008  0000000000000004          5503   9264     4
  [1632] .group            GROUP            0000000000000000  000033c4
       0000000000000008  0000000000000004          5503   9265     4
  [1633] .group            GROUP            0000000000000000  000033cc
       0000000000000008  0000000000000004          5503   9266     4
  [1634] .group            GROUP            0000000000000000  000033d4
       0000000000000008  0000000000000004          5503   9267     4
  [1635] .group            GROUP            0000000000000000  000033dc
       0000000000000008  0000000000000004          5503   4918     4
  [1636] .group            GROUP            0000000000000000  000033e4
       0000000000000008  0000000000000004          5503   4919     4
  [1637] .group            GROUP            0000000000000000  000033ec
       0000000000000008  0000000000000004          5503   4920     4
  [1638] .group            GROUP            0000000000000000  000033f4
       0000000000000008  0000000000000004          5503   9274     4
  [1639] .group            GROUP            0000000000000000  000033fc
       0000000000000008  0000000000000004          5503   9275     4
  [1640] .group            GROUP            0000000000000000  00003404
       0000000000000008  0000000000000004          5503   9277     4
  [1641] .group            GROUP            0000000000000000  0000340c
       0000000000000008  0000000000000004          5503   9284     4
  [1642] .group            GROUP            0000000000000000  00003414
       0000000000000008  0000000000000004          5503   9285     4
  [1643] .group            GROUP            0000000000000000  0000341c
       0000000000000008  0000000000000004          5503   4921     4
  [1644] .group            GROUP            0000000000000000  00003424
       0000000000000008  0000000000000004          5503   9286     4
  [1645] .group            GROUP            0000000000000000  0000342c
       0000000000000008  0000000000000004          5503   9287     4
  [1646] .group            GROUP            0000000000000000  00003434
       0000000000000008  0000000000000004          5503   9288     4
  [1647] .group            GROUP            0000000000000000  0000343c
       0000000000000008  0000000000000004          5503   9289     4
  [1648] .group            GROUP            0000000000000000  00003444
       0000000000000008  0000000000000004          5503   4922     4
  [1649] .group            GROUP            0000000000000000  0000344c
       0000000000000008  0000000000000004          5503   4923     4
  [1650] .group            GROUP            0000000000000000  00003454
       0000000000000008  0000000000000004          5503   4924     4
  [1651] .group            GROUP            0000000000000000  0000345c
       0000000000000008  0000000000000004          5503   9296     4
  [1652] .group            GROUP            0000000000000000  00003464
       0000000000000008  0000000000000004          5503   9297     4
  [1653] .group            GROUP            0000000000000000  0000346c
       0000000000000008  0000000000000004          5503   9299     4
  [1654] .group            GROUP            0000000000000000  00003474
       0000000000000008  0000000000000004          5503   9306     4
  [1655] .group            GROUP            0000000000000000  0000347c
       0000000000000008  0000000000000004          5503   9307     4
  [1656] .group            GROUP            0000000000000000  00003484
       0000000000000008  0000000000000004          5503   4925     4
  [1657] .group            GROUP            0000000000000000  0000348c
       0000000000000008  0000000000000004          5503   9308     4
  [1658] .group            GROUP            0000000000000000  00003494
       0000000000000008  0000000000000004          5503   9309     4
  [1659] .group            GROUP            0000000000000000  0000349c
       0000000000000008  0000000000000004          5503   9310     4
  [1660] .group            GROUP            0000000000000000  000034a4
       0000000000000008  0000000000000004          5503   9311     4
  [1661] .group            GROUP            0000000000000000  000034ac
       0000000000000008  0000000000000004          5503   4926     4
  [1662] .group            GROUP            0000000000000000  000034b4
       0000000000000008  0000000000000004          5503   4927     4
  [1663] .group            GROUP            0000000000000000  000034bc
       0000000000000008  0000000000000004          5503   9318     4
  [1664] .group            GROUP            0000000000000000  000034c4
       0000000000000008  0000000000000004          5503   4928     4
  [1665] .group            GROUP            0000000000000000  000034cc
       0000000000000008  0000000000000004          5503   9319     4
  [1666] .group            GROUP            0000000000000000  000034d4
       0000000000000008  0000000000000004          5503   9321     4
  [1667] .group            GROUP            0000000000000000  000034dc
       0000000000000008  0000000000000004          5503   9322     4
  [1668] .group            GROUP            0000000000000000  000034e4
       0000000000000008  0000000000000004          5503   9323     4
  [1669] .group            GROUP            0000000000000000  000034ec
       0000000000000008  0000000000000004          5503   9324     4
  [1670] .group            GROUP            0000000000000000  000034f4
       0000000000000008  0000000000000004          5503   4929     4
  [1671] .group            GROUP            0000000000000000  000034fc
       0000000000000008  0000000000000004          5503   9328     4
  [1672] .group            GROUP            0000000000000000  00003504
       0000000000000008  0000000000000004          5503   4930     4
  [1673] .group            GROUP            0000000000000000  0000350c
       0000000000000008  0000000000000004          5503   9330     4
  [1674] .group            GROUP            0000000000000000  00003514
       0000000000000008  0000000000000004          5503   9331     4
  [1675] .group            GROUP            0000000000000000  0000351c
       0000000000000008  0000000000000004          5503   9333     4
  [1676] .group            GROUP            0000000000000000  00003524
       0000000000000008  0000000000000004          5503   4931     4
  [1677] .group            GROUP            0000000000000000  0000352c
       0000000000000008  0000000000000004          5503   4932     4
  [1678] .group            GROUP            0000000000000000  00003534
       0000000000000008  0000000000000004          5503   9344     4
  [1679] .group            GROUP            0000000000000000  0000353c
       0000000000000008  0000000000000004          5503   9337     4
  [1680] .group            GROUP            0000000000000000  00003544
       0000000000000008  0000000000000004          5503   9338     4
  [1681] .group            GROUP            0000000000000000  0000354c
       0000000000000008  0000000000000004          5503   9339     4
  [1682] .group            GROUP            0000000000000000  00003554
       0000000000000008  0000000000000004          5503   9341     4
  [1683] .group            GROUP            0000000000000000  0000355c
       0000000000000008  0000000000000004          5503   9342     4
  [1684] .group            GROUP            0000000000000000  00003564
       0000000000000008  0000000000000004          5503   9343     4
  [1685] .group            GROUP            0000000000000000  0000356c
       0000000000000008  0000000000000004          5503   4933     4
  [1686] .group            GROUP            0000000000000000  00003574
       0000000000000008  0000000000000004          5503   9345     4
  [1687] .group            GROUP            0000000000000000  0000357c
       0000000000000008  0000000000000004          5503   4934     4
  [1688] .group            GROUP            0000000000000000  00003584
       0000000000000008  0000000000000004          5503   4935     4
  [1689] .group            GROUP            0000000000000000  0000358c
       0000000000000008  0000000000000004          5503   9351     4
  [1690] .group            GROUP            0000000000000000  00003594
       0000000000000008  0000000000000004          5503   9352     4
  [1691] .group            GROUP            0000000000000000  0000359c
       0000000000000008  0000000000000004          5503   9354     4
  [1692] .group            GROUP            0000000000000000  000035a4
       0000000000000008  0000000000000004          5503   4936     4
  [1693] .group            GROUP            0000000000000000  000035ac
       0000000000000008  0000000000000004          5503   4937     4
  [1694] .group            GROUP            0000000000000000  000035b4
       0000000000000008  0000000000000004          5503   9361     4
  [1695] .group            GROUP            0000000000000000  000035bc
       0000000000000008  0000000000000004          5503   9358     4
  [1696] .group            GROUP            0000000000000000  000035c4
       0000000000000008  0000000000000004          5503   9359     4
  [1697] .group            GROUP            0000000000000000  000035cc
       0000000000000008  0000000000000004          5503   4938     4
  [1698] .group            GROUP            0000000000000000  000035d4
       0000000000000008  0000000000000004          5503   9362     4
  [1699] .group            GROUP            0000000000000000  000035dc
       0000000000000008  0000000000000004          5503   4939     4
  [1700] .group            GROUP            0000000000000000  000035e4
       0000000000000008  0000000000000004          5503   4940     4
  [1701] .group            GROUP            0000000000000000  000035ec
       0000000000000008  0000000000000004          5503   9368     4
  [1702] .group            GROUP            0000000000000000  000035f4
       0000000000000008  0000000000000004          5503   9369     4
  [1703] .group            GROUP            0000000000000000  000035fc
       0000000000000008  0000000000000004          5503   9371     4
  [1704] .group            GROUP            0000000000000000  00003604
       0000000000000008  0000000000000004          5503   4941     4
  [1705] .group            GROUP            0000000000000000  0000360c
       0000000000000008  0000000000000004          5503   4942     4
  [1706] .group            GROUP            0000000000000000  00003614
       0000000000000008  0000000000000004          5503   9378     4
  [1707] .group            GROUP            0000000000000000  0000361c
       0000000000000008  0000000000000004          5503   9375     4
  [1708] .group            GROUP            0000000000000000  00003624
       0000000000000008  0000000000000004          5503   9376     4
  [1709] .group            GROUP            0000000000000000  0000362c
       0000000000000008  0000000000000004          5503   4943     4
  [1710] .group            GROUP            0000000000000000  00003634
       0000000000000008  0000000000000004          5503   4944     4
  [1711] .group            GROUP            0000000000000000  0000363c
       0000000000000008  0000000000000004          5503   9382     4
  [1712] .group            GROUP            0000000000000000  00003644
       0000000000000008  0000000000000004          5503   4945     4
  [1713] .group            GROUP            0000000000000000  0000364c
       0000000000000008  0000000000000004          5503   9385     4
  [1714] .group            GROUP            0000000000000000  00003654
       0000000000000008  0000000000000004          5503   9386     4
  [1715] .group            GROUP            0000000000000000  0000365c
       0000000000000008  0000000000000004          5503   9388     4
  [1716] .group            GROUP            0000000000000000  00003664
       0000000000000008  0000000000000004          5503   4946     4
  [1717] .group            GROUP            0000000000000000  0000366c
       0000000000000008  0000000000000004          5503   4947     4
  [1718] .group            GROUP            0000000000000000  00003674
       0000000000000008  0000000000000004          5503   9395     4
  [1719] .group            GROUP            0000000000000000  0000367c
       0000000000000008  0000000000000004          5503   9392     4
  [1720] .group            GROUP            0000000000000000  00003684
       0000000000000008  0000000000000004          5503   9393     4
  [1721] .group            GROUP            0000000000000000  0000368c
       0000000000000008  0000000000000004          5503   4948     4
  [1722] .group            GROUP            0000000000000000  00003694
       0000000000000008  0000000000000004          5503   4949     4
  [1723] .group            GROUP            0000000000000000  0000369c
       0000000000000008  0000000000000004          5503   9399     4
  [1724] .group            GROUP            0000000000000000  000036a4
       0000000000000008  0000000000000004          5503   4950     4
  [1725] .group            GROUP            0000000000000000  000036ac
       0000000000000008  0000000000000004          5503   9402     4
  [1726] .group            GROUP            0000000000000000  000036b4
       0000000000000008  0000000000000004          5503   9403     4
  [1727] .group            GROUP            0000000000000000  000036bc
       0000000000000008  0000000000000004          5503   9405     4
  [1728] .group            GROUP            0000000000000000  000036c4
       0000000000000008  0000000000000004          5503   4951     4
  [1729] .group            GROUP            0000000000000000  000036cc
       0000000000000008  0000000000000004          5503   4952     4
  [1730] .group            GROUP            0000000000000000  000036d4
       0000000000000008  0000000000000004          5503   9412     4
  [1731] .group            GROUP            0000000000000000  000036dc
       0000000000000008  0000000000000004          5503   9409     4
  [1732] .group            GROUP            0000000000000000  000036e4
       0000000000000008  0000000000000004          5503   9410     4
  [1733] .group            GROUP            0000000000000000  000036ec
       0000000000000008  0000000000000004          5503   4953     4
  [1734] .group            GROUP            0000000000000000  000036f4
       0000000000000008  0000000000000004          5503   9413     4
  [1735] .group            GROUP            0000000000000000  000036fc
       0000000000000008  0000000000000004          5503   4954     4
  [1736] .group            GROUP            0000000000000000  00003704
       0000000000000008  0000000000000004          5503   9498     4
  [1737] .group            GROUP            0000000000000000  0000370c
       0000000000000008  0000000000000004          5503   9418     4
  [1738] .group            GROUP            0000000000000000  00003714
       0000000000000008  0000000000000004          5503   9499     4
  [1739] .group            GROUP            0000000000000000  0000371c
       0000000000000008  0000000000000004          5503   9420     4
  [1740] .group            GROUP            0000000000000000  00003724
       0000000000000008  0000000000000004          5503   9421     4
  [1741] .group            GROUP            0000000000000000  0000372c
       0000000000000008  0000000000000004          5503   4955     4
  [1742] .group            GROUP            0000000000000000  00003734
       0000000000000008  0000000000000004          5503   9425     4
  [1743] .group            GROUP            0000000000000000  0000373c
       0000000000000008  0000000000000004          5503   9426     4
  [1744] .group            GROUP            0000000000000000  00003744
       0000000000000008  0000000000000004          5503   9427     4
  [1745] .group            GROUP            0000000000000000  0000374c
       0000000000000008  0000000000000004          5503   9428     4
  [1746] .group            GROUP            0000000000000000  00003754
       0000000000000008  0000000000000004          5503   4956     4
  [1747] .group            GROUP            0000000000000000  0000375c
       0000000000000008  0000000000000004          5503   9430     4
  [1748] .group            GROUP            0000000000000000  00003764
       0000000000000008  0000000000000004          5503   4957     4
  [1749] .group            GROUP            0000000000000000  0000376c
       0000000000000008  0000000000000004          5503   9433     4
  [1750] .group            GROUP            0000000000000000  00003774
       0000000000000008  0000000000000004          5503   9510     4
  [1751] .group            GROUP            0000000000000000  0000377c
       0000000000000008  0000000000000004          5503   9434     4
  [1752] .group            GROUP            0000000000000000  00003784
       0000000000000008  0000000000000004          5503   9511     4
  [1753] .group            GROUP            0000000000000000  0000378c
       0000000000000008  0000000000000004          5503   9437     4
  [1754] .group            GROUP            0000000000000000  00003794
       0000000000000008  0000000000000004          5503   9438     4
  [1755] .group            GROUP            0000000000000000  0000379c
       0000000000000008  0000000000000004          5503   4958     4
  [1756] .group            GROUP            0000000000000000  000037a4
       0000000000000008  0000000000000004          5503   9442     4
  [1757] .group            GROUP            0000000000000000  000037ac
       0000000000000008  0000000000000004          5503   9443     4
  [1758] .group            GROUP            0000000000000000  000037b4
       0000000000000008  0000000000000004          5503   4959     4
  [1759] .group            GROUP            0000000000000000  000037bc
       0000000000000008  0000000000000004          5503   9445     4
  [1760] .group            GROUP            0000000000000000  000037c4
       0000000000000008  0000000000000004          5503   4960     4
  [1761] .group            GROUP            0000000000000000  000037cc
       0000000000000008  0000000000000004          5503   9448     4
  [1762] .group            GROUP            0000000000000000  000037d4
       0000000000000008  0000000000000004          5503   9449     4
  [1763] .group            GROUP            0000000000000000  000037dc
       0000000000000008  0000000000000004          5503   9518     4
  [1764] .group            GROUP            0000000000000000  000037e4
       0000000000000008  0000000000000004          5503   9452     4
  [1765] .group            GROUP            0000000000000000  000037ec
       0000000000000008  0000000000000004          5503   9453     4
  [1766] .group            GROUP            0000000000000000  000037f4
       0000000000000008  0000000000000004          5503   4961     4
  [1767] .group            GROUP            0000000000000000  000037fc
       0000000000000008  0000000000000004          5503   9457     4
  [1768] .group            GROUP            0000000000000000  00003804
       0000000000000008  0000000000000004          5503   9458     4
  [1769] .group            GROUP            0000000000000000  0000380c
       0000000000000008  0000000000000004          5503   4962     4
  [1770] .group            GROUP            0000000000000000  00003814
       0000000000000008  0000000000000004          5503   9460     4
  [1771] .group            GROUP            0000000000000000  0000381c
       0000000000000008  0000000000000004          5503   4963     4
  [1772] .group            GROUP            0000000000000000  00003824
       0000000000000008  0000000000000004          5503   9463     4
  [1773] .group            GROUP            0000000000000000  0000382c
       0000000000000008  0000000000000004          5503   9465     4
  [1774] .group            GROUP            0000000000000000  00003834
       0000000000000008  0000000000000004          5503   9466     4
  [1775] .group            GROUP            0000000000000000  0000383c
       0000000000000008  0000000000000004          5503   9538     4
  [1776] .group            GROUP            0000000000000000  00003844
       0000000000000008  0000000000000004          5503   9468     4
  [1777] .group            GROUP            0000000000000000  0000384c
       0000000000000008  0000000000000004          5503   9469     4
  [1778] .group            GROUP            0000000000000000  00003854
       0000000000000008  0000000000000004          5503   4964     4
  [1779] .group            GROUP            0000000000000000  0000385c
       0000000000000008  0000000000000004          5503   9473     4
  [1780] .group            GROUP            0000000000000000  00003864
       0000000000000008  0000000000000004          5503   9474     4
  [1781] .group            GROUP            0000000000000000  0000386c
       0000000000000008  0000000000000004          5503   4965     4
  [1782] .group            GROUP            0000000000000000  00003874
       0000000000000008  0000000000000004          5503   9476     4
  [1783] .group            GROUP            0000000000000000  0000387c
       0000000000000008  0000000000000004          5503   4966     4
  [1784] .group            GROUP            0000000000000000  00003884
       0000000000000008  0000000000000004          5503   9479     4
  [1785] .group            GROUP            0000000000000000  0000388c
       0000000000000008  0000000000000004          5503   9481     4
  [1786] .group            GROUP            0000000000000000  00003894
       0000000000000008  0000000000000004          5503   9555     4
  [1787] .group            GROUP            0000000000000000  0000389c
       0000000000000008  0000000000000004          5503   9482     4
  [1788] .group            GROUP            0000000000000000  000038a4
       0000000000000008  0000000000000004          5503   9560     4
  [1789] .group            GROUP            0000000000000000  000038ac
       0000000000000008  0000000000000004          5503   9484     4
  [1790] .group            GROUP            0000000000000000  000038b4
       0000000000000008  0000000000000004          5503   9485     4
  [1791] .group            GROUP            0000000000000000  000038bc
       0000000000000008  0000000000000004          5503   4967     4
  [1792] .group            GROUP            0000000000000000  000038c4
       0000000000000008  0000000000000004          5503   9489     4
  [1793] .group            GROUP            0000000000000000  000038cc
       0000000000000008  0000000000000004          5503   9490     4
  [1794] .group            GROUP            0000000000000000  000038d4
       0000000000000008  0000000000000004          5503   4968     4
  [1795] .group            GROUP            0000000000000000  000038dc
       0000000000000008  0000000000000004          5503   9492     4
  [1796] .group            GROUP            0000000000000000  000038e4
       0000000000000008  0000000000000004          5503   4969     4
  [1797] .group            GROUP            0000000000000000  000038ec
       0000000000000008  0000000000000004          5503   9495     4
  [1798] .group            GROUP            0000000000000000  000038f4
       0000000000000008  0000000000000004          5503   9496     4
  [1799] .group            GROUP            0000000000000000  000038fc
       0000000000000008  0000000000000004          5503   9504     4
  [1800] .group            GROUP            0000000000000000  00003904
       0000000000000008  0000000000000004          5503   9505     4
  [1801] .group            GROUP            0000000000000000  0000390c
       0000000000000008  0000000000000004          5503   9506     4
  [1802] .group            GROUP            0000000000000000  00003914
       0000000000000008  0000000000000004          5503   4970     4
  [1803] .group            GROUP            0000000000000000  0000391c
       0000000000000008  0000000000000004          5503   9514     4
  [1804] .group            GROUP            0000000000000000  00003924
       0000000000000008  0000000000000004          5503   9515     4
  [1805] .group            GROUP            0000000000000000  0000392c
       0000000000000008  0000000000000004          5503   4971     4
  [1806] .group            GROUP            0000000000000000  00003934
       0000000000000008  0000000000000004          5503   9522     4
  [1807] .group            GROUP            0000000000000000  0000393c
       0000000000000008  0000000000000004          5503   9523     4
  [1808] .group            GROUP            0000000000000000  00003944
       0000000000000008  0000000000000004          5503   9532     4
  [1809] .group            GROUP            0000000000000000  0000394c
       0000000000000008  0000000000000004          5503   9526     4
  [1810] .group            GROUP            0000000000000000  00003954
       0000000000000008  0000000000000004          5503   9527     4
  [1811] .group            GROUP            0000000000000000  0000395c
       0000000000000008  0000000000000004          5503   9528     4
  [1812] .group            GROUP            0000000000000000  00003964
       0000000000000008  0000000000000004          5503   9529     4
  [1813] .group            GROUP            0000000000000000  0000396c
       0000000000000008  0000000000000004          5503   9530     4
  [1814] .group            GROUP            0000000000000000  00003974
       0000000000000008  0000000000000004          5503   9531     4
  [1815] .group            GROUP            0000000000000000  0000397c
       0000000000000008  0000000000000004          5503   9533     4
  [1816] .group            GROUP            0000000000000000  00003984
       0000000000000008  0000000000000004          5503   9534     4
  [1817] .group            GROUP            0000000000000000  0000398c
       0000000000000008  0000000000000004          5503   9535     4
  [1818] .group            GROUP            0000000000000000  00003994
       0000000000000008  0000000000000004          5503   9536     4
  [1819] .group            GROUP            0000000000000000  0000399c
       0000000000000008  0000000000000004          5503   9537     4
  [1820] .group            GROUP            0000000000000000  000039a4
       0000000000000008  0000000000000004          5503   4972     4
  [1821] .group            GROUP            0000000000000000  000039ac
       0000000000000008  0000000000000004          5503   9543     4
  [1822] .group            GROUP            0000000000000000  000039b4
       0000000000000008  0000000000000004          5503   9544     4
  [1823] .group            GROUP            0000000000000000  000039bc
       0000000000000008  0000000000000004          5503   9553     4
  [1824] .group            GROUP            0000000000000000  000039c4
       0000000000000008  0000000000000004          5503   9547     4
  [1825] .group            GROUP            0000000000000000  000039cc
       0000000000000008  0000000000000004          5503   9548     4
  [1826] .group            GROUP            0000000000000000  000039d4
       0000000000000008  0000000000000004          5503   9549     4
  [1827] .group            GROUP            0000000000000000  000039dc
       0000000000000008  0000000000000004          5503   9550     4
  [1828] .group            GROUP            0000000000000000  000039e4
       0000000000000008  0000000000000004          5503   9551     4
  [1829] .group            GROUP            0000000000000000  000039ec
       0000000000000008  0000000000000004          5503   9552     4
  [1830] .group            GROUP            0000000000000000  000039f4
       0000000000000008  0000000000000004          5503   9554     4
  [1831] .group            GROUP            0000000000000000  000039fc
       0000000000000008  0000000000000004          5503   9556     4
  [1832] .group            GROUP            0000000000000000  00003a04
       0000000000000008  0000000000000004          5503   9557     4
  [1833] .group            GROUP            0000000000000000  00003a0c
       0000000000000008  0000000000000004          5503   9558     4
  [1834] .group            GROUP            0000000000000000  00003a14
       0000000000000008  0000000000000004          5503   9559     4
  [1835] .group            GROUP            0000000000000000  00003a1c
       0000000000000008  0000000000000004          5503   9564     4
  [1836] .group            GROUP            0000000000000000  00003a24
       0000000000000008  0000000000000004          5503   9565     4
  [1837] .group            GROUP            0000000000000000  00003a2c
       0000000000000008  0000000000000004          5503   9500     4
  [1838] .group            GROUP            0000000000000000  00003a34
       0000000000000008  0000000000000004          5503   9501     4
  [1839] .group            GROUP            0000000000000000  00003a3c
       0000000000000008  0000000000000004          5503   9502     4
  [1840] .group            GROUP            0000000000000000  00003a44
       0000000000000008  0000000000000004          5503   9592     4
  [1841] .group            GROUP            0000000000000000  00003a4c
       0000000000000008  0000000000000004          5503   9568     4
  [1842] .group            GROUP            0000000000000000  00003a54
       0000000000000008  0000000000000004          5503   9569     4
  [1843] .group            GROUP            0000000000000000  00003a5c
       0000000000000008  0000000000000004          5503   4973     4
  [1844] .group            GROUP            0000000000000000  00003a64
       0000000000000008  0000000000000004          5503   9572     4
  [1845] .group            GROUP            0000000000000000  00003a6c
       0000000000000008  0000000000000004          5503   9594     4
  [1846] .group            GROUP            0000000000000000  00003a74
       0000000000000008  0000000000000004          5503   9512     4
  [1847] .group            GROUP            0000000000000000  00003a7c
       0000000000000008  0000000000000004          5503   9597     4
  [1848] .group            GROUP            0000000000000000  00003a84
       0000000000000008  0000000000000004          5503   9573     4
  [1849] .group            GROUP            0000000000000000  00003a8c
       0000000000000008  0000000000000004          5503   9574     4
  [1850] .group            GROUP            0000000000000000  00003a94
       0000000000000008  0000000000000004          5503   9519     4
  [1851] .group            GROUP            0000000000000000  00003a9c
       0000000000000008  0000000000000004          5503   9599     4
  [1852] .group            GROUP            0000000000000000  00003aa4
       0000000000000008  0000000000000004          5503   9576     4
  [1853] .group            GROUP            0000000000000000  00003aac
       0000000000000008  0000000000000004          5503   9577     4
  [1854] .group            GROUP            0000000000000000  00003ab4
       0000000000000008  0000000000000004          5503   9578     4
  [1855] .group            GROUP            0000000000000000  00003abc
       0000000000000008  0000000000000004          5503   4974     4
  [1856] .group            GROUP            0000000000000000  00003ac4
       0000000000000008  0000000000000004          5503   9580     4
  [1857] .group            GROUP            0000000000000000  00003acc
       0000000000000008  0000000000000004          5503   9539     4
  [1858] .group            GROUP            0000000000000000  00003ad4
       0000000000000008  0000000000000004          5503   9540     4
  [1859] .group            GROUP            0000000000000000  00003adc
       0000000000000008  0000000000000004          5503   9603     4
  [1860] .group            GROUP            0000000000000000  00003ae4
       0000000000000008  0000000000000004          5503   9582     4
  [1861] .group            GROUP            0000000000000000  00003aec
       0000000000000008  0000000000000004          5503   9583     4
  [1862] .group            GROUP            0000000000000000  00003af4
       0000000000000008  0000000000000004          5503   9584     4
  [1863] .group            GROUP            0000000000000000  00003afc
       0000000000000008  0000000000000004          5503   4975     4
  [1864] .group            GROUP            0000000000000000  00003b04
       0000000000000008  0000000000000004          5503   9586     4
  [1865] .group            GROUP            0000000000000000  00003b0c
       0000000000000008  0000000000000004          5503   9561     4
  [1866] .group            GROUP            0000000000000000  00003b14
       0000000000000008  0000000000000004          5503   9562     4
  [1867] .group            GROUP            0000000000000000  00003b1c
       0000000000000008  0000000000000004          5503   9607     4
  [1868] .group            GROUP            0000000000000000  00003b24
       0000000000000008  0000000000000004          5503   9587     4
  [1869] .group            GROUP            0000000000000000  00003b2c
       0000000000000008  0000000000000004          5503   9588     4
  [1870] .group            GROUP            0000000000000000  00003b34
       0000000000000008  0000000000000004          5503   9589     4
  [1871] .group            GROUP            0000000000000000  00003b3c
       0000000000000008  0000000000000004          5503   9590     4
  [1872] .group            GROUP            0000000000000000  00003b44
       0000000000000008  0000000000000004          5503   9591     4
  [1873] .group            GROUP            0000000000000000  00003b4c
       0000000000000008  0000000000000004          5503   9612     4
  [1874] .group            GROUP            0000000000000000  00003b54
       0000000000000008  0000000000000004          5503   4976     4
  [1875] .group            GROUP            0000000000000000  00003b5c
       0000000000000008  0000000000000004          5503   9596     4
  [1876] .group            GROUP            0000000000000000  00003b64
       0000000000000008  0000000000000004          5503   9598     4
  [1877] .group            GROUP            0000000000000000  00003b6c
       0000000000000008  0000000000000004          5503   9601     4
  [1878] .group            GROUP            0000000000000000  00003b74
       0000000000000008  0000000000000004          5503   9602     4
  [1879] .group            GROUP            0000000000000000  00003b7c
       0000000000000008  0000000000000004          5503   9605     4
  [1880] .group            GROUP            0000000000000000  00003b84
       0000000000000008  0000000000000004          5503   9606     4
  [1881] .group            GROUP            0000000000000000  00003b8c
       0000000000000008  0000000000000004          5503   9608     4
  [1882] .group            GROUP            0000000000000000  00003b94
       0000000000000008  0000000000000004          5503   9610     4
  [1883] .group            GROUP            0000000000000000  00003b9c
       0000000000000008  0000000000000004          5503   9611     4
  [1884] .group            GROUP            0000000000000000  00003ba4
       0000000000000008  0000000000000004          5503   9614     4
  [1885] .group            GROUP            0000000000000000  00003bac
       0000000000000008  0000000000000004          5503   9615     4
  [1886] .group            GROUP            0000000000000000  00003bb4
       0000000000000008  0000000000000004          5503   9616     4
  [1887] .group            GROUP            0000000000000000  00003bbc
       0000000000000008  0000000000000004          5503   9609     4
  [1888] .group            GROUP            0000000000000000  00003bc4
       0000000000000008  0000000000000004          5503   9619     4
  [1889] .group            GROUP            0000000000000000  00003bcc
       0000000000000008  0000000000000004          5503   9620     4
  [1890] .group            GROUP            0000000000000000  00003bd4
       0000000000000008  0000000000000004          5503   9617     4
  [1891] .group            GROUP            0000000000000000  00003bdc
       0000000000000008  0000000000000004          5503   9618     4
  [1892] .group            GROUP            0000000000000000  00003be4
       0000000000000008  0000000000000004          5503   9621     4
  [1893] .group            GROUP            0000000000000000  00003bec
       0000000000000008  0000000000000004          5503   9622     4
  [1894] .group            GROUP            0000000000000000  00003bf4
       0000000000000008  0000000000000004          5503   9623     4
  [1895] .group            GROUP            0000000000000000  00003bfc
       0000000000000008  0000000000000004          5503   9624     4
  [1896] .group            GROUP            0000000000000000  00003c04
       0000000000000008  0000000000000004          5503   9625     4
  [1897] .group            GROUP            0000000000000000  00003c0c
       0000000000000008  0000000000000004          5503   9626     4
  [1898] .group            GROUP            0000000000000000  00003c14
       0000000000000008  0000000000000004          5503   9627     4
  [1899] .group            GROUP            0000000000000000  00003c1c
       0000000000000008  0000000000000004          5503   9628     4
  [1900] .group            GROUP            0000000000000000  00003c24
       0000000000000008  0000000000000004          5503   9630     4
  [1901] .group            GROUP            0000000000000000  00003c2c
       0000000000000008  0000000000000004          5503   9631     4
  [1902] .group            GROUP            0000000000000000  00003c34
       0000000000000008  0000000000000004          5503   9635     4
  [1903] .group            GROUP            0000000000000000  00003c3c
       0000000000000008  0000000000000004          5503   9636     4
  [1904] .group            GROUP            0000000000000000  00003c44
       0000000000000008  0000000000000004          5503   4977     4
  [1905] .group            GROUP            0000000000000000  00003c4c
       0000000000000008  0000000000000004          5503   9638     4
  [1906] .group            GROUP            0000000000000000  00003c54
       0000000000000008  0000000000000004          5503   9639     4
  [1907] .group            GROUP            0000000000000000  00003c5c
       0000000000000008  0000000000000004          5503   9641     4
  [1908] .group            GROUP            0000000000000000  00003c64
       0000000000000008  0000000000000004          5503   9642     4
  [1909] .group            GROUP            0000000000000000  00003c6c
       0000000000000008  0000000000000004          5503   9643     4
  [1910] .group            GROUP            0000000000000000  00003c74
       0000000000000008  0000000000000004          5503   9644     4
  [1911] .group            GROUP            0000000000000000  00003c7c
       0000000000000008  0000000000000004          5503   9645     4
  [1912] .group            GROUP            0000000000000000  00003c84
       0000000000000008  0000000000000004          5503   9646     4
  [1913] .group            GROUP            0000000000000000  00003c8c
       0000000000000008  0000000000000004          5503   9647     4
  [1914] .group            GROUP            0000000000000000  00003c94
       0000000000000008  0000000000000004          5503   9648     4
  [1915] .group            GROUP            0000000000000000  00003c9c
       0000000000000008  0000000000000004          5503   9649     4
  [1916] .group            GROUP            0000000000000000  00003ca4
       0000000000000008  0000000000000004          5503   9320     4
  [1917] .group            GROUP            0000000000000000  00003cac
       0000000000000008  0000000000000004          5503   9650     4
  [1918] .group            GROUP            0000000000000000  00003cb4
       0000000000000008  0000000000000004          5503   9298     4
  [1919] .group            GROUP            0000000000000000  00003cbc
       0000000000000008  0000000000000004          5503   9651     4
  [1920] .group            GROUP            0000000000000000  00003cc4
       0000000000000008  0000000000000004          5503   9276     4
  [1921] .group            GROUP            0000000000000000  00003ccc
       0000000000000008  0000000000000004          5503   9652     4
  [1922] .group            GROUP            0000000000000000  00003cd4
       0000000000000008  0000000000000004          5503   9254     4
  [1923] .group            GROUP            0000000000000000  00003cdc
       0000000000000008  0000000000000004          5503   9653     4
  [1924] .group            GROUP            0000000000000000  00003ce4
       0000000000000008  0000000000000004          5503   9233     4
  [1925] .group            GROUP            0000000000000000  00003cec
       0000000000000008  0000000000000004          5503   9654     4
  [1926] .group            GROUP            0000000000000000  00003cf4
       0000000000000008  0000000000000004          5503   9208     4
  [1927] .group            GROUP            0000000000000000  00003cfc
       0000000000000008  0000000000000004          5503   9655     4
  [1928] .group            GROUP            0000000000000000  00003d04
       0000000000000008  0000000000000004          5503   9207     4
  [1929] .group            GROUP            0000000000000000  00003d0c
       0000000000000008  0000000000000004          5503   9656     4
  [1930] .group            GROUP            0000000000000000  00003d14
       0000000000000008  0000000000000004          5503   9205     4
  [1931] .group            GROUP            0000000000000000  00003d1c
       0000000000000008  0000000000000004          5503   9657     4
  [1932] .group            GROUP            0000000000000000  00003d24
       0000000000000008  0000000000000004          5503   9203     4
  [1933] .group            GROUP            0000000000000000  00003d2c
       0000000000000008  0000000000000004          5503   9658     4
  [1934] .group            GROUP            0000000000000000  00003d34
       0000000000000008  0000000000000004          5503   9201     4
  [1935] .group            GROUP            0000000000000000  00003d3c
       0000000000000008  0000000000000004          5503   9659     4
  [1936] .group            GROUP            0000000000000000  00003d44
       0000000000000008  0000000000000004          5503   9199     4
  [1937] .group            GROUP            0000000000000000  00003d4c
       0000000000000008  0000000000000004          5503   9660     4
  [1938] .group            GROUP            0000000000000000  00003d54
       0000000000000008  0000000000000004          5503   9197     4
  [1939] .group            GROUP            0000000000000000  00003d5c
       0000000000000008  0000000000000004          5503   9661     4
  [1940] .group            GROUP            0000000000000000  00003d64
       0000000000000008  0000000000000004          5503   9195     4
  [1941] .group            GROUP            0000000000000000  00003d6c
       0000000000000008  0000000000000004          5503   9662     4
  [1942] .group            GROUP            0000000000000000  00003d74
       0000000000000008  0000000000000004          5503   9193     4
  [1943] .group            GROUP            0000000000000000  00003d7c
       0000000000000008  0000000000000004          5503   9663     4
  [1944] .group            GROUP            0000000000000000  00003d84
       0000000000000008  0000000000000004          5503   9191     4
  [1945] .group            GROUP            0000000000000000  00003d8c
       0000000000000008  0000000000000004          5503   9664     4
  [1946] .group            GROUP            0000000000000000  00003d94
       0000000000000008  0000000000000004          5503   9189     4
  [1947] .group            GROUP            0000000000000000  00003d9c
       0000000000000008  0000000000000004          5503   9665     4
  [1948] .group            GROUP            0000000000000000  00003da4
       0000000000000008  0000000000000004          5503   9118     4
  [1949] .group            GROUP            0000000000000000  00003dac
       0000000000000008  0000000000000004          5503   9666     4
  [1950] .group            GROUP            0000000000000000  00003db4
       0000000000000008  0000000000000004          5503   9140     4
  [1951] .group            GROUP            0000000000000000  00003dbc
       0000000000000008  0000000000000004          5503   9670     4
  [1952] .group            GROUP            0000000000000000  00003dc4
       0000000000000008  0000000000000004          5503   9120     4
  [1953] .group            GROUP            0000000000000000  00003dcc
       0000000000000008  0000000000000004          5503   9671     4
  [1954] .group            GROUP            0000000000000000  00003dd4
       0000000000000008  0000000000000004          5503   9122     4
  [1955] .group            GROUP            0000000000000000  00003ddc
       0000000000000008  0000000000000004          5503   9673     4
  [1956] .group            GROUP            0000000000000000  00003de4
       0000000000000008  0000000000000004          5503   9144     4
  [1957] .group            GROUP            0000000000000000  00003dec
       0000000000000008  0000000000000004          5503   9675     4
  [1958] .group            GROUP            0000000000000000  00003df4
       0000000000000008  0000000000000004          5503   9124     4
  [1959] .group            GROUP            0000000000000000  00003dfc
       0000000000000008  0000000000000004          5503   9676     4
  [1960] .group            GROUP            0000000000000000  00003e04
       0000000000000008  0000000000000004          5503   9126     4
  [1961] .group            GROUP            0000000000000000  00003e0c
       0000000000000008  0000000000000004          5503   9678     4
  [1962] .group            GROUP            0000000000000000  00003e14
       0000000000000008  0000000000000004          5503   9148     4
  [1963] .group            GROUP            0000000000000000  00003e1c
       0000000000000008  0000000000000004          5503   9680     4
  [1964] .group            GROUP            0000000000000000  00003e24
       0000000000000008  0000000000000004          5503   9136     4
  [1965] .group            GROUP            0000000000000000  00003e2c
       0000000000000008  0000000000000004          5503   9681     4
  [1966] .group            GROUP            0000000000000000  00003e34
       0000000000000008  0000000000000004          5503   9152     4
  [1967] .group            GROUP            0000000000000000  00003e3c
       0000000000000008  0000000000000004          5503   9682     4
  [1968] .group            GROUP            0000000000000000  00003e44
       0000000000000008  0000000000000004          5503   9668     4
  [1969] .group            GROUP            0000000000000000  00003e4c
       0000000000000008  0000000000000004          5503   9683     4
  [1970] .group            GROUP            0000000000000000  00003e54
       0000000000000008  0000000000000004          5503   9672     4
  [1971] .group            GROUP            0000000000000000  00003e5c
       0000000000000008  0000000000000004          5503   9684     4
  [1972] .group            GROUP            0000000000000000  00003e64
       0000000000000008  0000000000000004          5503   9674     4
  [1973] .group            GROUP            0000000000000000  00003e6c
       0000000000000008  0000000000000004          5503   9685     4
  [1974] .group            GROUP            0000000000000000  00003e74
       0000000000000008  0000000000000004          5503   9677     4
  [1975] .group            GROUP            0000000000000000  00003e7c
       0000000000000008  0000000000000004          5503   9686     4
  [1976] .group            GROUP            0000000000000000  00003e84
       0000000000000008  0000000000000004          5503   9679     4
  [1977] .group            GROUP            0000000000000000  00003e8c
       0000000000000008  0000000000000004          5503   9687     4
  [1978] .group            GROUP            0000000000000000  00003e94
       0000000000000008  0000000000000004          5503   9667     4
  [1979] .group            GROUP            0000000000000000  00003e9c
       0000000000000008  0000000000000004          5503   9688     4
  [1980] .group            GROUP            0000000000000000  00003ea4
       0000000000000008  0000000000000004          5503   6971     4
  [1981] .text             PROGBITS         0000000000000000  00003eb0
       0000000000002ee4  0000000000000000  AX       0     0     8
  [1982] .rela.text        RELA             0000000000000000  002188d0
       00000000000060c0  0000000000000018   I      5503   1981     8
  [1983] .data             PROGBITS         0000000000000000  00006d98
       0000000000000038  0000000000000000  WA       0     0     8
  [1984] .bss              NOBITS           0000000000000000  00006dd0
       000000000000046d  0000000000000000  WA       0     0     8
  [1985] .rodata           PROGBITS         0000000000000000  00006dd0
       0000000000004437  0000000000000000   A       0     0     8
  [1986] .rela.rodata      RELA             0000000000000000  0021e990
       0000000000000018  0000000000000018   I      5503   1985     8
  [1987] .text._ZNSt9[...] PROGBITS         0000000000000000  0000b208
       0000000000000024  0000000000000000 AXG       0     0     4
  [1988] .rela.text._[...] RELA             0000000000000000  0021e9a8
       0000000000000030  0000000000000018   I      5503   1987     8
  [1989] .text._ZNSt1[...] PROGBITS         0000000000000000  0000b22c
       0000000000000030  0000000000000000 AXG       0     0     4
  [1990] .rela.text._[...] RELA             0000000000000000  0021e9d8
       0000000000000048  0000000000000018   I      5503   1989     8
  [1991] .text._ZNSt9[...] PROGBITS         0000000000000000  0000b25c
       0000000000000030  0000000000000000 AXG       0     0     4
  [1992] .rela.text._[...] RELA             0000000000000000  0021ea20
       0000000000000048  0000000000000018   I      5503   1991     8
  [1993] .text._ZnwmPv     PROGBITS         0000000000000000  0000b28c
       0000000000000018  0000000000000000 AXG       0     0     4
  [1994] .text._ZdlPvS_    PROGBITS         0000000000000000  0000b2a4
       0000000000000018  0000000000000000 AXG       0     0     4
  [1995] .text._ZN3ro[...] PROGBITS         0000000000000000  0000b2bc
       000000000000004c  0000000000000000 AXG       0     0     4
  [1996] .rela.text._[...] RELA             0000000000000000  0021ea68
       0000000000000060  0000000000000018   I      5503   1995     8
  [1997] .gcc_except_[...] PROGBITS         0000000000000000  0000b308
       000000000000000c  0000000000000000  AG       0     0     1
  [1998] .text._ZN5bo[...] PROGBITS         0000000000000000  0000b314
       0000000000000024  0000000000000000 AXG       0     0     4
  [1999] .text._ZN5bo[...] PROGBITS         0000000000000000  0000b338
       0000000000000024  0000000000000000 AXG       0     0     4
  [2000] .text._ZN5bo[...] PROGBITS         0000000000000000  0000b35c
       0000000000000024  0000000000000000 AXG       0     0     4
  [2001] .text._ZN5bo[...] PROGBITS         0000000000000000  0000b380
       0000000000000058  0000000000000000 AXG       0     0     8
  [2002] .rela.text._[...] RELA             0000000000000000  0021eac8
       0000000000000030  0000000000000018   I      5503   2001     8
  [2003] .text._ZN5bo[...] PROGBITS         0000000000000000  0000b3d8
       0000000000000048  0000000000000000 AXG       0     0     8
  [2004] .rela.text._[...] RELA             0000000000000000  0021eaf8
       0000000000000048  0000000000000018   I      5503   2003     8
  [2005] .text._ZN5bo[...] PROGBITS         0000000000000000  0000b420
       0000000000000024  0000000000000000 AXG       0     0     4
  [2006] .rela.text._[...] RELA             0000000000000000  0021eb40
       0000000000000030  0000000000000018   I      5503   2005     8
  [2007] .text._ZN5bo[...] PROGBITS         0000000000000000  0000b448
       0000000000000040  0000000000000000 AXG       0     0     8
  [2008] .rela.text._[...] RELA             0000000000000000  0021eb70
       0000000000000030  0000000000000018   I      5503   2007     8
  [2009] .text._ZN5bo[...] PROGBITS         0000000000000000  0000b488
       0000000000000024  0000000000000000 AXG       0     0     4
  [2010] .rela.text._[...] RELA             0000000000000000  0021eba0
       0000000000000030  0000000000000018   I      5503   2009     8
  [2011] .text._ZN5bo[...] PROGBITS         0000000000000000  0000b4ac
       0000000000000120  0000000000000000 AXG       0     0     4
  [2012] .rela.text._[...] RELA             0000000000000000  0021ebd0
       0000000000000150  0000000000000018   I      5503   2011     8
  [2013] .gcc_except_[...] PROGBITS         0000000000000000  0000b5cc
       0000000000000019  0000000000000000  AG       0     0     1
  [2014] .text._ZN5bo[...] PROGBITS         0000000000000000  0000b5e8
       0000000000000014  0000000000000000 AXG       0     0     4
  [2015] .text._ZNKSt[...] PROGBITS         0000000000000000  0000b5fc
       000000000000003c  0000000000000000 AXG       0     0     4
  [2016] .text._ZNKSt[...] PROGBITS         0000000000000000  0000b638
       0000000000000074  0000000000000000 AXG       0     0     4
  [2017] .rela.text._[...] RELA             0000000000000000  0021ed20
       0000000000000018  0000000000000018   I      5503   2016     8
  [2018] .text._ZNSt9[...] PROGBITS         0000000000000000  0000b6ac
       0000000000000028  0000000000000000 AXG       0     0     4
  [2019] .rela.text._[...] RELA             0000000000000000  0021ed38
       0000000000000030  0000000000000018   I      5503   2018     8
  [2020] .text._ZN5bo[...] PROGBITS         0000000000000000  0000b6d4
       000000000000002c  0000000000000000 AXG       0     0     4
  [2021] .text._ZN5bo[...] PROGBITS         0000000000000000  0000b700
       000000000000002c  0000000000000000 AXG       0     0     4
  [2022] .text._ZN5bo[...] PROGBITS         0000000000000000  0000b730
       0000000000000040  0000000000000000 AXG       0     0     8
  [2023] .rela.text._[...] RELA             0000000000000000  0021ed68
       0000000000000018  0000000000000018   I      5503   2022     8
  [2024] .text._ZN5bo[...] PROGBITS         0000000000000000  0000b770
       0000000000000040  0000000000000000 AXG       0     0     8
  [2025] .rela.text._[...] RELA             0000000000000000  0021ed80
       0000000000000030  0000000000000018   I      5503   2024     8
  [2026] .text._ZN5bo[...] PROGBITS         0000000000000000  0000b7b0
       0000000000000024  0000000000000000 AXG       0     0     4
  [2027] .rela.text._[...] RELA             0000000000000000  0021edb0
       0000000000000030  0000000000000018   I      5503   2026     8
  [2028] .text._ZN5bo[...] PROGBITS         0000000000000000  0000b7d4
       000000000000003c  0000000000000000 AXG       0     0     4
  [2029] .text._ZN5bo[...] PROGBITS         0000000000000000  0000b810
       0000000000000024  0000000000000000 AXG       0     0     4
  [2030] .rela.text._[...] RELA             0000000000000000  0021ede0
       0000000000000018  0000000000000018   I      5503   2029     8
  [2031] .text._ZN5bo[...] PROGBITS         0000000000000000  0000b834
       0000000000000058  0000000000000000 AXG       0     0     4
  [2032] .rela.text._[...] RELA             0000000000000000  0021edf8
       0000000000000030  0000000000000018   I      5503   2031     8
  [2033] .text._ZN5bo[...] PROGBITS         0000000000000000  0000b88c
       0000000000000050  0000000000000000 AXG       0     0     4
  [2034] .rela.text._[...] RELA             0000000000000000  0021ee28
       0000000000000018  0000000000000018   I      5503   2033     8
  [2035] .text._ZN5bo[...] PROGBITS         0000000000000000  0000b8dc
       000000000000001c  0000000000000000 AXG       0     0     4
  [2036] .text._ZN5bo[...] PROGBITS         0000000000000000  0000b8f8
       0000000000000034  0000000000000000 AXG       0     0     4
  [2037] .rela.text._[...] RELA             0000000000000000  0021ee40
       0000000000000018  0000000000000018   I      5503   2036     8
  [2038] .gcc_except_[...] PROGBITS         0000000000000000  0000b92c
       0000000000000004  0000000000000000  AG       0     0     1
  [2039] .text._ZN5bo[...] PROGBITS         0000000000000000  0000b930
       0000000000000048  0000000000000000 AXG       0     0     4
  [2040] .rela.text._[...] RELA             0000000000000000  0021ee58
       0000000000000018  0000000000000018   I      5503   2039     8
  [2041] .text._ZN5bo[...] PROGBITS         0000000000000000  0000b978
       0000000000000040  0000000000000000 AXG       0     0     4
  [2042] .text._ZNK5b[...] PROGBITS         0000000000000000  0000b9b8
       000000000000004c  0000000000000000 AXG       0     0     4
  [2043] .text._ZN5bo[...] PROGBITS         0000000000000000  0000ba04
       0000000000000008  0000000000000000 AXG       0     0     4
  [2044] .text._ZN3ro[...] PROGBITS         0000000000000000  0000ba0c
       0000000000000020  0000000000000000 AXG       0     0     4
  [2045] .rela.text._[...] RELA             0000000000000000  0021ee70
       0000000000000018  0000000000000018   I      5503   2044     8
  [2046] .text._ZN3ro[...] PROGBITS         0000000000000000  0000ba2c
       0000000000000020  0000000000000000 AXG       0     0     4
  [2047] .rela.text._[...] RELA             0000000000000000  0021ee88
       0000000000000018  0000000000000018   I      5503   2046     8
  [2048] .text._ZNSt1[...] PROGBITS         0000000000000000  0000ba4c
       0000000000000034  0000000000000000 AXG       0     0     4
  [2049] .text._ZNSt1[...] PROGBITS         0000000000000000  0000ba80
       0000000000000034  0000000000000000 AXG       0     0     4
  [2050] .text._ZN5bo[...] PROGBITS         0000000000000000  0000bab4
       000000000000001c  0000000000000000 AXG       0     0     4
  [2051] .text._ZNK5b[...] PROGBITS         0000000000000000  0000bad0
       0000000000000024  0000000000000000 AXG       0     0     4
  [2052] .text._ZNK5b[...] PROGBITS         0000000000000000  0000baf4
       0000000000000028  0000000000000000 AXG       0     0     4
  [2053] .text._ZN5bo[...] PROGBITS         0000000000000000  0000bb20
       0000000000000048  0000000000000000 AXG       0     0     8
  [2054] .rela.text._[...] RELA             0000000000000000  0021eea0
       0000000000000060  0000000000000018   I      5503   2053     8
  [2055] .text._ZN5bo[...] PROGBITS         0000000000000000  0000bb68
       0000000000000020  0000000000000000 AXG       0     0     4
  [2056] .rela.text._[...] RELA             0000000000000000  0021ef00
       0000000000000018  0000000000000018   I      5503   2055     8
  [2057] .text._ZN5bo[...] PROGBITS         0000000000000000  0000bb88
       0000000000000008  0000000000000000 AXG       0     0     4
  [2058] .text._ZN5bo[...] PROGBITS         0000000000000000  0000bb90
       0000000000000020  0000000000000000 AXG       0     0     4
  [2059] .rela.text._[...] RELA             0000000000000000  0021ef18
       0000000000000018  0000000000000018   I      5503   2058     8
  [2060] .text._ZN5bo[...] PROGBITS         0000000000000000  0000bbb0
       0000000000000024  0000000000000000 AXG       0     0     4
  [2061] .rela.text._[...] RELA             0000000000000000  0021ef30
       0000000000000018  0000000000000018   I      5503   2060     8
  [2062] .text._ZN5bo[...] PROGBITS         0000000000000000  0000bbd4
       0000000000000024  0000000000000000 AXG       0     0     4
  [2063] .rela.text._[...] RELA             0000000000000000  0021ef48
       0000000000000018  0000000000000018   I      5503   2062     8
  [2064] .text._ZN3ro[...] PROGBITS         0000000000000000  0000bbf8
       0000000000000044  0000000000000000 AXG       0     0     4
  [2065] .rela.text._[...] RELA             0000000000000000  0021ef60
       0000000000000030  0000000000000018   I      5503   2064     8
  [2066] .text._ZN3ro[...] PROGBITS         0000000000000000  0000bc3c
       0000000000000014  0000000000000000 AXG       0     0     4
  [2067] .text._ZN3ro[...] PROGBITS         0000000000000000  0000bc50
       0000000000000014  0000000000000000 AXG       0     0     4
  [2068] .text._ZN3ro[...] PROGBITS         0000000000000000  0000bc64
       0000000000000014  0000000000000000 AXG       0     0     4
  [2069] .text._ZN3ro[...] PROGBITS         0000000000000000  0000bc78
       0000000000000014  0000000000000000 AXG       0     0     4
  [2070] .text._ZN3ro[...] PROGBITS         0000000000000000  0000bc8c
       0000000000000014  0000000000000000 AXG       0     0     4
  [2071] .text._ZN3ro[...] PROGBITS         0000000000000000  0000bca0
       0000000000000014  0000000000000000 AXG       0     0     4
  [2072] .text._ZN3ro[...] PROGBITS         0000000000000000  0000bcb4
       0000000000000018  0000000000000000 AXG       0     0     4
  [2073] .text._ZN3ro[...] PROGBITS         0000000000000000  0000bccc
       000000000000003c  0000000000000000 AXG       0     0     4
  [2074] .text._ZN3ro[...] PROGBITS         0000000000000000  0000bd08
       0000000000000030  0000000000000000 AXG       0     0     4
  [2075] .rela.text._[...] RELA             0000000000000000  0021ef90
       0000000000000018  0000000000000018   I      5503   2074     8
  [2076] .text._ZN3ro[...] PROGBITS         0000000000000000  0000bd38
       0000000000000030  0000000000000000 AXG       0     0     4
  [2077] .rela.text._[...] RELA             0000000000000000  0021efa8
       0000000000000018  0000000000000018   I      5503   2076     8
  [2078] .text._ZN3ro[...] PROGBITS         0000000000000000  0000bd68
       000000000000001c  0000000000000000 AXG       0     0     4
  [2079] .text._ZN3ro[...] PROGBITS         0000000000000000  0000bd84
       0000000000000018  0000000000000000 AXG       0     0     4
  [2080] .text._ZN5bo[...] PROGBITS         0000000000000000  0000bd9c
       0000000000000014  0000000000000000 AXG       0     0     4
  [2081] .text._ZN5bo[...] PROGBITS         0000000000000000  0000bdb0
       0000000000000024  0000000000000000 AXG       0     0     4
  [2082] .rela.text._[...] RELA             0000000000000000  0021efc0
       0000000000000018  0000000000000018   I      5503   2081     8
  [2083] .text._ZN3ro[...] PROGBITS         0000000000000000  0000bdd4
       0000000000000020  0000000000000000 AXG       0     0     4
  [2084] .rela.text._[...] RELA             0000000000000000  0021efd8
       0000000000000018  0000000000000018   I      5503   2083     8
  [2085] .text._ZN3ro[...] PROGBITS         0000000000000000  0000bdf8
       0000000000000040  0000000000000000 AXG       0     0     8
  [2086] .rela.text._[...] RELA             0000000000000000  0021eff0
       0000000000000030  0000000000000018   I      5503   2085     8
  [2087] .text._ZN3ro[...] PROGBITS         0000000000000000  0000be38
       0000000000000024  0000000000000000 AXG       0     0     4
  [2088] .rela.text._[...] RELA             0000000000000000  0021f020
       0000000000000030  0000000000000018   I      5503   2087     8
  [2089] .text._ZN3ro[...] PROGBITS         0000000000000000  0000be5c
       00000000000000cc  0000000000000000 AXG       0     0     4
  [2090] .rela.text._[...] RELA             0000000000000000  0021f050
       0000000000000138  0000000000000018   I      5503   2089     8
  [2091] .gcc_except_[...] PROGBITS         0000000000000000  0000bf28
       0000000000000012  0000000000000000  AG       0     0     1
  [2092] .text._ZN5bo[...] PROGBITS         0000000000000000  0000bf3c
       0000000000000024  0000000000000000 AXG       0     0     4
  [2093] .rela.text._[...] RELA             0000000000000000  0021f188
       0000000000000018  0000000000000018   I      5503   2092     8
  [2094] .text._ZNSt3[...] PROGBITS         0000000000000000  0000bf60
       0000000000000020  0000000000000000 AXG       0     0     4
  [2095] .rela.text._[...] RELA             0000000000000000  0021f1a0
       0000000000000018  0000000000000018   I      5503   2094     8
  [2096] .text._ZN3ro[...] PROGBITS         0000000000000000  0000bf80
       000000000000002c  0000000000000000 AXG       0     0     4
  [2097] .rela.text._[...] RELA             0000000000000000  0021f1b8
       0000000000000030  0000000000000018   I      5503   2096     8
  [2098] .text._ZN3ro[...] PROGBITS         0000000000000000  0000bfac
       000000000000002c  0000000000000000 AXG       0     0     4
  [2099] .rela.text._[...] RELA             0000000000000000  0021f1e8
       0000000000000030  0000000000000018   I      5503   2098     8
  [2100] .text._ZN3ro[...] PROGBITS         0000000000000000  0000bfd8
       0000000000000078  0000000000000000 AXG       0     0     4
  [2101] .rela.text._[...] RELA             0000000000000000  0021f218
       0000000000000090  0000000000000018   I      5503   2100     8
  [2102] .text._ZNK5b[...] PROGBITS         0000000000000000  0000c050
       0000000000000018  0000000000000000 AXG       0     0     4
  [2103] .text._ZNK5b[...] PROGBITS         0000000000000000  0000c068
       0000000000000098  0000000000000000 AXG       0     0     4
  [2104] .rela.text._[...] RELA             0000000000000000  0021f2a8
       0000000000000090  0000000000000018   I      5503   2103     8
  [2105] .text._ZN5bo[...] PROGBITS         0000000000000000  0000c100
       0000000000000050  0000000000000000 AXG       0     0     8
  [2106] .rela.text._[...] RELA             0000000000000000  0021f338
       0000000000000060  0000000000000018   I      5503   2105     8
  [2107] .text._ZN5bo[...] PROGBITS         0000000000000000  0000c150
       0000000000000024  0000000000000000 AXG       0     0     4
  [2108] .rela.text._[...] RELA             0000000000000000  0021f398
       0000000000000030  0000000000000018   I      5503   2107     8
  [2109] .text._ZNK5b[...] PROGBITS         0000000000000000  0000c174
       0000000000000158  0000000000000000 AXG       0     0     4
  [2110] .rela.text._[...] RELA             0000000000000000  0021f3c8
       0000000000000210  0000000000000018   I      5503   2109     8
  [2111] .gcc_except_[...] PROGBITS         0000000000000000  0000c2cc
       0000000000000029  0000000000000000  AG       0     0     4
  [2112] .text._Z6tfSqrtd  PROGBITS         0000000000000000  0000c2f8
       000000000000001c  0000000000000000 AXG       0     0     4
  [2113] .rela.text._[...] RELA             0000000000000000  0021f5d8
       0000000000000018  0000000000000018   I      5503   2112     8
  [2114] .text._Z6tfFabsd  PROGBITS         0000000000000000  0000c314
       0000000000000018  0000000000000000 AXG       0     0     4
  [2115] .text._Z5tfCosd   PROGBITS         0000000000000000  0000c32c
       000000000000001c  0000000000000000 AXG       0     0     4
  [2116] .rela.text._[...] RELA             0000000000000000  0021f5f0
       0000000000000018  0000000000000018   I      5503   2115     8
  [2117] .text._Z5tfSind   PROGBITS         0000000000000000  0000c348
       000000000000001c  0000000000000000 AXG       0     0     4
  [2118] .rela.text._[...] RELA             0000000000000000  0021f608
       0000000000000018  0000000000000018   I      5503   2117     8
  [2119] .text._Z6tfAsind  PROGBITS         0000000000000000  0000c364
       000000000000004c  0000000000000000 AXG       0     0     4
  [2120] .rela.text._[...] RELA             0000000000000000  0021f620
       0000000000000018  0000000000000018   I      5503   2119     8
  [2121] .text._Z7tfA[...] PROGBITS         0000000000000000  0000c3b0
       0000000000000024  0000000000000000 AXG       0     0     4
  [2122] .rela.text._[...] RELA             0000000000000000  0021f638
       0000000000000018  0000000000000018   I      5503   2121     8
  [2123] .text._ZN2tf[...] PROGBITS         0000000000000000  0000c3d4
       0000000000000014  0000000000000000 AXG       0     0     4
  [2124] .text._ZNK2t[...] PROGBITS         0000000000000000  0000c3e8
       0000000000000014  0000000000000000 AXG       0     0     4
  [2125] .text._ZNK2t[...] PROGBITS         0000000000000000  0000c3fc
       0000000000000018  0000000000000000 AXG       0     0     4
  [2126] .text._ZNK2t[...] PROGBITS         0000000000000000  0000c414
       0000000000000018  0000000000000000 AXG       0     0     4
  [2127] .text._ZN2tf[...] PROGBITS         0000000000000000  0000c42c
       0000000000000058  0000000000000000 AXG       0     0     4
  [2128] .text._ZNK2t[...] PROGBITS         0000000000000000  0000c484
       0000000000000014  0000000000000000 AXG       0     0     4
  [2129] .text._ZNK2t[...] PROGBITS         0000000000000000  0000c498
       0000000000000018  0000000000000000 AXG       0     0     4
  [2130] .text._ZNK2t[...] PROGBITS         0000000000000000  0000c4b0
       0000000000000018  0000000000000000 AXG       0     0     4
  [2131] .text._ZNK2t[...] PROGBITS         0000000000000000  0000c4c8
       0000000000000018  0000000000000000 AXG       0     0     4
  [2132] .text._ZN2tf[...] PROGBITS         0000000000000000  0000c4e0
       0000000000000064  0000000000000000 AXG       0     0     4
  [2133] .text._ZN2tf[...] PROGBITS         0000000000000000  0000c544
       0000000000000014  0000000000000000 AXG       0     0     4
  [2134] .text._ZN2tf[...] PROGBITS         0000000000000000  0000c558
       0000000000000064  0000000000000000 AXG       0     0     4
  [2135] .text._ZN2tf[...] PROGBITS         0000000000000000  0000c5bc
       0000000000000020  0000000000000000 AXG       0     0     4
  [2136] .rela.text._[...] RELA             0000000000000000  0021f650
       0000000000000018  0000000000000018   I      5503   2135     8
  [2137] .text._ZN2tf[...] PROGBITS         0000000000000000  0000c5dc
       0000000000000040  0000000000000000 AXG       0     0     4
  [2138] .rela.text._[...] RELA             0000000000000000  0021f668
       0000000000000018  0000000000000018   I      5503   2137     8
  [2139] .text._ZN2tf[...] PROGBITS         0000000000000000  0000c61c
       00000000000001b4  0000000000000000 AXG       0     0     4
  [2140] .rela.text._[...] RELA             0000000000000000  0021f680
       0000000000000120  0000000000000018   I      5503   2139     8
  [2141] .text._ZN2tf[...] PROGBITS         0000000000000000  0000c7d0
       0000000000000088  0000000000000000 AXG       0     0     4
  [2142] .text._ZNK2t[...] PROGBITS         0000000000000000  0000c858
       0000000000000088  0000000000000000 AXG       0     0     4
  [2143] .rela.text._[...] RELA             0000000000000000  0021f7a0
       0000000000000048  0000000000000018   I      5503   2142     8
  [2144] .text._ZNK2t[...] PROGBITS         0000000000000000  0000c8e0
       0000000000000020  0000000000000000 AXG       0     0     4
  [2145] .rela.text._[...] RELA             0000000000000000  0021f7e8
       0000000000000018  0000000000000018   I      5503   2144     8
  [2146] .text._ZNK2t[...] PROGBITS         0000000000000000  0000c900
       0000000000000020  0000000000000000 AXG       0     0     4
  [2147] .rela.text._[...] RELA             0000000000000000  0021f800
       0000000000000030  0000000000000018   I      5503   2146     8
  [2148] .text._ZN2tf[...] PROGBITS         0000000000000000  0000c920
       0000000000000064  0000000000000000 AXG       0     0     4
  [2149] .rela.text._[...] RELA             0000000000000000  0021f830
       00000000000000a8  0000000000000018   I      5503   2148     8
  [2150] .text._ZN2tf[...] PROGBITS         0000000000000000  0000c984
       0000000000000070  0000000000000000 AXG       0     0     4
  [2151] .rela.text._[...] RELA             0000000000000000  0021f8d8
       0000000000000090  0000000000000018   I      5503   2150     8
  [2152] .text._ZN2tf[...] PROGBITS         0000000000000000  0000c9f4
       0000000000000048  0000000000000000 AXG       0     0     4
  [2153] .rela.text._[...] RELA             0000000000000000  0021f968
       0000000000000018  0000000000000018   I      5503   2152     8
  [2154] .text._ZN2tf[...] PROGBITS         0000000000000000  0000ca3c
       0000000000000058  0000000000000000 AXG       0     0     4
  [2155] .rela.text._[...] RELA             0000000000000000  0021f980
       0000000000000030  0000000000000018   I      5503   2154     8
  [2156] .text._ZN2tf[...] PROGBITS         0000000000000000  0000ca94
       0000000000000078  0000000000000000 AXG       0     0     4
  [2157] .rela.text._[...] RELA             0000000000000000  0021f9b0
       0000000000000048  0000000000000018   I      5503   2156     8
  [2158] .text._ZN2tf[...] PROGBITS         0000000000000000  0000cb0c
       0000000000000270  0000000000000000 AXG       0     0     4
  [2159] .rela.text._[...] RELA             0000000000000000  0021f9f8
       00000000000001c8  0000000000000018   I      5503   2158     8
  [2160] .text._ZNK2t[...] PROGBITS         0000000000000000  0000cd80
       00000000000002e0  0000000000000000 AXG       0     0     8
  [2161] .rela.text._[...] RELA             0000000000000000  0021fbc0
       00000000000002e8  0000000000000018   I      5503   2160     8
  [2162] .text._ZNK2t[...] PROGBITS         0000000000000000  0000d060
       0000000000000040  0000000000000000 AXG       0     0     4
  [2163] .rela.text._[...] RELA             0000000000000000  0021fea8
       0000000000000018  0000000000000018   I      5503   2162     8
  [2164] .text._ZN2tf[...] PROGBITS         0000000000000000  0000d0a0
       000000000000002c  0000000000000000 AXG       0     0     4
  [2165] .rela.text._[...] RELA             0000000000000000  0021fec0
       0000000000000030  0000000000000018   I      5503   2164     8
  [2166] .text._ZN3ro[...] PROGBITS         0000000000000000  0000d0cc
       0000000000000020  0000000000000000 AXG       0     0     4
  [2167] .rela.text._[...] RELA             0000000000000000  0021fef0
       0000000000000018  0000000000000018   I      5503   2166     8
  [2168] .text._ZN2tf[...] PROGBITS         0000000000000000  0000d0ec
       0000000000000044  0000000000000000 AXG       0     0     4
  [2169] .rela.text._[...] RELA             0000000000000000  0021ff08
       0000000000000060  0000000000000018   I      5503   2168     8
  [2170] .gcc_except_table PROGBITS         0000000000000000  0000d130
       000000000000140d  0000000000000000   A       0     0     4
  [2171] .text._ZN5bo[...] PROGBITS         0000000000000000  0000e540
       0000000000000024  0000000000000000 AXG       0     0     4
  [2172] .rela.text._[...] RELA             0000000000000000  0021ff68
       0000000000000018  0000000000000018   I      5503   2171     8
  [2173] .text._ZN5bo[...] PROGBITS         0000000000000000  0000e564
       0000000000000024  0000000000000000 AXG       0     0     4
  [2174] .rela.text._[...] RELA             0000000000000000  0021ff80
       0000000000000018  0000000000000018   I      5503   2173     8
  [2175] .text._ZN5bo[...] PROGBITS         0000000000000000  0000e588
       0000000000000028  0000000000000000 AXG       0     0     4
  [2176] .rela.text._[...] RELA             0000000000000000  0021ff98
       0000000000000018  0000000000000018   I      5503   2175     8
  [2177] .text._ZN5bo[...] PROGBITS         0000000000000000  0000e5b0
       0000000000000070  0000000000000000 AXG       0     0     8
  [2178] .rela.text._[...] RELA             0000000000000000  0021ffb0
       0000000000000078  0000000000000018   I      5503   2177     8
  [2179] .text._ZN5bo[...] PROGBITS         0000000000000000  0000e620
       000000000000002c  0000000000000000 AXG       0     0     4
  [2180] .rela.text._[...] RELA             0000000000000000  00220028
       0000000000000030  0000000000000018   I      5503   2179     8
  [2181] .text._ZN5bo[...] PROGBITS         0000000000000000  0000e650
       0000000000000070  0000000000000000 AXG       0     0     8
  [2182] .rela.text._[...] RELA             0000000000000000  00220058
       0000000000000078  0000000000000018   I      5503   2181     8
  [2183] .text._ZN5bo[...] PROGBITS         0000000000000000  0000e6c0
       000000000000002c  0000000000000000 AXG       0     0     4
  [2184] .rela.text._[...] RELA             0000000000000000  002200d0
       0000000000000030  0000000000000018   I      5503   2183     8
  [2185] .text._ZN5bo[...] PROGBITS         0000000000000000  0000e6f0
       0000000000000080  0000000000000000 AXG       0     0     8
  [2186] .rela.text._[...] RELA             0000000000000000  00220100
       0000000000000030  0000000000000018   I      5503   2185     8
  [2187] .text._ZN5bo[...] PROGBITS         0000000000000000  0000e770
       0000000000000020  0000000000000000 AXG       0     0     4
  [2188] .rela.text._[...] RELA             0000000000000000  00220130
       0000000000000018  0000000000000018   I      5503   2187     8
  [2189] .text._ZN5bo[...] PROGBITS         0000000000000000  0000e790
       0000000000000028  0000000000000000 AXG       0     0     4
  [2190] .rela.text._[...] RELA             0000000000000000  00220148
       0000000000000018  0000000000000018   I      5503   2189     8
  [2191] .text._ZSt4m[...] PROGBITS         0000000000000000  0000e7b8
       0000000000000014  0000000000000000 AXG       0     0     4
  [2192] .text._Z16AN[...] PROGBITS         0000000000000000  0000e7cc
       0000000000000294  0000000000000000 AXG       0     0     4
  [2193] .rela.text._[...] RELA             0000000000000000  00220160
       00000000000002e8  0000000000000018   I      5503   2192     8
  [2194] .text._ZN8st[...] PROGBITS         0000000000000000  0000ea60
       0000000000000080  0000000000000000 AXG       0     0     4
  [2195] .rela.text._[...] RELA             0000000000000000  00220448
       0000000000000048  0000000000000018   I      5503   2194     8
  [2196] .text._ZN8st[...] PROGBITS         0000000000000000  0000eae0
       0000000000000030  0000000000000000 AXG       0     0     4
  [2197] .rela.text._[...] RELA             0000000000000000  00220490
       0000000000000030  0000000000000018   I      5503   2196     8
  [2198] .text._ZN11s[...] PROGBITS         0000000000000000  0000eb10
       0000000000000100  0000000000000000 AXG       0     0     4
  [2199] .rela.text._[...] RELA             0000000000000000  002204c0
       0000000000000090  0000000000000018   I      5503   2198     8
  [2200] .text._ZN11s[...] PROGBITS         0000000000000000  0000ec10
       0000000000000038  0000000000000000 AXG       0     0     4
  [2201] .rela.text._[...] RELA             0000000000000000  00220550
       0000000000000048  0000000000000018   I      5503   2200     8
  [2202] .text._ZN3ro[...] PROGBITS         0000000000000000  0000ec48
       0000000000000028  0000000000000000 AXG       0     0     4
  [2203] .rela.text._[...] RELA             0000000000000000  00220598
       0000000000000018  0000000000000018   I      5503   2202     8
  [2204] .text._ZN7tf[...] PROGBITS         0000000000000000  0000ec70
       000000000000002c  0000000000000000 AXG       0     0     4
  [2205] .rela.text._[...] RELA             0000000000000000  002205b0
       0000000000000030  0000000000000018   I      5503   2204     8
  [2206] .text._ZN2tf[...] PROGBITS         0000000000000000  0000ec9c
       0000000000000020  0000000000000000 AXG       0     0     4
  [2207] .rela.text._[...] RELA             0000000000000000  002205e0
       0000000000000018  0000000000000018   I      5503   2206     8
  [2208] .text._ZN2tf[...] PROGBITS         0000000000000000  0000ecbc
       000000000000003c  0000000000000000 AXG       0     0     4
  [2209] .rela.text._[...] RELA             0000000000000000  002205f8
       0000000000000048  0000000000000018   I      5503   2208     8
  [2210] .text._ZN3ro[...] PROGBITS         0000000000000000  0000ecf8
       0000000000000038  0000000000000000 AXG       0     0     4
  [2211] .rela.text._[...] RELA             0000000000000000  00220640
       0000000000000048  0000000000000018   I      5503   2210     8
  [2212] .text._ZN10a[...] PROGBITS         0000000000000000  0000ed30
       0000000000000020  0000000000000000 AXG       0     0     4
  [2213] .rela.text._[...] RELA             0000000000000000  00220688
       0000000000000018  0000000000000018   I      5503   2212     8
  [2214] .text._ZN13g[...] PROGBITS         0000000000000000  0000ed50
       000000000000002c  0000000000000000 AXG       0     0     4
  [2215] .rela.text._[...] RELA             0000000000000000  002206a0
       0000000000000030  0000000000000018   I      5503   2214     8
  [2216] .text._ZN8na[...] PROGBITS         0000000000000000  0000ed7c
       000000000000002c  0000000000000000 AXG       0     0     4
  [2217] .rela.text._[...] RELA             0000000000000000  002206d0
       0000000000000030  0000000000000018   I      5503   2216     8
  [2218] .text._ZStpl[...] PROGBITS         0000000000000000  0000eda8
       00000000000000c8  0000000000000000 AXG       0     0     4
  [2219] .rela.text._[...] RELA             0000000000000000  00220700
       00000000000000d8  0000000000000018   I      5503   2218     8
  [2220] .text._ZN3ro[...] PROGBITS         0000000000000000  0000ee70
       0000000000000024  0000000000000000 AXG       0     0     4
  [2221] .text._ZN3ro[...] PROGBITS         0000000000000000  0000ee94
       0000000000000014  0000000000000000 AXG       0     0     4
  [2222] .text._ZN5bo[...] PROGBITS         0000000000000000  0000eea8
       000000000000001c  0000000000000000 AXG       0     0     4
  [2223] .text._ZN5bo[...] PROGBITS         0000000000000000  0000eec4
       0000000000000020  0000000000000000 AXG       0     0     4
  [2224] .rela.text._[...] RELA             0000000000000000  002207d8
       0000000000000018  0000000000000018   I      5503   2223     8
  [2225] .text._ZNK5b[...] PROGBITS         0000000000000000  0000eee4
       0000000000000018  0000000000000000 AXG       0     0     4
  [2226] .text._ZN5bo[...] PROGBITS         0000000000000000  0000eefc
       0000000000000030  0000000000000000 AXG       0     0     4
  [2227] .rela.text._[...] RELA             0000000000000000  002207f0
       0000000000000018  0000000000000018   I      5503   2226     8
  [2228] .text._ZN5bo[...] PROGBITS         0000000000000000  0000ef30
       0000000000000030  0000000000000000 AXG       0     0     8
  [2229] .rela.text._[...] RELA             0000000000000000  00220808
       0000000000000018  0000000000000018   I      5503   2228     8
  [2230] .text._ZN3ro[...] PROGBITS         0000000000000000  0000ef60
       0000000000000024  0000000000000000 AXG       0     0     4
  [2231] .text._ZN3ro[...] PROGBITS         0000000000000000  0000ef84
       0000000000000014  0000000000000000 AXG       0     0     4
  [2232] .text._ZN5bo[...] PROGBITS         0000000000000000  0000ef98
       0000000000000020  0000000000000000 AXG       0     0     4
  [2233] .rela.text._[...] RELA             0000000000000000  00220820
       0000000000000018  0000000000000018   I      5503   2232     8
  [2234] .text._ZN5bo[...] PROGBITS         0000000000000000  0000efb8
       0000000000000020  0000000000000000 AXG       0     0     4
  [2235] .rela.text._[...] RELA             0000000000000000  00220838
       0000000000000018  0000000000000018   I      5503   2234     8
  [2236] .text._ZN5bo[...] PROGBITS         0000000000000000  0000efd8
       000000000000002c  0000000000000000 AXG       0     0     4
  [2237] .rela.text._[...] RELA             0000000000000000  00220850
       0000000000000018  0000000000000018   I      5503   2236     8
  [2238] .text._ZN5bo[...] PROGBITS         0000000000000000  0000f004
       0000000000000028  0000000000000000 AXG       0     0     4
  [2239] .rela.text._[...] RELA             0000000000000000  00220868
       0000000000000018  0000000000000018   I      5503   2238     8
  [2240] .text._ZN5bo[...] PROGBITS         0000000000000000  0000f02c
       000000000000002c  0000000000000000 AXG       0     0     4
  [2241] .rela.text._[...] RELA             0000000000000000  00220880
       0000000000000018  0000000000000018   I      5503   2240     8
  [2242] .text._ZNK5b[...] PROGBITS         0000000000000000  0000f058
       0000000000000018  0000000000000000 AXG       0     0     4
  [2243] .text._ZN5bo[...] PROGBITS         0000000000000000  0000f070
       0000000000000014  0000000000000000 AXG       0     0     4
  [2244] .text._ZN5bo[...] PROGBITS         0000000000000000  0000f084
       0000000000000014  0000000000000000 AXG       0     0     4
  [2245] .text._ZN5bo[...] PROGBITS         0000000000000000  0000f098
       0000000000000014  0000000000000000 AXG       0     0     4
  [2246] .text._ZN5bo[...] PROGBITS         0000000000000000  0000f0ac
       0000000000000014  0000000000000000 AXG       0     0     4
  [2247] .text._ZN5bo[...] PROGBITS         0000000000000000  0000f0c0
       0000000000000014  0000000000000000 AXG       0     0     4
  [2248] .text._ZN5bo[...] PROGBITS         0000000000000000  0000f0d4
       0000000000000014  0000000000000000 AXG       0     0     4
  [2249] .text._ZN5bo[...] PROGBITS         0000000000000000  0000f0e8
       0000000000000014  0000000000000000 AXG       0     0     4
  [2250] .text._ZN5bo[...] PROGBITS         0000000000000000  0000f0fc
       0000000000000014  0000000000000000 AXG       0     0     4
  [2251] .text._ZN5bo[...] PROGBITS         0000000000000000  0000f110
       0000000000000014  0000000000000000 AXG       0     0     4
  [2252] .text._ZN5bo[...] PROGBITS         0000000000000000  0000f124
       000000000000002c  0000000000000000 AXG       0     0     4
  [2253] .rela.text._[...] RELA             0000000000000000  00220898
       0000000000000018  0000000000000018   I      5503   2252     8
  [2254] .text._ZNK5b[...] PROGBITS         0000000000000000  0000f150
       0000000000000050  0000000000000000 AXG       0     0     4
  [2255] .rela.text._[...] RELA             0000000000000000  002208b0
       00000000000000a8  0000000000000018   I      5503   2254     8
  [2256] .text._ZSteq[...] PROGBITS         0000000000000000  0000f1a0
       0000000000000030  0000000000000000 AXG       0     0     4
  [2257] .rela.text._[...] RELA             0000000000000000  00220958
       0000000000000018  0000000000000018   I      5503   2256     8
  [2258] .text._ZN5bo[...] PROGBITS         0000000000000000  0000f1d0
       000000000000002c  0000000000000000 AXG       0     0     4
  [2259] .rela.text._[...] RELA             0000000000000000  00220970
       0000000000000018  0000000000000018   I      5503   2258     8
  [2260] .text._ZNSt6[...] PROGBITS         0000000000000000  0000f1fc
       0000000000000020  0000000000000000 AXG       0     0     4
  [2261] .rela.text._[...] RELA             0000000000000000  00220988
       0000000000000018  0000000000000018   I      5503   2260     8
  [2262] .text._ZNSt6[...] PROGBITS         0000000000000000  0000f21c
       0000000000000050  0000000000000000 AXG       0     0     4
  [2263] .rela.text._[...] RELA             0000000000000000  002209a0
       0000000000000048  0000000000000018   I      5503   2262     8
  [2264] .text._ZNSt3[...] PROGBITS         0000000000000000  0000f26c
       0000000000000020  0000000000000000 AXG       0     0     4
  [2265] .rela.text._[...] RELA             0000000000000000  002209e8
       0000000000000018  0000000000000018   I      5503   2264     8
  [2266] .text._ZNSt8[...] PROGBITS         0000000000000000  0000f28c
       0000000000000020  0000000000000000 AXG       0     0     4
  [2267] .rela.text._[...] RELA             0000000000000000  00220a00
       0000000000000018  0000000000000018   I      5503   2266     8
  [2268] .text._ZNSt8[...] PROGBITS         0000000000000000  0000f2ac
       0000000000000034  0000000000000000 AXG       0     0     4
  [2269] .rela.text._[...] RELA             0000000000000000  00220a18
       0000000000000048  0000000000000018   I      5503   2268     8
  [2270] .text._ZN13g[...] PROGBITS         0000000000000000  0000f2e0
       0000000000000034  0000000000000000 AXG       0     0     4
  [2271] .text._ZN5bo[...] PROGBITS         0000000000000000  0000f314
       0000000000000038  0000000000000000 AXG       0     0     4
  [2272] .rela.text._[...] RELA             0000000000000000  00220a60
       0000000000000030  0000000000000018   I      5503   2271     8
  [2273] .text._ZN5bo[...] PROGBITS         0000000000000000  0000f34c
       0000000000000034  0000000000000000 AXG       0     0     4
  [2274] .rela.text._[...] RELA             0000000000000000  00220a90
       0000000000000018  0000000000000018   I      5503   2273     8
  [2275] .text._ZN5bo[...] PROGBITS         0000000000000000  0000f380
       0000000000000048  0000000000000000 AXG       0     0     4
  [2276] .rela.text._[...] RELA             0000000000000000  00220aa8
       0000000000000018  0000000000000018   I      5503   2275     8
  [2277] .text._ZN5bo[...] PROGBITS         0000000000000000  0000f3c8
       0000000000000058  0000000000000000 AXG       0     0     8
  [2278] .rela.text._[...] RELA             0000000000000000  00220ac0
       0000000000000060  0000000000000018   I      5503   2277     8
  [2279] .text._ZNSt9[...] PROGBITS         0000000000000000  0000f420
       0000000000000038  0000000000000000 AXG       0     0     4
  [2280] .rela.text._[...] RELA             0000000000000000  00220b20
       0000000000000048  0000000000000018   I      5503   2279     8
  [2281] .text._ZN5bo[...] PROGBITS         0000000000000000  0000f458
       0000000000000070  0000000000000000 AXG       0     0     8
  [2282] .rela.text._[...] RELA             0000000000000000  00220b68
       0000000000000060  0000000000000018   I      5503   2281     8
  [2283] .text._ZN5bo[...] PROGBITS         0000000000000000  0000f4c8
       00000000000000c0  0000000000000000 AXG       0     0     8
  [2284] .rela.text._[...] RELA             0000000000000000  00220bc8
       00000000000000a8  0000000000000018   I      5503   2283     8
  [2285] .bss._ZZN5bo[...] NOBITS           0000000000000000  0000f588
       0000000000000010  0000000000000000 WAG       0     0     8
  [2286] .bss._ZGVZN5[...] NOBITS           0000000000000000  0000f588
       0000000000000008  0000000000000000 WAG       0     0     8
  [2287] .text._ZN5bo[...] PROGBITS         0000000000000000  0000f588
       00000000000001e0  0000000000000000 AXG       0     0     8
  [2288] .rela.text._[...] RELA             0000000000000000  00220c70
       0000000000000390  0000000000000018   I      5503   2287     8
  [2289] .text._ZN5bo[...] PROGBITS         0000000000000000  0000f768
       0000000000000058  0000000000000000 AXG       0     0     8
  [2290] .rela.text._[...] RELA             0000000000000000  00221000
       0000000000000060  0000000000000018   I      5503   2289     8
  [2291] .text._ZNSt1[...] PROGBITS         0000000000000000  0000f7c0
       0000000000000038  0000000000000000 AXG       0     0     4
  [2292] .rela.text._[...] RELA             0000000000000000  00221060
       0000000000000048  0000000000000018   I      5503   2291     8
  [2293] .text._ZN5bo[...] PROGBITS         0000000000000000  0000f7f8
       0000000000000070  0000000000000000 AXG       0     0     8
  [2294] .rela.text._[...] RELA             0000000000000000  002210a8
       0000000000000060  0000000000000018   I      5503   2293     8
  [2295] .text._ZN5bo[...] PROGBITS         0000000000000000  0000f868
       00000000000000c0  0000000000000000 AXG       0     0     8
  [2296] .rela.text._[...] RELA             0000000000000000  00221108
       00000000000000a8  0000000000000018   I      5503   2295     8
  [2297] .bss._ZZN5bo[...] NOBITS           0000000000000000  0000f928
       0000000000000010  0000000000000000 WAG       0     0     8
  [2298] .bss._ZGVZN5[...] NOBITS           0000000000000000  0000f928
       0000000000000008  0000000000000000 WAG       0     0     8
  [2299] .text._ZN5bo[...] PROGBITS         0000000000000000  0000f928
       00000000000001e0  0000000000000000 AXG       0     0     8
  [2300] .rela.text._[...] RELA             0000000000000000  002211b0
       0000000000000390  0000000000000018   I      5503   2299     8
  [2301] .text._ZN5bo[...] PROGBITS         0000000000000000  0000fb08
       0000000000000048  0000000000000000 AXG       0     0     8
  [2302] .rela.text._[...] RELA             0000000000000000  00221540
       0000000000000048  0000000000000018   I      5503   2301     8
  [2303] .text._ZN5bo[...] PROGBITS         0000000000000000  0000fb50
       0000000000000024  0000000000000000 AXG       0     0     4
  [2304] .rela.text._[...] RELA             0000000000000000  00221588
       0000000000000030  0000000000000018   I      5503   2303     8
  [2305] .text._ZN8st[...] PROGBITS         0000000000000000  0000fb74
       000000000000001c  0000000000000000 AXG       0     0     4
  [2306] .text._ZNK5b[...] PROGBITS         0000000000000000  0000fb90
       0000000000000050  0000000000000000 AXG       0     0     4
  [2307] .rela.text._[...] RELA             0000000000000000  002215b8
       00000000000000a8  0000000000000018   I      5503   2306     8
  [2308] .text._ZNSt6[...] PROGBITS         0000000000000000  0000fbe0
       000000000000011c  0000000000000000 AXG       0     0     4
  [2309] .rela.text._[...] RELA             0000000000000000  00221660
       00000000000001b0  0000000000000018   I      5503   2308     8
  [2310] .text._ZNSt6[...] PROGBITS         0000000000000000  0000fcfc
       0000000000000050  0000000000000000 AXG       0     0     4
  [2311] .rela.text._[...] RELA             0000000000000000  00221810
       0000000000000048  0000000000000018   I      5503   2310     8
  [2312] .data._ZZNK3[...] PROGBITS         0000000000000000  0000fd50
       0000000000000010  0000000000000000 WAG       0     0     8
  [2313] .data._ZZNK3[...] PROGBITS         0000000000000000  0000fd60
       0000000000000010  0000000000000000 WAG       0     0     8
  [2314] .data._ZZNK3[...] PROGBITS         0000000000000000  0000fd70
       0000000000000010  0000000000000000 WAG       0     0     8
  [2315] .data._ZZNK3[...] PROGBITS         0000000000000000  0000fd80
       0000000000000010  0000000000000000 WAG       0     0     8
  [2316] .data._ZZNK3[...] PROGBITS         0000000000000000  0000fd90
       0000000000000010  0000000000000000 WAG       0     0     8
  [2317] .data._ZZNK3[...] PROGBITS         0000000000000000  0000fda0
       0000000000000010  0000000000000000 WAG       0     0     8
  [2318] .data._ZZNK3[...] PROGBITS         0000000000000000  0000fdb0
       0000000000000010  0000000000000000 WAG       0     0     8
  [2319] .data._ZZNK3[...] PROGBITS         0000000000000000  0000fdc0
       0000000000000010  0000000000000000 WAG       0     0     8
  [2320] .data._ZZNK3[...] PROGBITS         0000000000000000  0000fdd0
       0000000000000010  0000000000000000 WAG       0     0     8
  [2321] .text._ZN3ro[...] PROGBITS         0000000000000000  0000fde0
       000000000000002c  0000000000000000 AXG       0     0     4
  [2322] .rela.text._[...] RELA             0000000000000000  00221858
       0000000000000030  0000000000000018   I      5503   2321     8
  [2323] .text._ZN5bo[...] PROGBITS         0000000000000000  0000fe0c
       0000000000000020  0000000000000000 AXG       0     0     4
  [2324] .rela.text._[...] RELA             0000000000000000  00221888
       0000000000000018  0000000000000018   I      5503   2323     8
  [2325] .text._ZNK3r[...] PROGBITS         0000000000000000  0000fe30
       0000000000000e48  0000000000000000 AXG       0     0     8
  [2326] .rela.text._[...] RELA             0000000000000000  002218a0
       00000000000018f0  0000000000000018   I      5503   2325     8
  [2327] .text._ZNK5b[...] PROGBITS         0000000000000000  00010c78
       0000000000000050  0000000000000000 AXG       0     0     4
  [2328] .rela.text._[...] RELA             0000000000000000  00223190
       00000000000000a8  0000000000000018   I      5503   2327     8
  [2329] .text._ZNK3r[...] PROGBITS         0000000000000000  00010cc8
       0000000000000040  0000000000000000 AXG       0     0     8
  [2330] .text._ZNK5b[...] PROGBITS         0000000000000000  00010d08
       0000000000000050  0000000000000000 AXG       0     0     4
  [2331] .rela.text._[...] RELA             0000000000000000  00223238
       00000000000000a8  0000000000000018   I      5503   2330     8
  [2332] .text._ZNK5b[...] PROGBITS         0000000000000000  00010d58
       0000000000000050  0000000000000000 AXG       0     0     4
  [2333] .rela.text._[...] RELA             0000000000000000  002232e0
       00000000000000a8  0000000000000018   I      5503   2332     8
  [2334] .text._ZNK5b[...] PROGBITS         0000000000000000  00010da8
       0000000000000050  0000000000000000 AXG       0     0     4
  [2335] .rela.text._[...] RELA             0000000000000000  00223388
       00000000000000a8  0000000000000018   I      5503   2334     8
  [2336] .text._ZNK3r[...] PROGBITS         0000000000000000  00010df8
       0000000000000070  0000000000000000 AXG       0     0     4
  [2337] .rela.text._[...] RELA             0000000000000000  00223430
       0000000000000030  0000000000000018   I      5503   2336     8
  [2338] .text._ZN3ro[...] PROGBITS         0000000000000000  00010e68
       0000000000000068  0000000000000000 AXG       0     0     4
  [2339] .rela.text._[...] RELA             0000000000000000  00223460
       00000000000000a8  0000000000000018   I      5503   2338     8
  [2340] .text._ZN3ro[...] PROGBITS         0000000000000000  00010ed0
       000000000000010c  0000000000000000 AXG       0     0     4
  [2341] .rela.text._[...] RELA             0000000000000000  00223508
       0000000000000198  0000000000000018   I      5503   2340     8
  [2342] .text._ZN3ro[...] PROGBITS         0000000000000000  00010fdc
       000000000000010c  0000000000000000 AXG       0     0     4
  [2343] .rela.text._[...] RELA             0000000000000000  002236a0
       0000000000000198  0000000000000018   I      5503   2342     8
  [2344] .text._ZN3ro[...] PROGBITS         0000000000000000  000110e8
       000000000000010c  0000000000000000 AXG       0     0     4
  [2345] .rela.text._[...] RELA             0000000000000000  00223838
       0000000000000198  0000000000000018   I      5503   2344     8
  [2346] .text._ZN3ro[...] PROGBITS         0000000000000000  000111f4
       000000000000010c  0000000000000000 AXG       0     0     4
  [2347] .rela.text._[...] RELA             0000000000000000  002239d0
       0000000000000198  0000000000000018   I      5503   2346     8
  [2348] .text._ZN3ro[...] PROGBITS         0000000000000000  00011300
       000000000000010c  0000000000000000 AXG       0     0     4
  [2349] .rela.text._[...] RELA             0000000000000000  00223b68
       0000000000000198  0000000000000018   I      5503   2348     8
  [2350] .text._ZN5bo[...] PROGBITS         0000000000000000  0001140c
       0000000000000070  0000000000000000 AXG       0     0     4
  [2351] .rela.text._[...] RELA             0000000000000000  00223d00
       00000000000000c0  0000000000000018   I      5503   2350     8
  [2352] .text._ZN3ro[...] PROGBITS         0000000000000000  0001147c
       000000000000005c  0000000000000000 AXG       0     0     4
  [2353] .rela.text._[...] RELA             0000000000000000  00223dc0
       0000000000000090  0000000000000018   I      5503   2352     8
  [2354] .text._ZN5bo[...] PROGBITS         0000000000000000  000114d8
       0000000000000020  0000000000000000 AXG       0     0     4
  [2355] .rela.text._[...] RELA             0000000000000000  00223e50
       0000000000000018  0000000000000018   I      5503   2354     8
  [2356] .text._ZN5bo[...] PROGBITS         0000000000000000  000114f8
       0000000000000020  0000000000000000 AXG       0     0     4
  [2357] .rela.text._[...] RELA             0000000000000000  00223e68
       0000000000000018  0000000000000018   I      5503   2356     8
  [2358] .text._ZN3ro[...] PROGBITS         0000000000000000  00011518
       0000000000000044  0000000000000000 AXG       0     0     4
  [2359] .rela.text._[...] RELA             0000000000000000  00223e80
       0000000000000030  0000000000000018   I      5503   2358     8
  [2360] .text._ZN3ro[...] PROGBITS         0000000000000000  0001155c
       0000000000000130  0000000000000000 AXG       0     0     4
  [2361] .rela.text._[...] RELA             0000000000000000  00223eb0
       00000000000001b0  0000000000000018   I      5503   2360     8
  [2362] .text._ZN5bo[...] PROGBITS         0000000000000000  0001168c
       0000000000000020  0000000000000000 AXG       0     0     4
  [2363] .rela.text._[...] RELA             0000000000000000  00224060
       0000000000000018  0000000000000018   I      5503   2362     8
  [2364] .text._ZN5bo[...] PROGBITS         0000000000000000  000116ac
       0000000000000020  0000000000000000 AXG       0     0     4
  [2365] .rela.text._[...] RELA             0000000000000000  00224078
       0000000000000018  0000000000000018   I      5503   2364     8
  [2366] .text._ZN3ro[...] PROGBITS         0000000000000000  000116cc
       0000000000000130  0000000000000000 AXG       0     0     4
  [2367] .rela.text._[...] RELA             0000000000000000  00224090
       00000000000001b0  0000000000000018   I      5503   2366     8
  [2368] .text._ZN5bo[...] PROGBITS         0000000000000000  000117fc
       0000000000000020  0000000000000000 AXG       0     0     4
  [2369] .rela.text._[...] RELA             0000000000000000  00224240
       0000000000000018  0000000000000018   I      5503   2368     8
  [2370] .text._ZN5bo[...] PROGBITS         0000000000000000  0001181c
       0000000000000020  0000000000000000 AXG       0     0     4
  [2371] .rela.text._[...] RELA             0000000000000000  00224258
       0000000000000018  0000000000000018   I      5503   2370     8
  [2372] .text._ZN3ro[...] PROGBITS         0000000000000000  0001183c
       0000000000000130  0000000000000000 AXG       0     0     4
  [2373] .rela.text._[...] RELA             0000000000000000  00224270
       00000000000001b0  0000000000000018   I      5503   2372     8
  [2374] .text._ZN5bo[...] PROGBITS         0000000000000000  0001196c
       0000000000000020  0000000000000000 AXG       0     0     4
  [2375] .rela.text._[...] RELA             0000000000000000  00224420
       0000000000000018  0000000000000018   I      5503   2374     8
  [2376] .text._ZN5bo[...] PROGBITS         0000000000000000  0001198c
       0000000000000020  0000000000000000 AXG       0     0     4
  [2377] .rela.text._[...] RELA             0000000000000000  00224438
       0000000000000018  0000000000000018   I      5503   2376     8
  [2378] .text._ZN3ro[...] PROGBITS         0000000000000000  000119ac
       0000000000000130  0000000000000000 AXG       0     0     4
  [2379] .rela.text._[...] RELA             0000000000000000  00224450
       00000000000001b0  0000000000000018   I      5503   2378     8
  [2380] .text._ZN5bo[...] PROGBITS         0000000000000000  00011adc
       0000000000000020  0000000000000000 AXG       0     0     4
  [2381] .rela.text._[...] RELA             0000000000000000  00224600
       0000000000000018  0000000000000018   I      5503   2380     8
  [2382] .text._ZN5bo[...] PROGBITS         0000000000000000  00011afc
       0000000000000020  0000000000000000 AXG       0     0     4
  [2383] .rela.text._[...] RELA             0000000000000000  00224618
       0000000000000018  0000000000000018   I      5503   2382     8
  [2384] .text._ZN3ro[...] PROGBITS         0000000000000000  00011b1c
       0000000000000130  0000000000000000 AXG       0     0     4
  [2385] .rela.text._[...] RELA             0000000000000000  00224630
       00000000000001b0  0000000000000018   I      5503   2384     8
  [2386] .data._ZZNK3[...] PROGBITS         0000000000000000  00011c50
       0000000000000010  0000000000000000 WAG       0     0     8
  [2387] .data._ZZNK3[...] PROGBITS         0000000000000000  00011c60
       0000000000000010  0000000000000000 WAG       0     0     8
  [2388] .data._ZZNK3[...] PROGBITS         0000000000000000  00011c70
       0000000000000010  0000000000000000 WAG       0     0     8
  [2389] .data._ZZNK3[...] PROGBITS         0000000000000000  00011c80
       0000000000000010  0000000000000000 WAG       0     0     8
  [2390] .data._ZZNK3[...] PROGBITS         0000000000000000  00011c90
       0000000000000010  0000000000000000 WAG       0     0     8
  [2391] .data._ZZNK3[...] PROGBITS         0000000000000000  00011ca0
       0000000000000010  0000000000000000 WAG       0     0     8
  [2392] .data._ZZNK3[...] PROGBITS         0000000000000000  00011cb0
       0000000000000010  0000000000000000 WAG       0     0     8
  [2393] .data._ZZNK3[...] PROGBITS         0000000000000000  00011cc0
       0000000000000010  0000000000000000 WAG       0     0     8
  [2394] .data._ZZNK3[...] PROGBITS         0000000000000000  00011cd0
       0000000000000010  0000000000000000 WAG       0     0     8
  [2395] .text._ZNK3r[...] PROGBITS         0000000000000000  00011ce0
       0000000000000e48  0000000000000000 AXG       0     0     8
  [2396] .rela.text._[...] RELA             0000000000000000  002247e0
       00000000000018f0  0000000000000018   I      5503   2395     8
  [2397] .text._ZN8st[...] PROGBITS         0000000000000000  00012b28
       000000000000001c  0000000000000000 AXG       0     0     4
  [2398] .data._ZZNK3[...] PROGBITS         0000000000000000  00012b48
       0000000000000010  0000000000000000 WAG       0     0     8
  [2399] .data._ZZNK3[...] PROGBITS         0000000000000000  00012b58
       0000000000000010  0000000000000000 WAG       0     0     8
  [2400] .data._ZZNK3[...] PROGBITS         0000000000000000  00012b68
       0000000000000010  0000000000000000 WAG       0     0     8
  [2401] .data._ZZNK3[...] PROGBITS         0000000000000000  00012b78
       0000000000000010  0000000000000000 WAG       0     0     8
  [2402] .data._ZZNK3[...] PROGBITS         0000000000000000  00012b88
       0000000000000010  0000000000000000 WAG       0     0     8
  [2403] .data._ZZNK3[...] PROGBITS         0000000000000000  00012b98
       0000000000000010  0000000000000000 WAG       0     0     8
  [2404] .data._ZZNK3[...] PROGBITS         0000000000000000  00012ba8
       0000000000000010  0000000000000000 WAG       0     0     8
  [2405] .data._ZZNK3[...] PROGBITS         0000000000000000  00012bb8
       0000000000000010  0000000000000000 WAG       0     0     8
  [2406] .data._ZZNK3[...] PROGBITS         0000000000000000  00012bc8
       0000000000000010  0000000000000000 WAG       0     0     8
  [2407] .text._ZNK3r[...] PROGBITS         0000000000000000  00012bd8
       0000000000000e48  0000000000000000 AXG       0     0     8
  [2408] .rela.text._[...] RELA             0000000000000000  002260d0
       00000000000018f0  0000000000000018   I      5503   2407     8
  [2409] .text._ZN10a[...] PROGBITS         0000000000000000  00013a20
       00000000000000d8  0000000000000000 AXG       0     0     4
  [2410] .rela.text._[...] RELA             0000000000000000  002279c0
       0000000000000018  0000000000000018   I      5503   2409     8
  [2411] .data._ZZNK3[...] PROGBITS         0000000000000000  00013af8
       0000000000000010  0000000000000000 WAG       0     0     8
  [2412] .data._ZZNK3[...] PROGBITS         0000000000000000  00013b08
       0000000000000010  0000000000000000 WAG       0     0     8
  [2413] .data._ZZNK3[...] PROGBITS         0000000000000000  00013b18
       0000000000000010  0000000000000000 WAG       0     0     8
  [2414] .data._ZZNK3[...] PROGBITS         0000000000000000  00013b28
       0000000000000010  0000000000000000 WAG       0     0     8
  [2415] .data._ZZNK3[...] PROGBITS         0000000000000000  00013b38
       0000000000000010  0000000000000000 WAG       0     0     8
  [2416] .data._ZZNK3[...] PROGBITS         0000000000000000  00013b48
       0000000000000010  0000000000000000 WAG       0     0     8
  [2417] .data._ZZNK3[...] PROGBITS         0000000000000000  00013b58
       0000000000000010  0000000000000000 WAG       0     0     8
  [2418] .data._ZZNK3[...] PROGBITS         0000000000000000  00013b68
       0000000000000010  0000000000000000 WAG       0     0     8
  [2419] .data._ZZNK3[...] PROGBITS         0000000000000000  00013b78
       0000000000000010  0000000000000000 WAG       0     0     8
  [2420] .text._ZNK3r[...] PROGBITS         0000000000000000  00013b88
       0000000000000e48  0000000000000000 AXG       0     0     8
  [2421] .rela.text._[...] RELA             0000000000000000  002279d8
       00000000000018f0  0000000000000018   I      5503   2420     8
  [2422] .text._ZN13g[...] PROGBITS         0000000000000000  000149d0
       0000000000000060  0000000000000000 AXG       0     0     4
  [2423] .rela.text._[...] RELA             0000000000000000  002292c8
       0000000000000090  0000000000000018   I      5503   2422     8
  [2424] .text._ZN8na[...] PROGBITS         0000000000000000  00014a30
       000000000000006c  0000000000000000 AXG       0     0     4
  [2425] .rela.text._[...] RELA             0000000000000000  00229358
       00000000000000a8  0000000000000018   I      5503   2424     8
  [2426] .text._ZN5bo[...] PROGBITS         0000000000000000  00014a9c
       0000000000000058  0000000000000000 AXG       0     0     4
  [2427] .rela.text._[...] RELA             0000000000000000  00229400
       00000000000000a8  0000000000000018   I      5503   2426     8
  [2428] .data._ZZNK3[...] PROGBITS         0000000000000000  00014af8
       0000000000000010  0000000000000000 WAG       0     0     8
  [2429] .data._ZZNK3[...] PROGBITS         0000000000000000  00014b08
       0000000000000010  0000000000000000 WAG       0     0     8
  [2430] .data._ZZNK3[...] PROGBITS         0000000000000000  00014b18
       0000000000000010  0000000000000000 WAG       0     0     8
  [2431] .data._ZZNK3[...] PROGBITS         0000000000000000  00014b28
       0000000000000010  0000000000000000 WAG       0     0     8
  [2432] .data._ZZNK3[...] PROGBITS         0000000000000000  00014b38
       0000000000000010  0000000000000000 WAG       0     0     8
  [2433] .data._ZZNK3[...] PROGBITS         0000000000000000  00014b48
       0000000000000010  0000000000000000 WAG       0     0     8
  [2434] .data._ZZNK3[...] PROGBITS         0000000000000000  00014b58
       0000000000000010  0000000000000000 WAG       0     0     8
  [2435] .data._ZZNK3[...] PROGBITS         0000000000000000  00014b68
       0000000000000010  0000000000000000 WAG       0     0     8
  [2436] .data._ZZNK3[...] PROGBITS         0000000000000000  00014b78
       0000000000000010  0000000000000000 WAG       0     0     8
  [2437] .text._ZNK3r[...] PROGBITS         0000000000000000  00014b88
       0000000000000e48  0000000000000000 AXG       0     0     8
  [2438] .rela.text._[...] RELA             0000000000000000  002294a8
       00000000000018f0  0000000000000018   I      5503   2437     8
  [2439] .text._ZNK3r[...] PROGBITS         0000000000000000  000159d0
       0000000000000040  0000000000000000 AXG       0     0     8
  [2440] .text._ZNK3r[...] PROGBITS         0000000000000000  00015a10
       0000000000000038  0000000000000000 AXG       0     0     4
  [2441] .text._ZN5bo[...] PROGBITS         0000000000000000  00015a48
       0000000000000070  0000000000000000 AXG       0     0     4
  [2442] .text._ZNSt1[...] PROGBITS         0000000000000000  00015ab8
       0000000000000014  0000000000000000 AXG       0     0     4
  [2443] .text._ZN5bo[...] PROGBITS         0000000000000000  00015acc
       0000000000000028  0000000000000000 AXG       0     0     4
  [2444] .rela.text._[...] RELA             0000000000000000  0022ad98
       0000000000000030  0000000000000018   I      5503   2443     8
  [2445] .text._ZN5bo[...] PROGBITS         0000000000000000  00015af4
       000000000000006c  0000000000000000 AXG       0     0     4
  [2446] .rela.text._[...] RELA             0000000000000000  0022adc8
       0000000000000048  0000000000000018   I      5503   2445     8
  [2447] .text._ZN5bo[...] PROGBITS         0000000000000000  00015b60
       0000000000000038  0000000000000000 AXG       0     0     4
  [2448] .rela.text._[...] RELA             0000000000000000  0022ae10
       0000000000000048  0000000000000018   I      5503   2447     8
  [2449] .text._ZNSt1[...] PROGBITS         0000000000000000  00015b98
       0000000000000020  0000000000000000 AXG       0     0     4
  [2450] .rela.text._[...] RELA             0000000000000000  0022ae58
       0000000000000018  0000000000000018   I      5503   2449     8
  [2451] .text._ZNSt1[...] PROGBITS         0000000000000000  00015bb8
       0000000000000020  0000000000000000 AXG       0     0     4
  [2452] .rela.text._[...] RELA             0000000000000000  0022ae70
       0000000000000018  0000000000000018   I      5503   2451     8
  [2453] .text._ZNSt1[...] PROGBITS         0000000000000000  00015bd8
       0000000000000020  0000000000000000 AXG       0     0     4
  [2454] .rela.text._[...] RELA             0000000000000000  0022ae88
       0000000000000018  0000000000000018   I      5503   2453     8
  [2455] .text._ZNSt1[...] PROGBITS         0000000000000000  00015bf8
       0000000000000050  0000000000000000 AXG       0     0     4
  [2456] .rela.text._[...] RELA             0000000000000000  0022aea0
       0000000000000030  0000000000000018   I      5503   2455     8
  [2457] .text._ZNSt1[...] PROGBITS         0000000000000000  00015c48
       0000000000000014  0000000000000000 AXG       0     0     4
  [2458] .text._ZSt8_[...] PROGBITS         0000000000000000  00015c5c
       000000000000002c  0000000000000000 AXG       0     0     4
  [2459] .rela.text._[...] RELA             0000000000000000  0022aed0
       0000000000000018  0000000000000018   I      5503   2458     8
  [2460] .text._ZNSt8[...] PROGBITS         0000000000000000  00015c88
       0000000000000020  0000000000000000 AXG       0     0     4
  [2461] .rela.text._[...] RELA             0000000000000000  0022aee8
       0000000000000018  0000000000000018   I      5503   2460     8
  [2462] .text._ZNSaI[...] PROGBITS         0000000000000000  00015ca8
       0000000000000020  0000000000000000 AXG       0     0     4
  [2463] .rela.text._[...] RELA             0000000000000000  0022af00
       0000000000000018  0000000000000018   I      5503   2462     8
  [2464] .text._ZNSt8[...] PROGBITS         0000000000000000  00015cc8
       0000000000000060  0000000000000000 AXG       0     0     4
  [2465] .rela.text._[...] RELA             0000000000000000  0022af18
       0000000000000060  0000000000000018   I      5503   2464     8
  [2466] .text._ZNSt8[...] PROGBITS         0000000000000000  00015d28
       0000000000000018  0000000000000000 AXG       0     0     4
  [2467] .text._ZN5bo[...] PROGBITS         0000000000000000  00015d40
       0000000000000048  0000000000000000 AXG       0     0     4
  [2468] .text._ZN5bo[...] PROGBITS         0000000000000000  00015d88
       0000000000000028  0000000000000000 AXG       0     0     8
  [2469] .rela.text._[...] RELA             0000000000000000  0022af78
       0000000000000018  0000000000000018   I      5503   2468     8
  [2470] .text._ZN5bo[...] PROGBITS         0000000000000000  00015db0
       00000000000000b8  0000000000000000 AXG       0     0     8
  [2471] .rela.text._[...] RELA             0000000000000000  0022af90
       00000000000000d8  0000000000000018   I      5503   2470     8
  [2472] .text._ZN5bo[...] PROGBITS         0000000000000000  00015e68
       00000000000000a8  0000000000000000 AXG       0     0     8
  [2473] .rela.text._[...] RELA             0000000000000000  0022b068
       0000000000000090  0000000000000018   I      5503   2472     8
  [2474] .text._ZN5bo[...] PROGBITS         0000000000000000  00015f10
       000000000000003c  0000000000000000 AXG       0     0     4
  [2475] .rela.text._[...] RELA             0000000000000000  0022b0f8
       0000000000000030  0000000000000018   I      5503   2474     8
  [2476] .text._ZN5bo[...] PROGBITS         0000000000000000  00015f4c
       0000000000000024  0000000000000000 AXG       0     0     4
  [2477] .rela.text._[...] RELA             0000000000000000  0022b128
       0000000000000018  0000000000000018   I      5503   2476     8
  [2478] .text._ZN5bo[...] PROGBITS         0000000000000000  00015f70
       0000000000000024  0000000000000000 AXG       0     0     4
  [2479] .rela.text._[...] RELA             0000000000000000  0022b140
       0000000000000018  0000000000000018   I      5503   2478     8
  [2480] .text._ZN5bo[...] PROGBITS         0000000000000000  00015f94
       0000000000000024  0000000000000000 AXG       0     0     4
  [2481] .rela.text._[...] RELA             0000000000000000  0022b158
       0000000000000018  0000000000000018   I      5503   2480     8
  [2482] .text._ZN5bo[...] PROGBITS         0000000000000000  00015fb8
       0000000000000098  0000000000000000 AXG       0     0     4
  [2483] .rela.text._[...] RELA             0000000000000000  0022b170
       0000000000000060  0000000000000018   I      5503   2482     8
  [2484] .text._ZN5bo[...] PROGBITS         0000000000000000  00016050
       00000000000000b8  0000000000000000 AXG       0     0     8
  [2485] .rela.text._[...] RELA             0000000000000000  0022b1d0
       00000000000000d8  0000000000000018   I      5503   2484     8
  [2486] .text._ZN5bo[...] PROGBITS         0000000000000000  00016108
       00000000000000a8  0000000000000000 AXG       0     0     8
  [2487] .rela.text._[...] RELA             0000000000000000  0022b2a8
       0000000000000090  0000000000000018   I      5503   2486     8
  [2488] .text._ZN5bo[...] PROGBITS         0000000000000000  000161b0
       000000000000003c  0000000000000000 AXG       0     0     4
  [2489] .rela.text._[...] RELA             0000000000000000  0022b338
       0000000000000030  0000000000000018   I      5503   2488     8
  [2490] .text._ZN5bo[...] PROGBITS         0000000000000000  000161ec
       0000000000000024  0000000000000000 AXG       0     0     4
  [2491] .rela.text._[...] RELA             0000000000000000  0022b368
       0000000000000018  0000000000000018   I      5503   2490     8
  [2492] .text._ZN5bo[...] PROGBITS         0000000000000000  00016210
       0000000000000024  0000000000000000 AXG       0     0     4
  [2493] .rela.text._[...] RELA             0000000000000000  0022b380
       0000000000000018  0000000000000018   I      5503   2492     8
  [2494] .text._ZN5bo[...] PROGBITS         0000000000000000  00016234
       0000000000000024  0000000000000000 AXG       0     0     4
  [2495] .rela.text._[...] RELA             0000000000000000  0022b398
       0000000000000018  0000000000000018   I      5503   2494     8
  [2496] .text._ZN5bo[...] PROGBITS         0000000000000000  00016258
       0000000000000098  0000000000000000 AXG       0     0     4
  [2497] .rela.text._[...] RELA             0000000000000000  0022b3b0
       0000000000000060  0000000000000018   I      5503   2496     8
  [2498] .text._ZN5bo[...] PROGBITS         0000000000000000  000162f0
       0000000000000040  0000000000000000 AXG       0     0     8
  [2499] .rela.text._[...] RELA             0000000000000000  0022b410
       0000000000000030  0000000000000018   I      5503   2498     8
  [2500] .text._ZN5bo[...] PROGBITS         0000000000000000  00016330
       0000000000000088  0000000000000000 AXG       0     0     8
  [2501] .rela.text._[...] RELA             0000000000000000  0022b440
       0000000000000090  0000000000000018   I      5503   2500     8
  [2502] .text._ZN5bo[...] PROGBITS         0000000000000000  000163b8
       00000000000000c0  0000000000000000 AXG       0     0     8
  [2503] .rela.text._[...] RELA             0000000000000000  0022b4d0
       00000000000000a8  0000000000000018   I      5503   2502     8
  [2504] .text._ZN5bo[...] PROGBITS         0000000000000000  00016478
       00000000000000d8  0000000000000000 AXG       0     0     8
  [2505] .rela.text._[...] RELA             0000000000000000  0022b578
       0000000000000180  0000000000000018   I      5503   2504     8
  [2506] .text._ZNKSt[...] PROGBITS         0000000000000000  00016550
       000000000000002c  0000000000000000 AXG       0     0     4
  [2507] .text._ZN9__[...] PROGBITS         0000000000000000  0001657c
       0000000000000068  0000000000000000 AXG       0     0     4
  [2508] .rela.text._[...] RELA             0000000000000000  0022b6f8
       0000000000000090  0000000000000018   I      5503   2507     8
  [2509] .text._ZNKSt[...] PROGBITS         0000000000000000  000165e4
       0000000000000014  0000000000000000 AXG       0     0     4
  [2510] .text._ZNSaI[...] PROGBITS         0000000000000000  000165f8
       0000000000000020  0000000000000000 AXG       0     0     4
  [2511] .rela.text._[...] RELA             0000000000000000  0022b788
       0000000000000018  0000000000000018   I      5503   2510     8
  [2512] .text._ZNSt1[...] PROGBITS         0000000000000000  00016618
       0000000000000020  0000000000000000 AXG       0     0     4
  [2513] .rela.text._[...] RELA             0000000000000000  0022b7a0
       0000000000000018  0000000000000018   I      5503   2512     8
  [2514] .text._ZNSt1[...] PROGBITS         0000000000000000  00016638
       0000000000000054  0000000000000000 AXG       0     0     4
  [2515] .rela.text._[...] RELA             0000000000000000  0022b7b8
       0000000000000060  0000000000000018   I      5503   2514     8
  [2516] .text._ZNSt1[...] PROGBITS         0000000000000000  0001668c
       0000000000000050  0000000000000000 AXG       0     0     4
  [2517] .rela.text._[...] RELA             0000000000000000  0022b818
       0000000000000030  0000000000000018   I      5503   2516     8
  [2518] .text._ZNKSt[...] PROGBITS         0000000000000000  000166dc
       0000000000000064  0000000000000000 AXG       0     0     4
  [2519] .rela.text._[...] RELA             0000000000000000  0022b848
       0000000000000090  0000000000000018   I      5503   2518     8
  [2520] .text._ZNKSt[...] PROGBITS         0000000000000000  00016740
       0000000000000064  0000000000000000 AXG       0     0     4
  [2521] .rela.text._[...] RELA             0000000000000000  0022b8d8
       0000000000000090  0000000000000018   I      5503   2520     8
  [2522] .text._ZNSt1[...] PROGBITS         0000000000000000  000167a4
       0000000000000014  0000000000000000 AXG       0     0     4
  [2523] .text._ZSt22[...] PROGBITS         0000000000000000  000167b8
       0000000000000030  0000000000000000 AXG       0     0     4
  [2524] .rela.text._[...] RELA             0000000000000000  0022b968
       0000000000000018  0000000000000018   I      5503   2523     8
  [2525] .text._ZSt8_[...] PROGBITS         0000000000000000  000167e8
       000000000000002c  0000000000000000 AXG       0     0     4
  [2526] .rela.text._[...] RELA             0000000000000000  0022b980
       0000000000000018  0000000000000018   I      5503   2525     8
  [2527] .text._ZNK5b[...] PROGBITS         0000000000000000  00016814
       0000000000000024  0000000000000000 AXG       0     0     4
  [2528] .text._ZN3ro[...] PROGBITS         0000000000000000  00016838
       000000000000001c  0000000000000000 AXG       0     0     4
  [2529] .rela.text._[...] RELA             0000000000000000  0022b998
       0000000000000018  0000000000000018   I      5503   2528     8
  [2530] .text._ZN3ro[...] PROGBITS         0000000000000000  00016854
       000000000000001c  0000000000000000 AXG       0     0     4
  [2531] .rela.text._[...] RELA             0000000000000000  0022b9b0
       0000000000000018  0000000000000018   I      5503   2530     8
  [2532] .text._ZN3ro[...] PROGBITS         0000000000000000  00016870
       0000000000000100  0000000000000000 AXG       0     0     4
  [2533] .rela.text._[...] RELA             0000000000000000  0022b9c8
       0000000000000180  0000000000000018   I      5503   2532     8
  [2534] .text._ZN5bo[...] PROGBITS         0000000000000000  00016970
       0000000000000074  0000000000000000 AXG       0     0     4
  [2535] .rela.text._[...] RELA             0000000000000000  0022bb48
       00000000000000a8  0000000000000018   I      5503   2534     8
  [2536] .text._ZN5bo[...] PROGBITS         0000000000000000  000169e4
       0000000000000038  0000000000000000 AXG       0     0     4
  [2537] .rela.text._[...] RELA             0000000000000000  0022bbf0
       0000000000000018  0000000000000018   I      5503   2536     8
  [2538] .text._ZN5bo[...] PROGBITS         0000000000000000  00016a1c
       0000000000000020  0000000000000000 AXG       0     0     4
  [2539] .rela.text._[...] RELA             0000000000000000  0022bc08
       0000000000000018  0000000000000018   I      5503   2538     8
  [2540] .text._ZN3ro[...] PROGBITS         0000000000000000  00016a3c
       00000000000000c0  0000000000000000 AXG       0     0     4
  [2541] .rela.text._[...] RELA             0000000000000000  0022bc20
       00000000000000f0  0000000000000018   I      5503   2540     8
  [2542] .text._ZN3ro[...] PROGBITS         0000000000000000  00016afc
       00000000000000c0  0000000000000000 AXG       0     0     4
  [2543] .rela.text._[...] RELA             0000000000000000  0022bd10
       00000000000000f0  0000000000000018   I      5503   2542     8
  [2544] .text._ZN3ro[...] PROGBITS         0000000000000000  00016bbc
       00000000000000c0  0000000000000000 AXG       0     0     4
  [2545] .rela.text._[...] RELA             0000000000000000  0022be00
       00000000000000f0  0000000000000018   I      5503   2544     8
  [2546] .text._ZN3ro[...] PROGBITS         0000000000000000  00016c7c
       00000000000000c0  0000000000000000 AXG       0     0     4
  [2547] .rela.text._[...] RELA             0000000000000000  0022bef0
       00000000000000f0  0000000000000018   I      5503   2546     8
  [2548] .text._ZN3ro[...] PROGBITS         0000000000000000  00016d3c
       00000000000000c0  0000000000000000 AXG       0     0     4
  [2549] .rela.text._[...] RELA             0000000000000000  0022bfe0
       00000000000000f0  0000000000000018   I      5503   2548     8
  [2550] .text._ZN5bo[...] PROGBITS         0000000000000000  00016dfc
       0000000000000048  0000000000000000 AXG       0     0     4
  [2551] .rela.text._[...] RELA             0000000000000000  0022c0d0
       0000000000000018  0000000000000018   I      5503   2550     8
  [2552] .text._ZN5bo[...] PROGBITS         0000000000000000  00016e44
       0000000000000044  0000000000000000 AXG       0     0     4
  [2553] .rela.text._[...] RELA             0000000000000000  0022c0e8
       0000000000000030  0000000000000018   I      5503   2552     8
  [2554] .text._ZN5bo[...] PROGBITS         0000000000000000  00016e88
       0000000000000030  0000000000000000 AXG       0     0     4
  [2555] .rela.text._[...] RELA             0000000000000000  0022c118
       0000000000000018  0000000000000018   I      5503   2554     8
  [2556] .text._ZN5bo[...] PROGBITS         0000000000000000  00016eb8
       0000000000000020  0000000000000000 AXG       0     0     4
  [2557] .rela.text._[...] RELA             0000000000000000  0022c130
       0000000000000018  0000000000000018   I      5503   2556     8
  [2558] .text._ZN5bo[...] PROGBITS         0000000000000000  00016ed8
       0000000000000030  0000000000000000 AXG       0     0     4
  [2559] .rela.text._[...] RELA             0000000000000000  0022c148
       0000000000000018  0000000000000018   I      5503   2558     8
  [2560] .text._ZN5bo[...] PROGBITS         0000000000000000  00016f08
       0000000000000020  0000000000000000 AXG       0     0     4
  [2561] .rela.text._[...] RELA             0000000000000000  0022c160
       0000000000000018  0000000000000018   I      5503   2560     8
  [2562] .text._ZN5bo[...] PROGBITS         0000000000000000  00016f28
       0000000000000024  0000000000000000 AXG       0     0     4
  [2563] .rela.text._[...] RELA             0000000000000000  0022c178
       0000000000000018  0000000000000018   I      5503   2562     8
  [2564] .text._ZN3ro[...] PROGBITS         0000000000000000  00016f4c
       00000000000000e0  0000000000000000 AXG       0     0     4
  [2565] .rela.text._[...] RELA             0000000000000000  0022c190
       0000000000000138  0000000000000018   I      5503   2564     8
  [2566] .text._ZN9__[...] PROGBITS         0000000000000000  0001702c
       0000000000000008  0000000000000000 AXG       0     0     4
  [2567] .text._ZN9__[...] PROGBITS         0000000000000000  00017034
       0000000000000008  0000000000000000 AXG       0     0     4
  [2568] .text._ZNSt6[...] PROGBITS         0000000000000000  0001703c
       0000000000000310  0000000000000000 AXG       0     0     4
  [2569] .rela.text._[...] RELA             0000000000000000  0022c2c8
       00000000000002e8  0000000000000018   I      5503   2568     8
  [2570] .text._ZNSt3[...] PROGBITS         0000000000000000  0001734c
       0000000000000028  0000000000000000 AXG       0     0     4
  [2571] .rela.text._[...] RELA             0000000000000000  0022c5b0
       0000000000000018  0000000000000018   I      5503   2570     8
  [2572] .text._ZN5bo[...] PROGBITS         0000000000000000  00017374
       0000000000000030  0000000000000000 AXG       0     0     4
  [2573] .rela.text._[...] RELA             0000000000000000  0022c5c8
       0000000000000018  0000000000000018   I      5503   2572     8
  [2574] .text._ZN5bo[...] PROGBITS         0000000000000000  000173a4
       0000000000000020  0000000000000000 AXG       0     0     4
  [2575] .rela.text._[...] RELA             0000000000000000  0022c5e0
       0000000000000018  0000000000000018   I      5503   2574     8
  [2576] .text._ZN5bo[...] PROGBITS         0000000000000000  000173c4
       0000000000000030  0000000000000000 AXG       0     0     4
  [2577] .rela.text._[...] RELA             0000000000000000  0022c5f8
       0000000000000018  0000000000000018   I      5503   2576     8
  [2578] .text._ZN5bo[...] PROGBITS         0000000000000000  000173f4
       0000000000000020  0000000000000000 AXG       0     0     4
  [2579] .rela.text._[...] RELA             0000000000000000  0022c610
       0000000000000018  0000000000000018   I      5503   2578     8
  [2580] .text._ZN5bo[...] PROGBITS         0000000000000000  00017414
       0000000000000024  0000000000000000 AXG       0     0     4
  [2581] .rela.text._[...] RELA             0000000000000000  0022c628
       0000000000000018  0000000000000018   I      5503   2580     8
  [2582] .text._ZN3ro[...] PROGBITS         0000000000000000  00017438
       00000000000000e0  0000000000000000 AXG       0     0     4
  [2583] .rela.text._[...] RELA             0000000000000000  0022c640
       0000000000000138  0000000000000018   I      5503   2582     8
  [2584] .text._ZN5bo[...] PROGBITS         0000000000000000  00017518
       0000000000000030  0000000000000000 AXG       0     0     4
  [2585] .rela.text._[...] RELA             0000000000000000  0022c778
       0000000000000018  0000000000000018   I      5503   2584     8
  [2586] .text._ZN5bo[...] PROGBITS         0000000000000000  00017548
       0000000000000020  0000000000000000 AXG       0     0     4
  [2587] .rela.text._[...] RELA             0000000000000000  0022c790
       0000000000000018  0000000000000018   I      5503   2586     8
  [2588] .text._ZN5bo[...] PROGBITS         0000000000000000  00017568
       0000000000000030  0000000000000000 AXG       0     0     4
  [2589] .rela.text._[...] RELA             0000000000000000  0022c7a8
       0000000000000018  0000000000000018   I      5503   2588     8
  [2590] .text._ZN5bo[...] PROGBITS         0000000000000000  00017598
       0000000000000020  0000000000000000 AXG       0     0     4
  [2591] .rela.text._[...] RELA             0000000000000000  0022c7c0
       0000000000000018  0000000000000018   I      5503   2590     8
  [2592] .text._ZN5bo[...] PROGBITS         0000000000000000  000175b8
       0000000000000024  0000000000000000 AXG       0     0     4
  [2593] .rela.text._[...] RELA             0000000000000000  0022c7d8
       0000000000000018  0000000000000018   I      5503   2592     8
  [2594] .text._ZN3ro[...] PROGBITS         0000000000000000  000175dc
       00000000000000e0  0000000000000000 AXG       0     0     4
  [2595] .rela.text._[...] RELA             0000000000000000  0022c7f0
       0000000000000138  0000000000000018   I      5503   2594     8
  [2596] .text._ZN5bo[...] PROGBITS         0000000000000000  000176bc
       0000000000000030  0000000000000000 AXG       0     0     4
  [2597] .rela.text._[...] RELA             0000000000000000  0022c928
       0000000000000018  0000000000000018   I      5503   2596     8
  [2598] .text._ZN5bo[...] PROGBITS         0000000000000000  000176ec
       0000000000000020  0000000000000000 AXG       0     0     4
  [2599] .rela.text._[...] RELA             0000000000000000  0022c940
       0000000000000018  0000000000000018   I      5503   2598     8
  [2600] .text._ZN5bo[...] PROGBITS         0000000000000000  0001770c
       0000000000000030  0000000000000000 AXG       0     0     4
  [2601] .rela.text._[...] RELA             0000000000000000  0022c958
       0000000000000018  0000000000000018   I      5503   2600     8
  [2602] .text._ZN5bo[...] PROGBITS         0000000000000000  0001773c
       0000000000000020  0000000000000000 AXG       0     0     4
  [2603] .rela.text._[...] RELA             0000000000000000  0022c970
       0000000000000018  0000000000000018   I      5503   2602     8
  [2604] .text._ZN5bo[...] PROGBITS         0000000000000000  0001775c
       0000000000000024  0000000000000000 AXG       0     0     4
  [2605] .rela.text._[...] RELA             0000000000000000  0022c988
       0000000000000018  0000000000000018   I      5503   2604     8
  [2606] .text._ZN3ro[...] PROGBITS         0000000000000000  00017780
       00000000000000e0  0000000000000000 AXG       0     0     4
  [2607] .rela.text._[...] RELA             0000000000000000  0022c9a0
       0000000000000138  0000000000000018   I      5503   2606     8
  [2608] .text._ZN5bo[...] PROGBITS         0000000000000000  00017860
       0000000000000030  0000000000000000 AXG       0     0     4
  [2609] .rela.text._[...] RELA             0000000000000000  0022cad8
       0000000000000018  0000000000000018   I      5503   2608     8
  [2610] .text._ZN5bo[...] PROGBITS         0000000000000000  00017890
       0000000000000020  0000000000000000 AXG       0     0     4
  [2611] .rela.text._[...] RELA             0000000000000000  0022caf0
       0000000000000018  0000000000000018   I      5503   2610     8
  [2612] .text._ZN5bo[...] PROGBITS         0000000000000000  000178b0
       0000000000000030  0000000000000000 AXG       0     0     4
  [2613] .rela.text._[...] RELA             0000000000000000  0022cb08
       0000000000000018  0000000000000018   I      5503   2612     8
  [2614] .text._ZN5bo[...] PROGBITS         0000000000000000  000178e0
       0000000000000020  0000000000000000 AXG       0     0     4
  [2615] .rela.text._[...] RELA             0000000000000000  0022cb20
       0000000000000018  0000000000000018   I      5503   2614     8
  [2616] .text._ZN5bo[...] PROGBITS         0000000000000000  00017900
       0000000000000024  0000000000000000 AXG       0     0     4
  [2617] .rela.text._[...] RELA             0000000000000000  0022cb38
       0000000000000018  0000000000000018   I      5503   2616     8
  [2618] .text._ZN3ro[...] PROGBITS         0000000000000000  00017924
       00000000000000e0  0000000000000000 AXG       0     0     4
  [2619] .rela.text._[...] RELA             0000000000000000  0022cb50
       0000000000000138  0000000000000018   I      5503   2618     8
  [2620] .text._ZN3ro[...] PROGBITS         0000000000000000  00017a04
       000000000000001c  0000000000000000 AXG       0     0     4
  [2621] .rela.text._[...] RELA             0000000000000000  0022cc88
       0000000000000018  0000000000000018   I      5503   2620     8
  [2622] .text._ZN3ro[...] PROGBITS         0000000000000000  00017a20
       000000000000001c  0000000000000000 AXG       0     0     4
  [2623] .rela.text._[...] RELA             0000000000000000  0022cca0
       0000000000000018  0000000000000018   I      5503   2622     8
  [2624] .text._ZN3ro[...] PROGBITS         0000000000000000  00017a3c
       0000000000000100  0000000000000000 AXG       0     0     4
  [2625] .rela.text._[...] RELA             0000000000000000  0022ccb8
       0000000000000180  0000000000000018   I      5503   2624     8
  [2626] .text._ZN5bo[...] PROGBITS         0000000000000000  00017b3c
       0000000000000074  0000000000000000 AXG       0     0     4
  [2627] .rela.text._[...] RELA             0000000000000000  0022ce38
       00000000000000a8  0000000000000018   I      5503   2626     8
  [2628] .text._ZN5bo[...] PROGBITS         0000000000000000  00017bb0
       0000000000000038  0000000000000000 AXG       0     0     4
  [2629] .rela.text._[...] RELA             0000000000000000  0022cee0
       0000000000000018  0000000000000018   I      5503   2628     8
  [2630] .text._ZN3ro[...] PROGBITS         0000000000000000  00017be8
       000000000000001c  0000000000000000 AXG       0     0     4
  [2631] .rela.text._[...] RELA             0000000000000000  0022cef8
       0000000000000018  0000000000000018   I      5503   2630     8
  [2632] .text._ZN3ro[...] PROGBITS         0000000000000000  00017c04
       000000000000001c  0000000000000000 AXG       0     0     4
  [2633] .rela.text._[...] RELA             0000000000000000  0022cf10
       0000000000000018  0000000000000018   I      5503   2632     8
  [2634] .text._ZN3ro[...] PROGBITS         0000000000000000  00017c20
       0000000000000100  0000000000000000 AXG       0     0     4
  [2635] .rela.text._[...] RELA             0000000000000000  0022cf28
       0000000000000180  0000000000000018   I      5503   2634     8
  [2636] .text._ZN5bo[...] PROGBITS         0000000000000000  00017d20
       0000000000000074  0000000000000000 AXG       0     0     4
  [2637] .rela.text._[...] RELA             0000000000000000  0022d0a8
       00000000000000a8  0000000000000018   I      5503   2636     8
  [2638] .text._ZN5bo[...] PROGBITS         0000000000000000  00017d94
       0000000000000038  0000000000000000 AXG       0     0     4
  [2639] .rela.text._[...] RELA             0000000000000000  0022d150
       0000000000000018  0000000000000018   I      5503   2638     8
  [2640] .text._ZN8st[...] PROGBITS         0000000000000000  00017dcc
       0000000000000038  0000000000000000 AXG       0     0     4
  [2641] .rela.text._[...] RELA             0000000000000000  0022d168
       0000000000000030  0000000000000018   I      5503   2640     8
  [2642] .text._ZN3ro[...] PROGBITS         0000000000000000  00017e04
       000000000000001c  0000000000000000 AXG       0     0     4
  [2643] .rela.text._[...] RELA             0000000000000000  0022d198
       0000000000000018  0000000000000018   I      5503   2642     8
  [2644] .text._ZN3ro[...] PROGBITS         0000000000000000  00017e20
       000000000000001c  0000000000000000 AXG       0     0     4
  [2645] .rela.text._[...] RELA             0000000000000000  0022d1b0
       0000000000000018  0000000000000018   I      5503   2644     8
  [2646] .text._ZN3ro[...] PROGBITS         0000000000000000  00017e3c
       0000000000000100  0000000000000000 AXG       0     0     4
  [2647] .rela.text._[...] RELA             0000000000000000  0022d1c8
       0000000000000180  0000000000000018   I      5503   2646     8
  [2648] .text._ZN5bo[...] PROGBITS         0000000000000000  00017f3c
       0000000000000074  0000000000000000 AXG       0     0     4
  [2649] .rela.text._[...] RELA             0000000000000000  0022d348
       00000000000000a8  0000000000000018   I      5503   2648     8
  [2650] .text._ZN5bo[...] PROGBITS         0000000000000000  00017fb0
       0000000000000038  0000000000000000 AXG       0     0     4
  [2651] .rela.text._[...] RELA             0000000000000000  0022d3f0
       0000000000000018  0000000000000018   I      5503   2650     8
  [2652] .text._ZN13g[...] PROGBITS         0000000000000000  00017fe8
       000000000000002c  0000000000000000 AXG       0     0     4
  [2653] .rela.text._[...] RELA             0000000000000000  0022d408
       0000000000000030  0000000000000018   I      5503   2652     8
  [2654] .text._ZN13g[...] PROGBITS         0000000000000000  00018014
       0000000000000088  0000000000000000 AXG       0     0     4
  [2655] .rela.text._[...] RELA             0000000000000000  0022d438
       00000000000000c0  0000000000000018   I      5503   2654     8
  [2656] .text._ZN13g[...] PROGBITS         0000000000000000  0001809c
       0000000000000088  0000000000000000 AXG       0     0     4
  [2657] .rela.text._[...] RELA             0000000000000000  0022d4f8
       00000000000000c0  0000000000000018   I      5503   2656     8
  [2658] .text._ZN3ro[...] PROGBITS         0000000000000000  00018124
       000000000000001c  0000000000000000 AXG       0     0     4
  [2659] .rela.text._[...] RELA             0000000000000000  0022d5b8
       0000000000000018  0000000000000018   I      5503   2658     8
  [2660] .text._ZN3ro[...] PROGBITS         0000000000000000  00018140
       000000000000001c  0000000000000000 AXG       0     0     4
  [2661] .rela.text._[...] RELA             0000000000000000  0022d5d0
       0000000000000018  0000000000000018   I      5503   2660     8
  [2662] .text._ZN3ro[...] PROGBITS         0000000000000000  0001815c
       0000000000000100  0000000000000000 AXG       0     0     4
  [2663] .rela.text._[...] RELA             0000000000000000  0022d5e8
       0000000000000180  0000000000000018   I      5503   2662     8
  [2664] .text._ZN5bo[...] PROGBITS         0000000000000000  0001825c
       0000000000000074  0000000000000000 AXG       0     0     4
  [2665] .rela.text._[...] RELA             0000000000000000  0022d768
       00000000000000a8  0000000000000018   I      5503   2664     8
  [2666] .text._ZN5bo[...] PROGBITS         0000000000000000  000182d0
       0000000000000038  0000000000000000 AXG       0     0     4
  [2667] .rela.text._[...] RELA             0000000000000000  0022d810
       0000000000000018  0000000000000018   I      5503   2666     8
  [2668] .text._ZNK5b[...] PROGBITS         0000000000000000  00018308
       000000000000001c  0000000000000000 AXG       0     0     4
  [2669] .text._ZNK5b[...] PROGBITS         0000000000000000  00018324
       0000000000000044  0000000000000000 AXG       0     0     4
  [2670] .text._ZN5bo[...] PROGBITS         0000000000000000  00018368
       00000000000000b4  0000000000000000 AXG       0     0     4
  [2671] .rela.text._[...] RELA             0000000000000000  0022d828
       0000000000000048  0000000000000018   I      5503   2670     8
  [2672] .text._ZNSt8[...] PROGBITS         0000000000000000  0001841c
       0000000000000034  0000000000000000 AXG       0     0     4
  [2673] .rela.text._[...] RELA             0000000000000000  0022d870
       0000000000000030  0000000000000018   I      5503   2672     8
  [2674] .text._ZNSt8[...] PROGBITS         0000000000000000  00018450
       0000000000000018  0000000000000000 AXG       0     0     4
  [2675] .text._ZN9__[...] PROGBITS         0000000000000000  00018468
       000000000000001c  0000000000000000 AXG       0     0     4
  [2676] .rela.text._[...] RELA             0000000000000000  0022d8a0
       0000000000000018  0000000000000018   I      5503   2675     8
  [2677] .text._ZNSt1[...] PROGBITS         0000000000000000  00018484
       0000000000000038  0000000000000000 AXG       0     0     4
  [2678] .rela.text._[...] RELA             0000000000000000  0022d8b8
       0000000000000018  0000000000000018   I      5503   2677     8
  [2679] .text._ZNSaI[...] PROGBITS         0000000000000000  000184bc
       0000000000000020  0000000000000000 AXG       0     0     4
  [2680] .rela.text._[...] RELA             0000000000000000  0022d8d0
       0000000000000018  0000000000000018   I      5503   2679     8
  [2681] .text._ZNSt1[...] PROGBITS         0000000000000000  000184dc
       000000000000003c  0000000000000000 AXG       0     0     4
  [2682] .rela.text._[...] RELA             0000000000000000  0022d8e8
       0000000000000018  0000000000000018   I      5503   2681     8
  [2683] .text._ZSt8_[...] PROGBITS         0000000000000000  00018518
       0000000000000028  0000000000000000 AXG       0     0     4
  [2684] .rela.text._[...] RELA             0000000000000000  0022d900
       0000000000000018  0000000000000018   I      5503   2683     8
  [2685] .text._ZNSt8[...] PROGBITS         0000000000000000  00018540
       0000000000000050  0000000000000000 AXG       0     0     4
  [2686] .rela.text._[...] RELA             0000000000000000  0022d918
       0000000000000030  0000000000000018   I      5503   2685     8
  [2687] .text._ZN9__[...] PROGBITS         0000000000000000  00018590
       0000000000000014  0000000000000000 AXG       0     0     4
  [2688] .text._ZNSt8[...] PROGBITS         0000000000000000  000185a4
       0000000000000018  0000000000000000 AXG       0     0     4
  [2689] .text._ZNSt8[...] PROGBITS         0000000000000000  000185bc
       0000000000000018  0000000000000000 AXG       0     0     4
  [2690] .text._ZNKSt[...] PROGBITS         0000000000000000  000185d4
       0000000000000014  0000000000000000 AXG       0     0     4
  [2691] .text._ZNKSt[...] PROGBITS         0000000000000000  000185e8
       0000000000000018  0000000000000000 AXG       0     0     4
  [2692] .text._ZNSt8[...] PROGBITS         0000000000000000  00018600
       0000000000000018  0000000000000000 AXG       0     0     4
  [2693] .text._ZNKSt[...] PROGBITS         0000000000000000  00018618
       0000000000000018  0000000000000000 AXG       0     0     4
  [2694] .text._ZNSt8[...] PROGBITS         0000000000000000  00018630
       0000000000000018  0000000000000000 AXG       0     0     4
  [2695] .text._ZNSt8[...] PROGBITS         0000000000000000  00018648
       000000000000001c  0000000000000000 AXG       0     0     4
  [2696] .rela.text._[...] RELA             0000000000000000  0022d948
       0000000000000018  0000000000000018   I      5503   2695     8
  [2697] .text._ZNSt8[...] PROGBITS         0000000000000000  00018664
       0000000000000018  0000000000000000 AXG       0     0     4
  [2698] .text._ZNSt8[...] PROGBITS         0000000000000000  0001867c
       000000000000001c  0000000000000000 AXG       0     0     4
  [2699] .rela.text._[...] RELA             0000000000000000  0022d960
       0000000000000018  0000000000000018   I      5503   2698     8
  [2700] .text._ZN5bo[...] PROGBITS         0000000000000000  00018698
       0000000000000028  0000000000000000 AXG       0     0     4
  [2701] .text._ZN5bo[...] PROGBITS         0000000000000000  000186c0
       0000000000000028  0000000000000000 AXG       0     0     4
  [2702] .text._ZN5bo[...] PROGBITS         0000000000000000  000186e8
       0000000000000028  0000000000000000 AXG       0     0     4
  [2703] .text._ZN5bo[...] PROGBITS         0000000000000000  00018710
       0000000000000084  0000000000000000 AXG       0     0     4
  [2704] .rela.text._[...] RELA             0000000000000000  0022d978
       00000000000000d8  0000000000000018   I      5503   2703     8
  [2705] .text._ZN5bo[...] PROGBITS         0000000000000000  00018794
       0000000000000028  0000000000000000 AXG       0     0     4
  [2706] .text._ZN5bo[...] PROGBITS         0000000000000000  000187bc
       0000000000000028  0000000000000000 AXG       0     0     4
  [2707] .text._ZN5bo[...] PROGBITS         0000000000000000  000187e4
       0000000000000028  0000000000000000 AXG       0     0     4
  [2708] .text._ZN5bo[...] PROGBITS         0000000000000000  0001880c
       0000000000000084  0000000000000000 AXG       0     0     4
  [2709] .rela.text._[...] RELA             0000000000000000  0022da50
       00000000000000d8  0000000000000018   I      5503   2708     8
  [2710] .text._ZN5bo[...] PROGBITS         0000000000000000  00018890
       0000000000000034  0000000000000000 AXG       0     0     4
  [2711] .rela.text._[...] RELA             0000000000000000  0022db28
       0000000000000018  0000000000000018   I      5503   2710     8
  [2712] .text._ZN5bo[...] PROGBITS         0000000000000000  000188c8
       0000000000000070  0000000000000000 AXG       0     0     8
  [2713] .rela.text._[...] RELA             0000000000000000  0022db40
       0000000000000078  0000000000000018   I      5503   2712     8
  [2714] .text._ZN5bo[...] PROGBITS         0000000000000000  00018938
       000000000000002c  0000000000000000 AXG       0     0     4
  [2715] .rela.text._[...] RELA             0000000000000000  0022dbb8
       0000000000000030  0000000000000018   I      5503   2714     8
  [2716] .text._ZN5bo[...] PROGBITS         0000000000000000  00018964
       0000000000000034  0000000000000000 AXG       0     0     4
  [2717] .rela.text._[...] RELA             0000000000000000  0022dbe8
       0000000000000018  0000000000000018   I      5503   2716     8
  [2718] .text._ZN5bo[...] PROGBITS         0000000000000000  00018998
       00000000000000a8  0000000000000000 AXG       0     0     8
  [2719] .rela.text._[...] RELA             0000000000000000  0022dc00
       0000000000000090  0000000000000018   I      5503   2718     8
  [2720] .text._ZN5bo[...] PROGBITS         0000000000000000  00018a40
       000000000000003c  0000000000000000 AXG       0     0     4
  [2721] .rela.text._[...] RELA             0000000000000000  0022dc90
       0000000000000030  0000000000000018   I      5503   2720     8
  [2722] .text._ZNSt1[...] PROGBITS         0000000000000000  00018a7c
       0000000000000034  0000000000000000 AXG       0     0     4
  [2723] .rela.text._[...] RELA             0000000000000000  0022dcc0
       0000000000000018  0000000000000018   I      5503   2722     8
  [2724] .text._ZNSaI[...] PROGBITS         0000000000000000  00018ab0
       0000000000000028  0000000000000000 AXG       0     0     4
  [2725] .rela.text._[...] RELA             0000000000000000  0022dcd8
       0000000000000018  0000000000000018   I      5503   2724     8
  [2726] .text._ZN9__[...] PROGBITS         0000000000000000  00018ad8
       0000000000000014  0000000000000000 AXG       0     0     4
  [2727] .text._ZNSt1[...] PROGBITS         0000000000000000  00018aec
       0000000000000040  0000000000000000 AXG       0     0     4
  [2728] .rela.text._[...] RELA             0000000000000000  0022dcf0
       0000000000000018  0000000000000018   I      5503   2727     8
  [2729] .text._ZNSt1[...] PROGBITS         0000000000000000  00018b2c
       0000000000000060  0000000000000000 AXG       0     0     4
  [2730] .rela.text._[...] RELA             0000000000000000  0022dd08
       0000000000000018  0000000000000018   I      5503   2729     8
  [2731] .text._ZNSt1[...] PROGBITS         0000000000000000  00018b8c
       000000000000003c  0000000000000000 AXG       0     0     4
  [2732] .rela.text._[...] RELA             0000000000000000  0022dd20
       0000000000000018  0000000000000018   I      5503   2731     8
  [2733] .text._ZN9__[...] PROGBITS         0000000000000000  00018bc8
       0000000000000028  0000000000000000 AXG       0     0     4
  [2734] .text._ZSt18[...] PROGBITS         0000000000000000  00018bf0
       0000000000000034  0000000000000000 AXG       0     0     4
  [2735] .rela.text._[...] RELA             0000000000000000  0022dd38
       0000000000000018  0000000000000018   I      5503   2734     8
  [2736] .text._ZSt8_[...] PROGBITS         0000000000000000  00018c24
       0000000000000028  0000000000000000 AXG       0     0     4
  [2737] .rela.text._[...] RELA             0000000000000000  0022dd50
       0000000000000018  0000000000000018   I      5503   2736     8
  [2738] .text._ZN3ro[...] PROGBITS         0000000000000000  00018c4c
       0000000000000018  0000000000000000 AXG       0     0     4
  [2739] .rela.text._[...] RELA             0000000000000000  0022dd68
       0000000000000018  0000000000000018   I      5503   2738     8
  [2740] .text._ZN3ro[...] PROGBITS         0000000000000000  00018c64
       0000000000000018  0000000000000000 AXG       0     0     4
  [2741] .rela.text._[...] RELA             0000000000000000  0022dd80
       0000000000000018  0000000000000018   I      5503   2740     8
  [2742] .text._ZN3ro[...] PROGBITS         0000000000000000  00018c7c
       000000000000001c  0000000000000000 AXG       0     0     4
  [2743] .rela.text._[...] RELA             0000000000000000  0022dd98
       0000000000000018  0000000000000018   I      5503   2742     8
  [2744] .text._ZN5bo[...] PROGBITS         0000000000000000  00018c98
       00000000000000b4  0000000000000000 AXG       0     0     4
  [2745] .rela.text._[...] RELA             0000000000000000  0022ddb0
       0000000000000168  0000000000000018   I      5503   2744     8
  [2746] .text._ZN3ro[...] PROGBITS         0000000000000000  00018d4c
       0000000000000030  0000000000000000 AXG       0     0     4
  [2747] .rela.text._[...] RELA             0000000000000000  0022df18
       0000000000000018  0000000000000018   I      5503   2746     8
  [2748] .text._ZN3ro[...] PROGBITS         0000000000000000  00018d7c
       0000000000000028  0000000000000000 AXG       0     0     4
  [2749] .rela.text._[...] RELA             0000000000000000  0022df30
       0000000000000018  0000000000000018   I      5503   2748     8
  [2750] .text._ZN5bo[...] PROGBITS         0000000000000000  00018da4
       0000000000000028  0000000000000000 AXG       0     0     4
  [2751] .rela.text._[...] RELA             0000000000000000  0022df48
       0000000000000018  0000000000000018   I      5503   2750     8
  [2752] .text._ZN5bo[...] PROGBITS         0000000000000000  00018dcc
       0000000000000038  0000000000000000 AXG       0     0     4
  [2753] .text._ZN5bo[...] PROGBITS         0000000000000000  00018e04
       000000000000003c  0000000000000000 AXG       0     0     4
  [2754] .rela.text._[...] RELA             0000000000000000  0022df60
       0000000000000030  0000000000000018   I      5503   2753     8
  [2755] .text._ZN5bo[...] PROGBITS         0000000000000000  00018e40
       000000000000006c  0000000000000000 AXG       0     0     4
  [2756] .rela.text._[...] RELA             0000000000000000  0022df90
       0000000000000048  0000000000000018   I      5503   2755     8
  [2757] .text._ZN5bo[...] PROGBITS         0000000000000000  00018eac
       0000000000000090  0000000000000000 AXG       0     0     4
  [2758] .rela.text._[...] RELA             0000000000000000  0022dfd8
       00000000000000f0  0000000000000018   I      5503   2757     8
  [2759] .text._ZN3ro[...] PROGBITS         0000000000000000  00018f3c
       0000000000000014  0000000000000000 AXG       0     0     4
  [2760] .rela.text._[...] RELA             0000000000000000  0022e0c8
       0000000000000018  0000000000000018   I      5503   2759     8
  [2761] .text._ZN3ro[...] PROGBITS         0000000000000000  00018f50
       0000000000000014  0000000000000000 AXG       0     0     4
  [2762] .rela.text._[...] RELA             0000000000000000  0022e0e0
       0000000000000018  0000000000000018   I      5503   2761     8
  [2763] .text._ZN3ro[...] PROGBITS         0000000000000000  00018f64
       0000000000000014  0000000000000000 AXG       0     0     4
  [2764] .rela.text._[...] RELA             0000000000000000  0022e0f8
       0000000000000018  0000000000000018   I      5503   2763     8
  [2765] .text._ZN3ro[...] PROGBITS         0000000000000000  00018f78
       0000000000000008  0000000000000000 AXG       0     0     4
  [2766] .text._ZN3ro[...] PROGBITS         0000000000000000  00018f80
       0000000000000014  0000000000000000 AXG       0     0     4
  [2767] .rela.text._[...] RELA             0000000000000000  0022e110
       0000000000000018  0000000000000018   I      5503   2766     8
  [2768] .text._ZN3ro[...] PROGBITS         0000000000000000  00018f94
       0000000000000014  0000000000000000 AXG       0     0     4
  [2769] .rela.text._[...] RELA             0000000000000000  0022e128
       0000000000000018  0000000000000018   I      5503   2768     8
  [2770] .text._ZN3ro[...] PROGBITS         0000000000000000  00018fa8
       0000000000000014  0000000000000000 AXG       0     0     4
  [2771] .rela.text._[...] RELA             0000000000000000  0022e140
       0000000000000018  0000000000000018   I      5503   2770     8
  [2772] .text._ZN3ro[...] PROGBITS         0000000000000000  00018fbc
       0000000000000008  0000000000000000 AXG       0     0     4
  [2773] .text._ZN3ro[...] PROGBITS         0000000000000000  00018fc4
       0000000000000014  0000000000000000 AXG       0     0     4
  [2774] .rela.text._[...] RELA             0000000000000000  0022e158
       0000000000000018  0000000000000018   I      5503   2773     8
  [2775] .text._ZN3ro[...] PROGBITS         0000000000000000  00018fd8
       0000000000000014  0000000000000000 AXG       0     0     4
  [2776] .rela.text._[...] RELA             0000000000000000  0022e170
       0000000000000018  0000000000000018   I      5503   2775     8
  [2777] .text._ZN3ro[...] PROGBITS         0000000000000000  00018fec
       0000000000000014  0000000000000000 AXG       0     0     4
  [2778] .rela.text._[...] RELA             0000000000000000  0022e188
       0000000000000018  0000000000000018   I      5503   2777     8
  [2779] .text._ZN3ro[...] PROGBITS         0000000000000000  00019000
       0000000000000008  0000000000000000 AXG       0     0     4
  [2780] .text._ZN3ro[...] PROGBITS         0000000000000000  00019008
       0000000000000014  0000000000000000 AXG       0     0     4
  [2781] .rela.text._[...] RELA             0000000000000000  0022e1a0
       0000000000000018  0000000000000018   I      5503   2780     8
  [2782] .text._ZN3ro[...] PROGBITS         0000000000000000  0001901c
       0000000000000014  0000000000000000 AXG       0     0     4
  [2783] .rela.text._[...] RELA             0000000000000000  0022e1b8
       0000000000000018  0000000000000018   I      5503   2782     8
  [2784] .text._ZN3ro[...] PROGBITS         0000000000000000  00019030
       0000000000000014  0000000000000000 AXG       0     0     4
  [2785] .rela.text._[...] RELA             0000000000000000  0022e1d0
       0000000000000018  0000000000000018   I      5503   2784     8
  [2786] .text._ZN3ro[...] PROGBITS         0000000000000000  00019044
       0000000000000008  0000000000000000 AXG       0     0     4
  [2787] .text._ZN3ro[...] PROGBITS         0000000000000000  0001904c
       0000000000000014  0000000000000000 AXG       0     0     4
  [2788] .rela.text._[...] RELA             0000000000000000  0022e1e8
       0000000000000018  0000000000000018   I      5503   2787     8
  [2789] .text._ZN3ro[...] PROGBITS         0000000000000000  00019060
       0000000000000014  0000000000000000 AXG       0     0     4
  [2790] .rela.text._[...] RELA             0000000000000000  0022e200
       0000000000000018  0000000000000018   I      5503   2789     8
  [2791] .text._ZN3ro[...] PROGBITS         0000000000000000  00019074
       0000000000000014  0000000000000000 AXG       0     0     4
  [2792] .rela.text._[...] RELA             0000000000000000  0022e218
       0000000000000018  0000000000000018   I      5503   2791     8
  [2793] .text._ZN3ro[...] PROGBITS         0000000000000000  00019088
       0000000000000008  0000000000000000 AXG       0     0     4
  [2794] .text._ZSt4m[...] PROGBITS         0000000000000000  00019090
       0000000000000014  0000000000000000 AXG       0     0     4
  [2795] .text._ZSt4s[...] PROGBITS         0000000000000000  000190a4
       0000000000000088  0000000000000000 AXG       0     0     4
  [2796] .rela.text._[...] RELA             0000000000000000  0022e230
       00000000000000c0  0000000000000018   I      5503   2795     8
  [2797] .text._ZNSt1[...] PROGBITS         0000000000000000  0001912c
       0000000000000014  0000000000000000 AXG       0     0     4
  [2798] .text._ZN5bo[...] PROGBITS         0000000000000000  00019140
       000000000000003c  0000000000000000 AXG       0     0     4
  [2799] .rela.text._[...] RELA             0000000000000000  0022e2f0
       0000000000000048  0000000000000018   I      5503   2798     8
  [2800] .text._ZN5bo[...] PROGBITS         0000000000000000  0001917c
       000000000000006c  0000000000000000 AXG       0     0     4
  [2801] .rela.text._[...] RELA             0000000000000000  0022e338
       0000000000000048  0000000000000018   I      5503   2800     8
  [2802] .text._ZN5bo[...] PROGBITS         0000000000000000  000191e8
       000000000000003c  0000000000000000 AXG       0     0     4
  [2803] .rela.text._[...] RELA             0000000000000000  0022e380
       0000000000000030  0000000000000018   I      5503   2802     8
  [2804] .text._ZN5bo[...] PROGBITS         0000000000000000  00019224
       000000000000006c  0000000000000000 AXG       0     0     4
  [2805] .rela.text._[...] RELA             0000000000000000  0022e3b0
       0000000000000048  0000000000000018   I      5503   2804     8
  [2806] .text._ZN3ro[...] PROGBITS         0000000000000000  00019290
       0000000000000014  0000000000000000 AXG       0     0     4
  [2807] .rela.text._[...] RELA             0000000000000000  0022e3f8
       0000000000000018  0000000000000018   I      5503   2806     8
  [2808] .text._ZN3ro[...] PROGBITS         0000000000000000  000192a4
       0000000000000014  0000000000000000 AXG       0     0     4
  [2809] .rela.text._[...] RELA             0000000000000000  0022e410
       0000000000000018  0000000000000018   I      5503   2808     8
  [2810] .text._ZN5bo[...] PROGBITS         0000000000000000  000192b8
       0000000000000020  0000000000000000 AXG       0     0     4
  [2811] .rela.text._[...] RELA             0000000000000000  0022e428
       0000000000000018  0000000000000018   I      5503   2810     8
  [2812] .text._ZN5bo[...] PROGBITS         0000000000000000  000192d8
       000000000000018c  0000000000000000 AXG       0     0     4
  [2813] .rela.text._[...] RELA             0000000000000000  0022e440
       0000000000000258  0000000000000018   I      5503   2812     8
  [2814] .text._ZN5bo[...] PROGBITS         0000000000000000  00019464
       0000000000000070  0000000000000000 AXG       0     0     4
  [2815] .rela.text._[...] RELA             0000000000000000  0022e698
       00000000000000c0  0000000000000018   I      5503   2814     8
  [2816] .text._ZNKSt[...] PROGBITS         0000000000000000  000194d4
       0000000000000014  0000000000000000 AXG       0     0     4
  [2817] .text._ZStne[...] PROGBITS         0000000000000000  000194e8
       0000000000000018  0000000000000000 AXG       0     0     4
  [2818] .text._ZNSt6[...] PROGBITS         0000000000000000  00019500
       000000000000002c  0000000000000000 AXG       0     0     4
  [2819] .rela.text._[...] RELA             0000000000000000  0022e758
       0000000000000018  0000000000000018   I      5503   2818     8
  [2820] .text._ZSt15[...] PROGBITS         0000000000000000  0001952c
       000000000000005c  0000000000000000 AXG       0     0     4
  [2821] .rela.text._[...] RELA             0000000000000000  0022e770
       0000000000000090  0000000000000018   I      5503   2820     8
  [2822] .text._ZNKSt[...] PROGBITS         0000000000000000  00019588
       000000000000002c  0000000000000000 AXG       0     0     4
  [2823] .text._ZNKSt[...] PROGBITS         0000000000000000  000195b4
       000000000000002c  0000000000000000 AXG       0     0     4
  [2824] .text._ZNKSt[...] PROGBITS         0000000000000000  000195e0
       0000000000000064  0000000000000000 AXG       0     0     4
  [2825] .rela.text._[...] RELA             0000000000000000  0022e800
       0000000000000090  0000000000000018   I      5503   2824     8
  [2826] .text._ZNKSt[...] PROGBITS         0000000000000000  00019644
       0000000000000064  0000000000000000 AXG       0     0     4
  [2827] .rela.text._[...] RELA             0000000000000000  0022e890
       0000000000000090  0000000000000018   I      5503   2826     8
  [2828] .text._ZNSt6[...] PROGBITS         0000000000000000  000196a8
       0000000000000084  0000000000000000 AXG       0     0     4
  [2829] .rela.text._[...] RELA             0000000000000000  0022e920
       00000000000000c0  0000000000000018   I      5503   2828     8
  [2830] .text._ZNSt6[...] PROGBITS         0000000000000000  0001972c
       0000000000000058  0000000000000000 AXG       0     0     4
  [2831] .rela.text._[...] RELA             0000000000000000  0022e9e0
       0000000000000090  0000000000000018   I      5503   2830     8
  [2832] .text._ZSt4c[...] PROGBITS         0000000000000000  00019784
       0000000000000048  0000000000000000 AXG       0     0     4
  [2833] .rela.text._[...] RELA             0000000000000000  0022ea70
       0000000000000048  0000000000000018   I      5503   2832     8
  [2834] .text._ZNSt6[...] PROGBITS         0000000000000000  000197cc
       000000000000005c  0000000000000000 AXG       0     0     4
  [2835] .rela.text._[...] RELA             0000000000000000  0022eab8
       0000000000000090  0000000000000018   I      5503   2834     8
  [2836] .text._ZSt8_[...] PROGBITS         0000000000000000  00019828
       000000000000002c  0000000000000000 AXG       0     0     4
  [2837] .rela.text._[...] RELA             0000000000000000  0022eb48
       0000000000000018  0000000000000018   I      5503   2836     8
  [2838] .text._ZSt4c[...] PROGBITS         0000000000000000  00019854
       0000000000000048  0000000000000000 AXG       0     0     4
  [2839] .rela.text._[...] RELA             0000000000000000  0022eb60
       0000000000000048  0000000000000018   I      5503   2838     8
  [2840] .text._ZSt22[...] PROGBITS         0000000000000000  0001989c
       0000000000000030  0000000000000000 AXG       0     0     4
  [2841] .rela.text._[...] RELA             0000000000000000  0022eba8
       0000000000000018  0000000000000018   I      5503   2840     8
  [2842] .text._ZN9__[...] PROGBITS         0000000000000000  000198cc
       0000000000000008  0000000000000000 AXG       0     0     4
  [2843] .text._ZN9__[...] PROGBITS         0000000000000000  000198d4
       0000000000000008  0000000000000000 AXG       0     0     4
  [2844] .text._ZNSt8[...] PROGBITS         0000000000000000  000198dc
       00000000000001c8  0000000000000000 AXG       0     0     4
  [2845] .rela.text._[...] RELA             0000000000000000  0022ebc0
       00000000000002a0  0000000000000018   I      5503   2844     8
  [2846] .text._ZNSt1[...] PROGBITS         0000000000000000  00019aa4
       0000000000000014  0000000000000000 AXG       0     0     4
  [2847] .text._ZN5bo[...] PROGBITS         0000000000000000  00019ab8
       000000000000003c  0000000000000000 AXG       0     0     4
  [2848] .rela.text._[...] RELA             0000000000000000  0022ee60
       0000000000000048  0000000000000018   I      5503   2847     8
  [2849] .text._ZN5bo[...] PROGBITS         0000000000000000  00019af4
       000000000000006c  0000000000000000 AXG       0     0     4
  [2850] .rela.text._[...] RELA             0000000000000000  0022eea8
       0000000000000048  0000000000000018   I      5503   2849     8
  [2851] .text._ZN5bo[...] PROGBITS         0000000000000000  00019b60
       000000000000003c  0000000000000000 AXG       0     0     4
  [2852] .rela.text._[...] RELA             0000000000000000  0022eef0
       0000000000000030  0000000000000018   I      5503   2851     8
  [2853] .text._ZN5bo[...] PROGBITS         0000000000000000  00019b9c
       000000000000006c  0000000000000000 AXG       0     0     4
  [2854] .rela.text._[...] RELA             0000000000000000  0022ef20
       0000000000000048  0000000000000018   I      5503   2853     8
  [2855] .text._ZN3ro[...] PROGBITS         0000000000000000  00019c08
       0000000000000014  0000000000000000 AXG       0     0     4
  [2856] .rela.text._[...] RELA             0000000000000000  0022ef68
       0000000000000018  0000000000000018   I      5503   2855     8
  [2857] .text._ZN3ro[...] PROGBITS         0000000000000000  00019c1c
       0000000000000014  0000000000000000 AXG       0     0     4
  [2858] .rela.text._[...] RELA             0000000000000000  0022ef80
       0000000000000018  0000000000000018   I      5503   2857     8
  [2859] .text._ZN5bo[...] PROGBITS         0000000000000000  00019c30
       0000000000000020  0000000000000000 AXG       0     0     4
  [2860] .rela.text._[...] RELA             0000000000000000  0022ef98
       0000000000000018  0000000000000018   I      5503   2859     8
  [2861] .text._ZN5bo[...] PROGBITS         0000000000000000  00019c50
       000000000000018c  0000000000000000 AXG       0     0     4
  [2862] .rela.text._[...] RELA             0000000000000000  0022efb0
       0000000000000258  0000000000000018   I      5503   2861     8
  [2863] .text._ZN5bo[...] PROGBITS         0000000000000000  00019ddc
       0000000000000070  0000000000000000 AXG       0     0     4
  [2864] .rela.text._[...] RELA             0000000000000000  0022f208
       00000000000000c0  0000000000000018   I      5503   2863     8
  [2865] .text._ZNSt1[...] PROGBITS         0000000000000000  00019e4c
       0000000000000014  0000000000000000 AXG       0     0     4
  [2866] .text._ZN5bo[...] PROGBITS         0000000000000000  00019e60
       000000000000003c  0000000000000000 AXG       0     0     4
  [2867] .rela.text._[...] RELA             0000000000000000  0022f2c8
       0000000000000048  0000000000000018   I      5503   2866     8
  [2868] .text._ZN5bo[...] PROGBITS         0000000000000000  00019e9c
       000000000000006c  0000000000000000 AXG       0     0     4
  [2869] .rela.text._[...] RELA             0000000000000000  0022f310
       0000000000000048  0000000000000018   I      5503   2868     8
  [2870] .text._ZN5bo[...] PROGBITS         0000000000000000  00019f08
       000000000000003c  0000000000000000 AXG       0     0     4
  [2871] .rela.text._[...] RELA             0000000000000000  0022f358
       0000000000000030  0000000000000018   I      5503   2870     8
  [2872] .text._ZN5bo[...] PROGBITS         0000000000000000  00019f44
       000000000000006c  0000000000000000 AXG       0     0     4
  [2873] .rela.text._[...] RELA             0000000000000000  0022f388
       0000000000000048  0000000000000018   I      5503   2872     8
  [2874] .text._ZN3ro[...] PROGBITS         0000000000000000  00019fb0
       0000000000000014  0000000000000000 AXG       0     0     4
  [2875] .rela.text._[...] RELA             0000000000000000  0022f3d0
       0000000000000018  0000000000000018   I      5503   2874     8
  [2876] .text._ZN3ro[...] PROGBITS         0000000000000000  00019fc4
       0000000000000014  0000000000000000 AXG       0     0     4
  [2877] .rela.text._[...] RELA             0000000000000000  0022f3e8
       0000000000000018  0000000000000018   I      5503   2876     8
  [2878] .text._ZN5bo[...] PROGBITS         0000000000000000  00019fd8
       0000000000000020  0000000000000000 AXG       0     0     4
  [2879] .rela.text._[...] RELA             0000000000000000  0022f400
       0000000000000018  0000000000000018   I      5503   2878     8
  [2880] .text._ZN5bo[...] PROGBITS         0000000000000000  00019ff8
       000000000000018c  0000000000000000 AXG       0     0     4
  [2881] .rela.text._[...] RELA             0000000000000000  0022f418
       0000000000000258  0000000000000018   I      5503   2880     8
  [2882] .text._ZN5bo[...] PROGBITS         0000000000000000  0001a184
       0000000000000070  0000000000000000 AXG       0     0     4
  [2883] .rela.text._[...] RELA             0000000000000000  0022f670
       00000000000000c0  0000000000000018   I      5503   2882     8
  [2884] .text._ZNSt1[...] PROGBITS         0000000000000000  0001a1f4
       0000000000000014  0000000000000000 AXG       0     0     4
  [2885] .text._ZN5bo[...] PROGBITS         0000000000000000  0001a208
       000000000000003c  0000000000000000 AXG       0     0     4
  [2886] .rela.text._[...] RELA             0000000000000000  0022f730
       0000000000000048  0000000000000018   I      5503   2885     8
  [2887] .text._ZN5bo[...] PROGBITS         0000000000000000  0001a244
       000000000000006c  0000000000000000 AXG       0     0     4
  [2888] .rela.text._[...] RELA             0000000000000000  0022f778
       0000000000000048  0000000000000018   I      5503   2887     8
  [2889] .text._ZN5bo[...] PROGBITS         0000000000000000  0001a2b0
       000000000000003c  0000000000000000 AXG       0     0     4
  [2890] .rela.text._[...] RELA             0000000000000000  0022f7c0
       0000000000000030  0000000000000018   I      5503   2889     8
  [2891] .text._ZN5bo[...] PROGBITS         0000000000000000  0001a2ec
       000000000000006c  0000000000000000 AXG       0     0     4
  [2892] .rela.text._[...] RELA             0000000000000000  0022f7f0
       0000000000000048  0000000000000018   I      5503   2891     8
  [2893] .text._ZN3ro[...] PROGBITS         0000000000000000  0001a358
       0000000000000014  0000000000000000 AXG       0     0     4
  [2894] .rela.text._[...] RELA             0000000000000000  0022f838
       0000000000000018  0000000000000018   I      5503   2893     8
  [2895] .text._ZN3ro[...] PROGBITS         0000000000000000  0001a36c
       0000000000000014  0000000000000000 AXG       0     0     4
  [2896] .rela.text._[...] RELA             0000000000000000  0022f850
       0000000000000018  0000000000000018   I      5503   2895     8
  [2897] .text._ZN5bo[...] PROGBITS         0000000000000000  0001a380
       0000000000000020  0000000000000000 AXG       0     0     4
  [2898] .rela.text._[...] RELA             0000000000000000  0022f868
       0000000000000018  0000000000000018   I      5503   2897     8
  [2899] .text._ZN5bo[...] PROGBITS         0000000000000000  0001a3a0
       000000000000018c  0000000000000000 AXG       0     0     4
  [2900] .rela.text._[...] RELA             0000000000000000  0022f880
       0000000000000258  0000000000000018   I      5503   2899     8
  [2901] .text._ZN5bo[...] PROGBITS         0000000000000000  0001a52c
       0000000000000070  0000000000000000 AXG       0     0     4
  [2902] .rela.text._[...] RELA             0000000000000000  0022fad8
       00000000000000c0  0000000000000018   I      5503   2901     8
  [2903] .text._ZNSt1[...] PROGBITS         0000000000000000  0001a59c
       0000000000000014  0000000000000000 AXG       0     0     4
  [2904] .text._ZN5bo[...] PROGBITS         0000000000000000  0001a5b0
       000000000000003c  0000000000000000 AXG       0     0     4
  [2905] .rela.text._[...] RELA             0000000000000000  0022fb98
       0000000000000048  0000000000000018   I      5503   2904     8
  [2906] .text._ZN5bo[...] PROGBITS         0000000000000000  0001a5ec
       000000000000006c  0000000000000000 AXG       0     0     4
  [2907] .rela.text._[...] RELA             0000000000000000  0022fbe0
       0000000000000048  0000000000000018   I      5503   2906     8
  [2908] .text._ZN5bo[...] PROGBITS         0000000000000000  0001a658
       000000000000003c  0000000000000000 AXG       0     0     4
  [2909] .rela.text._[...] RELA             0000000000000000  0022fc28
       0000000000000030  0000000000000018   I      5503   2908     8
  [2910] .text._ZN5bo[...] PROGBITS         0000000000000000  0001a694
       000000000000006c  0000000000000000 AXG       0     0     4
  [2911] .rela.text._[...] RELA             0000000000000000  0022fc58
       0000000000000048  0000000000000018   I      5503   2910     8
  [2912] .text._ZN5bo[...] PROGBITS         0000000000000000  0001a700
       0000000000000020  0000000000000000 AXG       0     0     4
  [2913] .rela.text._[...] RELA             0000000000000000  0022fca0
       0000000000000018  0000000000000018   I      5503   2912     8
  [2914] .text._ZN5bo[...] PROGBITS         0000000000000000  0001a720
       000000000000018c  0000000000000000 AXG       0     0     4
  [2915] .rela.text._[...] RELA             0000000000000000  0022fcb8
       0000000000000258  0000000000000018   I      5503   2914     8
  [2916] .text._ZN5bo[...] PROGBITS         0000000000000000  0001a8ac
       0000000000000070  0000000000000000 AXG       0     0     4
  [2917] .rela.text._[...] RELA             0000000000000000  0022ff10
       00000000000000c0  0000000000000018   I      5503   2916     8
  [2918] .text._ZN3ro[...] PROGBITS         0000000000000000  0001a91c
       0000000000000018  0000000000000000 AXG       0     0     4
  [2919] .rela.text._[...] RELA             0000000000000000  0022ffd0
       0000000000000018  0000000000000018   I      5503   2918     8
  [2920] .text._ZN3ro[...] PROGBITS         0000000000000000  0001a934
       0000000000000018  0000000000000000 AXG       0     0     4
  [2921] .rela.text._[...] RELA             0000000000000000  0022ffe8
       0000000000000018  0000000000000018   I      5503   2920     8
  [2922] .text._ZN3ro[...] PROGBITS         0000000000000000  0001a94c
       000000000000001c  0000000000000000 AXG       0     0     4
  [2923] .rela.text._[...] RELA             0000000000000000  00230000
       0000000000000018  0000000000000018   I      5503   2922     8
  [2924] .text._ZN3ro[...] PROGBITS         0000000000000000  0001a968
       0000000000000028  0000000000000000 AXG       0     0     4
  [2925] .rela.text._[...] RELA             0000000000000000  00230018
       0000000000000018  0000000000000018   I      5503   2924     8
  [2926] .text._ZN5bo[...] PROGBITS         0000000000000000  0001a990
       0000000000000028  0000000000000000 AXG       0     0     4
  [2927] .rela.text._[...] RELA             0000000000000000  00230030
       0000000000000018  0000000000000018   I      5503   2926     8
  [2928] .text._ZN5bo[...] PROGBITS         0000000000000000  0001a9b8
       0000000000000038  0000000000000000 AXG       0     0     4
  [2929] .text._ZN5bo[...] PROGBITS         0000000000000000  0001a9f0
       000000000000003c  0000000000000000 AXG       0     0     4
  [2930] .rela.text._[...] RELA             0000000000000000  00230048
       0000000000000030  0000000000000018   I      5503   2929     8
  [2931] .text._ZN3ro[...] PROGBITS         0000000000000000  0001aa2c
       0000000000000018  0000000000000000 AXG       0     0     4
  [2932] .rela.text._[...] RELA             0000000000000000  00230078
       0000000000000018  0000000000000018   I      5503   2931     8
  [2933] .text._ZN3ro[...] PROGBITS         0000000000000000  0001aa44
       0000000000000018  0000000000000000 AXG       0     0     4
  [2934] .rela.text._[...] RELA             0000000000000000  00230090
       0000000000000018  0000000000000018   I      5503   2933     8
  [2935] .text._ZN3ro[...] PROGBITS         0000000000000000  0001aa5c
       000000000000001c  0000000000000000 AXG       0     0     4
  [2936] .rela.text._[...] RELA             0000000000000000  002300a8
       0000000000000018  0000000000000018   I      5503   2935     8
  [2937] .text._ZN3ro[...] PROGBITS         0000000000000000  0001aa78
       0000000000000028  0000000000000000 AXG       0     0     4
  [2938] .rela.text._[...] RELA             0000000000000000  002300c0
       0000000000000018  0000000000000018   I      5503   2937     8
  [2939] .text._ZN5bo[...] PROGBITS         0000000000000000  0001aaa0
       0000000000000028  0000000000000000 AXG       0     0     4
  [2940] .rela.text._[...] RELA             0000000000000000  002300d8
       0000000000000018  0000000000000018   I      5503   2939     8
  [2941] .text._ZN5bo[...] PROGBITS         0000000000000000  0001aac8
       0000000000000038  0000000000000000 AXG       0     0     4
  [2942] .text._ZN5bo[...] PROGBITS         0000000000000000  0001ab00
       000000000000003c  0000000000000000 AXG       0     0     4
  [2943] .rela.text._[...] RELA             0000000000000000  002300f0
       0000000000000030  0000000000000018   I      5503   2942     8
  [2944] .text._ZN3ro[...] PROGBITS         0000000000000000  0001ab3c
       0000000000000018  0000000000000000 AXG       0     0     4
  [2945] .rela.text._[...] RELA             0000000000000000  00230120
       0000000000000018  0000000000000018   I      5503   2944     8
  [2946] .text._ZN3ro[...] PROGBITS         0000000000000000  0001ab54
       0000000000000018  0000000000000000 AXG       0     0     4
  [2947] .rela.text._[...] RELA             0000000000000000  00230138
       0000000000000018  0000000000000018   I      5503   2946     8
  [2948] .text._ZN3ro[...] PROGBITS         0000000000000000  0001ab6c
       000000000000001c  0000000000000000 AXG       0     0     4
  [2949] .rela.text._[...] RELA             0000000000000000  00230150
       0000000000000018  0000000000000018   I      5503   2948     8
  [2950] .text._ZN3ro[...] PROGBITS         0000000000000000  0001ab88
       0000000000000028  0000000000000000 AXG       0     0     4
  [2951] .rela.text._[...] RELA             0000000000000000  00230168
       0000000000000018  0000000000000018   I      5503   2950     8
  [2952] .text._ZN5bo[...] PROGBITS         0000000000000000  0001abb0
       0000000000000028  0000000000000000 AXG       0     0     4
  [2953] .rela.text._[...] RELA             0000000000000000  00230180
       0000000000000018  0000000000000018   I      5503   2952     8
  [2954] .text._ZN5bo[...] PROGBITS         0000000000000000  0001abd8
       0000000000000038  0000000000000000 AXG       0     0     4
  [2955] .text._ZN5bo[...] PROGBITS         0000000000000000  0001ac10
       000000000000003c  0000000000000000 AXG       0     0     4
  [2956] .rela.text._[...] RELA             0000000000000000  00230198
       0000000000000030  0000000000000018   I      5503   2955     8
  [2957] .text._ZN13g[...] PROGBITS         0000000000000000  0001ac4c
       000000000000002c  0000000000000000 AXG       0     0     4
  [2958] .text._ZN13g[...] PROGBITS         0000000000000000  0001ac78
       000000000000002c  0000000000000000 AXG       0     0     4
  [2959] .rela.text._[...] RELA             0000000000000000  002301c8
       0000000000000030  0000000000000018   I      5503   2958     8
  [2960] .text._ZN5bo[...] PROGBITS         0000000000000000  0001aca4
       0000000000000028  0000000000000000 AXG       0     0     4
  [2961] .rela.text._[...] RELA             0000000000000000  002301f8
       0000000000000018  0000000000000018   I      5503   2960     8
  [2962] .text._ZN13g[...] PROGBITS         0000000000000000  0001accc
       000000000000002c  0000000000000000 AXG       0     0     4
  [2963] .rela.text._[...] RELA             0000000000000000  00230210
       0000000000000030  0000000000000018   I      5503   2962     8
  [2964] .text._ZN3ro[...] PROGBITS         0000000000000000  0001acf8
       0000000000000018  0000000000000000 AXG       0     0     4
  [2965] .rela.text._[...] RELA             0000000000000000  00230240
       0000000000000018  0000000000000018   I      5503   2964     8
  [2966] .text._ZN3ro[...] PROGBITS         0000000000000000  0001ad10
       0000000000000018  0000000000000000 AXG       0     0     4
  [2967] .rela.text._[...] RELA             0000000000000000  00230258
       0000000000000018  0000000000000018   I      5503   2966     8
  [2968] .text._ZN3ro[...] PROGBITS         0000000000000000  0001ad28
       000000000000001c  0000000000000000 AXG       0     0     4
  [2969] .rela.text._[...] RELA             0000000000000000  00230270
       0000000000000018  0000000000000018   I      5503   2968     8
  [2970] .text._ZN3ro[...] PROGBITS         0000000000000000  0001ad44
       0000000000000028  0000000000000000 AXG       0     0     4
  [2971] .rela.text._[...] RELA             0000000000000000  00230288
       0000000000000018  0000000000000018   I      5503   2970     8
  [2972] .text._ZN5bo[...] PROGBITS         0000000000000000  0001ad6c
       0000000000000028  0000000000000000 AXG       0     0     4
  [2973] .rela.text._[...] RELA             0000000000000000  002302a0
       0000000000000018  0000000000000018   I      5503   2972     8
  [2974] .text._ZN5bo[...] PROGBITS         0000000000000000  0001ad94
       0000000000000038  0000000000000000 AXG       0     0     4
  [2975] .text._ZN5bo[...] PROGBITS         0000000000000000  0001adcc
       000000000000003c  0000000000000000 AXG       0     0     4
  [2976] .rela.text._[...] RELA             0000000000000000  002302b8
       0000000000000030  0000000000000018   I      5503   2975     8
  [2977] .text._ZNSt1[...] PROGBITS         0000000000000000  0001ae08
       0000000000000038  0000000000000000 AXG       0     0     4
  [2978] .rela.text._[...] RELA             0000000000000000  002302e8
       0000000000000018  0000000000000018   I      5503   2977     8
  [2979] .text._ZNSt8[...] PROGBITS         0000000000000000  0001ae40
       0000000000000024  0000000000000000 AXG       0     0     4
  [2980] .rela.text._[...] RELA             0000000000000000  00230300
       0000000000000030  0000000000000018   I      5503   2979     8
  [2981] .text._ZNSt1[...] PROGBITS         0000000000000000  0001ae64
       0000000000000014  0000000000000000 AXG       0     0     4
  [2982] .text._ZN9__[...] PROGBITS         0000000000000000  0001ae78
       0000000000000014  0000000000000000 AXG       0     0     4
  [2983] .text._ZNSt1[...] PROGBITS         0000000000000000  0001ae8c
       000000000000002c  0000000000000000 AXG       0     0     4
  [2984] .rela.text._[...] RELA             0000000000000000  00230330
       0000000000000030  0000000000000018   I      5503   2983     8
  [2985] .text._ZNSt8[...] PROGBITS         0000000000000000  0001aeb8
       0000000000000044  0000000000000000 AXG       0     0     4
  [2986] .rela.text._[...] RELA             0000000000000000  00230360
       0000000000000048  0000000000000018   I      5503   2985     8
  [2987] .text._ZNSt8[...] PROGBITS         0000000000000000  0001aefc
       0000000000000030  0000000000000000 AXG       0     0     4
  [2988] .rela.text._[...] RELA             0000000000000000  002303a8
       0000000000000030  0000000000000018   I      5503   2987     8
  [2989] .text._ZN9__[...] PROGBITS         0000000000000000  0001af2c
       0000000000000014  0000000000000000 AXG       0     0     4
  [2990] .text._ZNSaI[...] PROGBITS         0000000000000000  0001af40
       0000000000000020  0000000000000000 AXG       0     0     4
  [2991] .rela.text._[...] RELA             0000000000000000  002303d8
       0000000000000018  0000000000000018   I      5503   2990     8
  [2992] .text._ZN9__[...] PROGBITS         0000000000000000  0001af60
       0000000000000014  0000000000000000 AXG       0     0     4
  [2993] .text._ZNSt1[...] PROGBITS         0000000000000000  0001af74
       0000000000000030  0000000000000000 AXG       0     0     4
  [2994] .rela.text._[...] RELA             0000000000000000  002303f0
       0000000000000018  0000000000000018   I      5503   2993     8
  [2995] .text._ZNSt1[...] PROGBITS         0000000000000000  0001afa4
       0000000000000048  0000000000000000 AXG       0     0     4
  [2996] .rela.text._[...] RELA             0000000000000000  00230408
       0000000000000030  0000000000000018   I      5503   2995     8
  [2997] .text._ZNSaI[...] PROGBITS         0000000000000000  0001afec
       0000000000000020  0000000000000000 AXG       0     0     4
  [2998] .rela.text._[...] RELA             0000000000000000  00230438
       0000000000000018  0000000000000018   I      5503   2997     8
  [2999] .text._ZNSt8[...] PROGBITS         0000000000000000  0001b00c
       0000000000000044  0000000000000000 AXG       0     0     4
  [3000] .text._ZSt3m[...] PROGBITS         0000000000000000  0001b050
       0000000000000038  0000000000000000 AXG       0     0     4
  [3001] .text._ZN5bo[...] PROGBITS         0000000000000000  0001b088
       000000000000006c  0000000000000000 AXG       0     0     4
  [3002] .rela.text._[...] RELA             0000000000000000  00230450
       00000000000000a8  0000000000000018   I      5503   3001     8
  [3003] .text._ZN5bo[...] PROGBITS         0000000000000000  0001b0f4
       000000000000006c  0000000000000000 AXG       0     0     4
  [3004] .rela.text._[...] RELA             0000000000000000  002304f8
       00000000000000a8  0000000000000018   I      5503   3003     8
  [3005] .text._ZN5bo[...] PROGBITS         0000000000000000  0001b160
       0000000000000060  0000000000000000 AXG       0     0     8
  [3006] .rela.text._[...] RELA             0000000000000000  002305a0
       0000000000000060  0000000000000018   I      5503   3005     8
  [3007] .text._ZN5bo[...] PROGBITS         0000000000000000  0001b1c0
       00000000000000c8  0000000000000000 AXG       0     0     8
  [3008] .rela.text._[...] RELA             0000000000000000  00230600
       00000000000000d8  0000000000000018   I      5503   3007     8
  [3009] .text._ZN9__[...] PROGBITS         0000000000000000  0001b288
       0000000000000018  0000000000000000 AXG       0     0     4
  [3010] .text._ZNSt1[...] PROGBITS         0000000000000000  0001b2a0
       0000000000000038  0000000000000000 AXG       0     0     4
  [3011] .rela.text._[...] RELA             0000000000000000  002306d8
       0000000000000018  0000000000000018   I      5503   3010     8
  [3012] .text._ZNSt1[...] PROGBITS         0000000000000000  0001b2d8
       0000000000000030  0000000000000000 AXG       0     0     4
  [3013] .rela.text._[...] RELA             0000000000000000  002306f0
       0000000000000018  0000000000000018   I      5503   3012     8
  [3014] .text._ZNSt2[...] PROGBITS         0000000000000000  0001b308
       000000000000002c  0000000000000000 AXG       0     0     4
  [3015] .rela.text._[...] RELA             0000000000000000  00230708
       0000000000000018  0000000000000018   I      5503   3014     8
  [3016] .text._ZNSt1[...] PROGBITS         0000000000000000  0001b334
       0000000000000018  0000000000000000 AXG       0     0     4
  [3017] .text._ZN3ro[...] PROGBITS         0000000000000000  0001b34c
       000000000000000c  0000000000000000 AXG       0     0     4
  [3018] .rela.text._[...] RELA             0000000000000000  00230720
       0000000000000030  0000000000000018   I      5503   3017     8
  [3019] .text._ZN3ro[...] PROGBITS         0000000000000000  0001b358
       000000000000000c  0000000000000000 AXG       0     0     4
  [3020] .rela.text._[...] RELA             0000000000000000  00230750
       0000000000000030  0000000000000018   I      5503   3019     8
  [3021] .text._ZN3ro[...] PROGBITS         0000000000000000  0001b364
       0000000000000064  0000000000000000 AXG       0     0     4
  [3022] .rela.text._[...] RELA             0000000000000000  00230780
       00000000000000c0  0000000000000018   I      5503   3021     8
  [3023] .text._ZN5bo[...] PROGBITS         0000000000000000  0001b3c8
       0000000000000070  0000000000000000 AXG       0     0     4
  [3024] .rela.text._[...] RELA             0000000000000000  00230840
       00000000000000a8  0000000000000018   I      5503   3023     8
  [3025] .text._ZN5bo[...] PROGBITS         0000000000000000  0001b438
       0000000000000044  0000000000000000 AXG       0     0     4
  [3026] .rela.text._[...] RELA             0000000000000000  002308e8
       0000000000000030  0000000000000018   I      5503   3025     8
  [3027] .text._ZN3ro[...] PROGBITS         0000000000000000  0001b47c
       0000000000000078  0000000000000000 AXG       0     0     4
  [3028] .rela.text._[...] RELA             0000000000000000  00230918
       0000000000000018  0000000000000018   I      5503   3027     8
  [3029] .text._ZN3ro[...] PROGBITS         0000000000000000  0001b4f4
       0000000000000028  0000000000000000 AXG       0     0     4
  [3030] .rela.text._[...] RELA             0000000000000000  00230930
       0000000000000018  0000000000000018   I      5503   3029     8
  [3031] .text._ZN5bo[...] PROGBITS         0000000000000000  0001b51c
       0000000000000024  0000000000000000 AXG       0     0     4
  [3032] .rodata._ZZN[...] PROGBITS         0000000000000000  0001b540
       0000000000000010  0000000000000000  AG       0     0     8
  [3033] .rela.rodata[...] RELA             0000000000000000  00230948
       0000000000000030  0000000000000018   I      5503   3032     8
  [3034] .text._ZN5bo[...] PROGBITS         0000000000000000  0001b550
       0000000000000080  0000000000000000 AXG       0     0     8
  [3035] .rela.text._[...] RELA             0000000000000000  00230978
       0000000000000030  0000000000000018   I      5503   3034     8
  [3036] .text._ZNK5b[...] PROGBITS         0000000000000000  0001b5d0
       000000000000001c  0000000000000000 AXG       0     0     4
  [3037] .text._ZNK5b[...] PROGBITS         0000000000000000  0001b5ec
       0000000000000044  0000000000000000 AXG       0     0     4
  [3038] .text._ZN5bo[...] PROGBITS         0000000000000000  0001b630
       00000000000000b8  0000000000000000 AXG       0     0     4
  [3039] .rela.text._[...] RELA             0000000000000000  002309a8
       0000000000000120  0000000000000018   I      5503   3038     8
  [3040] .text._ZN3ro[...] PROGBITS         0000000000000000  0001b6e8
       000000000000000c  0000000000000000 AXG       0     0     4
  [3041] .rela.text._[...] RELA             0000000000000000  00230ac8
       0000000000000030  0000000000000018   I      5503   3040     8
  [3042] .text._ZN3ro[...] PROGBITS         0000000000000000  0001b6f4
       000000000000000c  0000000000000000 AXG       0     0     4
  [3043] .rela.text._[...] RELA             0000000000000000  00230af8
       0000000000000030  0000000000000018   I      5503   3042     8
  [3044] .text._ZN3ro[...] PROGBITS         0000000000000000  0001b700
       000000000000000c  0000000000000000 AXG       0     0     4
  [3045] .rela.text._[...] RELA             0000000000000000  00230b28
       0000000000000030  0000000000000018   I      5503   3044     8
  [3046] .text._ZN3ro[...] PROGBITS         0000000000000000  0001b70c
       000000000000000c  0000000000000000 AXG       0     0     4
  [3047] .rela.text._[...] RELA             0000000000000000  00230b58
       0000000000000030  0000000000000018   I      5503   3046     8
  [3048] .text._ZN3ro[...] PROGBITS         0000000000000000  0001b718
       000000000000000c  0000000000000000 AXG       0     0     4
  [3049] .rela.text._[...] RELA             0000000000000000  00230b88
       0000000000000030  0000000000000018   I      5503   3048     8
  [3050] .text._ZN3ro[...] PROGBITS         0000000000000000  0001b724
       000000000000000c  0000000000000000 AXG       0     0     4
  [3051] .rela.text._[...] RELA             0000000000000000  00230bb8
       0000000000000030  0000000000000018   I      5503   3050     8
  [3052] .text._ZN3ro[...] PROGBITS         0000000000000000  0001b730
       000000000000000c  0000000000000000 AXG       0     0     4
  [3053] .rela.text._[...] RELA             0000000000000000  00230be8
       0000000000000030  0000000000000018   I      5503   3052     8
  [3054] .text._ZN3ro[...] PROGBITS         0000000000000000  0001b73c
       000000000000000c  0000000000000000 AXG       0     0     4
  [3055] .rela.text._[...] RELA             0000000000000000  00230c18
       0000000000000030  0000000000000018   I      5503   3054     8
  [3056] .text._ZN3ro[...] PROGBITS         0000000000000000  0001b748
       000000000000000c  0000000000000000 AXG       0     0     4
  [3057] .rela.text._[...] RELA             0000000000000000  00230c48
       0000000000000030  0000000000000018   I      5503   3056     8
  [3058] .text._ZN3ro[...] PROGBITS         0000000000000000  0001b754
       000000000000000c  0000000000000000 AXG       0     0     4
  [3059] .rela.text._[...] RELA             0000000000000000  00230c78
       0000000000000030  0000000000000018   I      5503   3058     8
  [3060] .text._ZN3ro[...] PROGBITS         0000000000000000  0001b760
       000000000000000c  0000000000000000 AXG       0     0     4
  [3061] .rela.text._[...] RELA             0000000000000000  00230ca8
       0000000000000030  0000000000000018   I      5503   3060     8
  [3062] .text._ZN3ro[...] PROGBITS         0000000000000000  0001b76c
       000000000000000c  0000000000000000 AXG       0     0     4
  [3063] .rela.text._[...] RELA             0000000000000000  00230cd8
       0000000000000030  0000000000000018   I      5503   3062     8
  [3064] .text._ZN3ro[...] PROGBITS         0000000000000000  0001b778
       000000000000000c  0000000000000000 AXG       0     0     4
  [3065] .rela.text._[...] RELA             0000000000000000  00230d08
       0000000000000030  0000000000000018   I      5503   3064     8
  [3066] .rodata._ZZN[...] PROGBITS         0000000000000000  0001b788
       0000000000000010  0000000000000000  AG       0     0     8
  [3067] .rela.rodata[...] RELA             0000000000000000  00230d38
       0000000000000030  0000000000000018   I      5503   3066     8
  [3068] .text._ZN5bo[...] PROGBITS         0000000000000000  0001b798
       0000000000000078  0000000000000000 AXG       0     0     8
  [3069] .rela.text._[...] RELA             0000000000000000  00230d68
       0000000000000030  0000000000000018   I      5503   3068     8
  [3070] .text._ZNK5b[...] PROGBITS         0000000000000000  0001b810
       000000000000001c  0000000000000000 AXG       0     0     4
  [3071] .text._ZNK5b[...] PROGBITS         0000000000000000  0001b82c
       0000000000000044  0000000000000000 AXG       0     0     4
  [3072] .rodata._ZZN[...] PROGBITS         0000000000000000  0001b870
       0000000000000010  0000000000000000  AG       0     0     8
  [3073] .rela.rodata[...] RELA             0000000000000000  00230d98
       0000000000000030  0000000000000018   I      5503   3072     8
  [3074] .text._ZN5bo[...] PROGBITS         0000000000000000  0001b880
       0000000000000078  0000000000000000 AXG       0     0     8
  [3075] .rela.text._[...] RELA             0000000000000000  00230dc8
       0000000000000030  0000000000000018   I      5503   3074     8
  [3076] .text._ZNK5b[...] PROGBITS         0000000000000000  0001b8f8
       000000000000001c  0000000000000000 AXG       0     0     4
  [3077] .text._ZNK5b[...] PROGBITS         0000000000000000  0001b914
       0000000000000044  0000000000000000 AXG       0     0     4
  [3078] .text._ZN3ro[...] PROGBITS         0000000000000000  0001b958
       000000000000000c  0000000000000000 AXG       0     0     4
  [3079] .rela.text._[...] RELA             0000000000000000  00230df8
       0000000000000030  0000000000000018   I      5503   3078     8
  [3080] .text._ZN3ro[...] PROGBITS         0000000000000000  0001b964
       000000000000000c  0000000000000000 AXG       0     0     4
  [3081] .rela.text._[...] RELA             0000000000000000  00230e28
       0000000000000030  0000000000000018   I      5503   3080     8
  [3082] .text._ZN5bo[...] PROGBITS         0000000000000000  0001b970
       000000000000004c  0000000000000000 AXG       0     0     4
  [3083] .rela.text._[...] RELA             0000000000000000  00230e58
       0000000000000030  0000000000000018   I      5503   3082     8
  [3084] .text._ZNK5b[...] PROGBITS         0000000000000000  0001b9bc
       0000000000000020  0000000000000000 AXG       0     0     4
  [3085] .rela.text._[...] RELA             0000000000000000  00230e88
       0000000000000018  0000000000000018   I      5503   3084     8
  [3086] .text._ZN5bo[...] PROGBITS         0000000000000000  0001b9dc
       0000000000000018  0000000000000000 AXG       0     0     4
  [3087] .text._ZN5bo[...] PROGBITS         0000000000000000  0001b9f4
       0000000000000014  0000000000000000 AXG       0     0     4
  [3088] .text._ZN5bo[...] PROGBITS         0000000000000000  0001ba08
       0000000000000014  0000000000000000 AXG       0     0     4
  [3089] .text._ZN5bo[...] PROGBITS         0000000000000000  0001ba1c
       0000000000000028  0000000000000000 AXG       0     0     4
  [3090] .rela.text._[...] RELA             0000000000000000  00230ea0
       0000000000000018  0000000000000018   I      5503   3089     8
  [3091] .text._ZN5bo[...] PROGBITS         0000000000000000  0001ba44
       00000000000000a0  0000000000000000 AXG       0     0     4
  [3092] .rela.text._[...] RELA             0000000000000000  00230eb8
       00000000000000f0  0000000000000018   I      5503   3091     8
  [3093] .text._ZN5bo[...] PROGBITS         0000000000000000  0001bae4
       0000000000000020  0000000000000000 AXG       0     0     4
  [3094] .rela.text._[...] RELA             0000000000000000  00230fa8
       0000000000000018  0000000000000018   I      5503   3093     8
  [3095] .text._ZN3ro[...] PROGBITS         0000000000000000  0001bb08
       0000000000000028  0000000000000000 AXG       0     0     8
  [3096] .rela.text._[...] RELA             0000000000000000  00230fc0
       0000000000000018  0000000000000018   I      5503   3095     8
  [3097] .text._ZN3ro[...] PROGBITS         0000000000000000  0001bb30
       0000000000000090  0000000000000000 AXG       0     0     8
  [3098] .rela.text._[...] RELA             0000000000000000  00230fd8
       00000000000000a8  0000000000000018   I      5503   3097     8
  [3099] .text._ZN5bo[...] PROGBITS         0000000000000000  0001bbc0
       0000000000000020  0000000000000000 AXG       0     0     4
  [3100] .text._ZN5bo[...] PROGBITS         0000000000000000  0001bbe0
       0000000000000048  0000000000000000 AXG       0     0     4
  [3101] .rela.text._[...] RELA             0000000000000000  00231080
       0000000000000018  0000000000000018   I      5503   3100     8
  [3102] .text._ZN5bo[...] PROGBITS         0000000000000000  0001bc28
       0000000000000064  0000000000000000 AXG       0     0     4
  [3103] .rela.text._[...] RELA             0000000000000000  00231098
       0000000000000048  0000000000000018   I      5503   3102     8
  [3104] .text._ZN5bo[...] PROGBITS         0000000000000000  0001bc8c
       0000000000000044  0000000000000000 AXG       0     0     4
  [3105] .rela.text._[...] RELA             0000000000000000  002310e0
       0000000000000030  0000000000000018   I      5503   3104     8
  [3106] .text._ZNSt6[...] PROGBITS         0000000000000000  0001bcd0
       0000000000000050  0000000000000000 AXG       0     0     4
  [3107] .rela.text._[...] RELA             0000000000000000  00231110
       0000000000000030  0000000000000018   I      5503   3106     8
  [3108] .text._ZSt18[...] PROGBITS         0000000000000000  0001bd20
       000000000000001c  0000000000000000 AXG       0     0     4
  [3109] .text._ZN9__[...] PROGBITS         0000000000000000  0001bd3c
       0000000000000028  0000000000000000 AXG       0     0     4
  [3110] .text._ZSt22[...] PROGBITS         0000000000000000  0001bd64
       0000000000000030  0000000000000000 AXG       0     0     4
  [3111] .rela.text._[...] RELA             0000000000000000  00231140
       0000000000000018  0000000000000018   I      5503   3110     8
  [3112] .text._ZN9__[...] PROGBITS         0000000000000000  0001bd94
       0000000000000028  0000000000000000 AXG       0     0     4
  [3113] .text._ZSt12[...] PROGBITS         0000000000000000  0001bdbc
       000000000000001c  0000000000000000 AXG       0     0     4
  [3114] .rela.text._[...] RELA             0000000000000000  00231158
       0000000000000018  0000000000000018   I      5503   3113     8
  [3115] .text._ZSt14[...] PROGBITS         0000000000000000  0001bdd8
       000000000000009c  0000000000000000 AXG       0     0     4
  [3116] .rela.text._[...] RELA             0000000000000000  00231170
       00000000000000f0  0000000000000018   I      5503   3115     8
  [3117] .text._ZSt8_[...] PROGBITS         0000000000000000  0001be74
       0000000000000028  0000000000000000 AXG       0     0     4
  [3118] .rela.text._[...] RELA             0000000000000000  00231260
       0000000000000018  0000000000000018   I      5503   3117     8
  [3119] .text._ZSt12[...] PROGBITS         0000000000000000  0001be9c
       000000000000001c  0000000000000000 AXG       0     0     4
  [3120] .rela.text._[...] RELA             0000000000000000  00231278
       0000000000000018  0000000000000018   I      5503   3119     8
  [3121] .text._ZSt14[...] PROGBITS         0000000000000000  0001beb8
       0000000000000054  0000000000000000 AXG       0     0     4
  [3122] .rela.text._[...] RELA             0000000000000000  00231290
       0000000000000060  0000000000000018   I      5503   3121     8
  [3123] .text._ZSt18[...] PROGBITS         0000000000000000  0001bf0c
       0000000000000034  0000000000000000 AXG       0     0     4
  [3124] .rela.text._[...] RELA             0000000000000000  002312f0
       0000000000000018  0000000000000018   I      5503   3123     8
  [3125] .text._ZNSt8[...] PROGBITS         0000000000000000  0001bf40
       0000000000000014  0000000000000000 AXG       0     0     4
  [3126] .text._ZStne[...] PROGBITS         0000000000000000  0001bf54
       0000000000000018  0000000000000000 AXG       0     0     4
  [3127] .text._ZNSt8[...] PROGBITS         0000000000000000  0001bf6c
       0000000000000034  0000000000000000 AXG       0     0     4
  [3128] .rela.text._[...] RELA             0000000000000000  00231308
       0000000000000048  0000000000000018   I      5503   3127     8
  [3129] .text._ZSt15[...] PROGBITS         0000000000000000  0001bfa0
       000000000000005c  0000000000000000 AXG       0     0     4
  [3130] .rela.text._[...] RELA             0000000000000000  00231350
       0000000000000090  0000000000000018   I      5503   3129     8
  [3131] .text._ZNSt8[...] PROGBITS         0000000000000000  0001bffc
       00000000000000a0  0000000000000000 AXG       0     0     4
  [3132] .rela.text._[...] RELA             0000000000000000  002313e0
       0000000000000030  0000000000000018   I      5503   3131     8
  [3133] .text._ZNSt8[...] PROGBITS         0000000000000000  0001c09c
       0000000000000034  0000000000000000 AXG       0     0     4
  [3134] .rela.text._[...] RELA             0000000000000000  00231410
       0000000000000018  0000000000000018   I      5503   3133     8
  [3135] .text._ZNSt8[...] PROGBITS         0000000000000000  0001c0d0
       0000000000000044  0000000000000000 AXG       0     0     4
  [3136] .text._ZNSt8[...] PROGBITS         0000000000000000  0001c114
       0000000000000148  0000000000000000 AXG       0     0     4
  [3137] .rela.text._[...] RELA             0000000000000000  00231428
       0000000000000138  0000000000000018   I      5503   3136     8
  [3138] .rodata._ZZN[...] PROGBITS         0000000000000000  0001c260
       0000000000000010  0000000000000000  AG       0     0     8
  [3139] .rela.rodata[...] RELA             0000000000000000  00231560
       0000000000000030  0000000000000018   I      5503   3138     8
  [3140] .text._ZN5bo[...] PROGBITS         0000000000000000  0001c270
       0000000000000078  0000000000000000 AXG       0     0     8
  [3141] .rela.text._[...] RELA             0000000000000000  00231590
       0000000000000030  0000000000000018   I      5503   3140     8
  [3142] .text._ZNK5b[...] PROGBITS         0000000000000000  0001c2e8
       000000000000001c  0000000000000000 AXG       0     0     4
  [3143] .text._ZNK5b[...] PROGBITS         0000000000000000  0001c304
       0000000000000044  0000000000000000 AXG       0     0     4
  [3144] .rodata._ZZN[...] PROGBITS         0000000000000000  0001c348
       0000000000000010  0000000000000000  AG       0     0     8
  [3145] .rela.rodata[...] RELA             0000000000000000  002315c0
       0000000000000030  0000000000000018   I      5503   3144     8
  [3146] .text._ZN5bo[...] PROGBITS         0000000000000000  0001c358
       0000000000000078  0000000000000000 AXG       0     0     8
  [3147] .rela.text._[...] RELA             0000000000000000  002315f0
       0000000000000030  0000000000000018   I      5503   3146     8
  [3148] .text._ZNK5b[...] PROGBITS         0000000000000000  0001c3d0
       000000000000001c  0000000000000000 AXG       0     0     4
  [3149] .text._ZNK5b[...] PROGBITS         0000000000000000  0001c3ec
       0000000000000044  0000000000000000 AXG       0     0     4
  [3150] .text._ZN3ro[...] PROGBITS         0000000000000000  0001c430
       000000000000000c  0000000000000000 AXG       0     0     4
  [3151] .rela.text._[...] RELA             0000000000000000  00231620
       0000000000000030  0000000000000018   I      5503   3150     8
  [3152] .text._ZN3ro[...] PROGBITS         0000000000000000  0001c43c
       000000000000000c  0000000000000000 AXG       0     0     4
  [3153] .rela.text._[...] RELA             0000000000000000  00231650
       0000000000000030  0000000000000018   I      5503   3152     8
  [3154] .text._ZN5bo[...] PROGBITS         0000000000000000  0001c448
       000000000000004c  0000000000000000 AXG       0     0     4
  [3155] .rela.text._[...] RELA             0000000000000000  00231680
       0000000000000030  0000000000000018   I      5503   3154     8
  [3156] .text._ZNK5b[...] PROGBITS         0000000000000000  0001c494
       0000000000000020  0000000000000000 AXG       0     0     4
  [3157] .rela.text._[...] RELA             0000000000000000  002316b0
       0000000000000018  0000000000000018   I      5503   3156     8
  [3158] .text._ZN5bo[...] PROGBITS         0000000000000000  0001c4b4
       0000000000000018  0000000000000000 AXG       0     0     4
  [3159] .text._ZN5bo[...] PROGBITS         0000000000000000  0001c4cc
       0000000000000014  0000000000000000 AXG       0     0     4
  [3160] .text._ZN5bo[...] PROGBITS         0000000000000000  0001c4e0
       0000000000000014  0000000000000000 AXG       0     0     4
  [3161] .text._ZN5bo[...] PROGBITS         0000000000000000  0001c4f4
       0000000000000028  0000000000000000 AXG       0     0     4
  [3162] .rela.text._[...] RELA             0000000000000000  002316c8
       0000000000000018  0000000000000018   I      5503   3161     8
  [3163] .text._ZN5bo[...] PROGBITS         0000000000000000  0001c51c
       00000000000000a0  0000000000000000 AXG       0     0     4
  [3164] .rela.text._[...] RELA             0000000000000000  002316e0
       00000000000000f0  0000000000000018   I      5503   3163     8
  [3165] .text._ZN5bo[...] PROGBITS         0000000000000000  0001c5bc
       0000000000000020  0000000000000000 AXG       0     0     4
  [3166] .rela.text._[...] RELA             0000000000000000  002317d0
       0000000000000018  0000000000000018   I      5503   3165     8
  [3167] .text._ZN3ro[...] PROGBITS         0000000000000000  0001c5e0
       0000000000000090  0000000000000000 AXG       0     0     8
  [3168] .rela.text._[...] RELA             0000000000000000  002317e8
       00000000000000a8  0000000000000018   I      5503   3167     8
  [3169] .text._ZN5bo[...] PROGBITS         0000000000000000  0001c670
       0000000000000020  0000000000000000 AXG       0     0     4
  [3170] .text._ZN5bo[...] PROGBITS         0000000000000000  0001c690
       0000000000000048  0000000000000000 AXG       0     0     4
  [3171] .rela.text._[...] RELA             0000000000000000  00231890
       0000000000000018  0000000000000018   I      5503   3170     8
  [3172] .text._ZN5bo[...] PROGBITS         0000000000000000  0001c6d8
       0000000000000064  0000000000000000 AXG       0     0     4
  [3173] .rela.text._[...] RELA             0000000000000000  002318a8
       0000000000000048  0000000000000018   I      5503   3172     8
  [3174] .rodata._ZZN[...] PROGBITS         0000000000000000  0001c740
       0000000000000010  0000000000000000  AG       0     0     8
  [3175] .rela.rodata[...] RELA             0000000000000000  002318f0
       0000000000000030  0000000000000018   I      5503   3174     8
  [3176] .text._ZN5bo[...] PROGBITS         0000000000000000  0001c750
       0000000000000078  0000000000000000 AXG       0     0     8
  [3177] .rela.text._[...] RELA             0000000000000000  00231920
       0000000000000030  0000000000000018   I      5503   3176     8
  [3178] .text._ZNK5b[...] PROGBITS         0000000000000000  0001c7c8
       000000000000001c  0000000000000000 AXG       0     0     4
  [3179] .text._ZNK5b[...] PROGBITS         0000000000000000  0001c7e4
       0000000000000044  0000000000000000 AXG       0     0     4
  [3180] .rodata._ZZN[...] PROGBITS         0000000000000000  0001c828
       0000000000000010  0000000000000000  AG       0     0     8
  [3181] .rela.rodata[...] RELA             0000000000000000  00231950
       0000000000000030  0000000000000018   I      5503   3180     8
  [3182] .text._ZN5bo[...] PROGBITS         0000000000000000  0001c838
       0000000000000078  0000000000000000 AXG       0     0     8
  [3183] .rela.text._[...] RELA             0000000000000000  00231980
       0000000000000030  0000000000000018   I      5503   3182     8
  [3184] .text._ZNK5b[...] PROGBITS         0000000000000000  0001c8b0
       000000000000001c  0000000000000000 AXG       0     0     4
  [3185] .text._ZNK5b[...] PROGBITS         0000000000000000  0001c8cc
       0000000000000044  0000000000000000 AXG       0     0     4
  [3186] .text._ZN3ro[...] PROGBITS         0000000000000000  0001c910
       000000000000000c  0000000000000000 AXG       0     0     4
  [3187] .rela.text._[...] RELA             0000000000000000  002319b0
       0000000000000030  0000000000000018   I      5503   3186     8
  [3188] .text._ZN3ro[...] PROGBITS         0000000000000000  0001c91c
       000000000000000c  0000000000000000 AXG       0     0     4
  [3189] .rela.text._[...] RELA             0000000000000000  002319e0
       0000000000000030  0000000000000018   I      5503   3188     8
  [3190] .text._ZN5bo[...] PROGBITS         0000000000000000  0001c928
       000000000000004c  0000000000000000 AXG       0     0     4
  [3191] .rela.text._[...] RELA             0000000000000000  00231a10
       0000000000000030  0000000000000018   I      5503   3190     8
  [3192] .text._ZNK5b[...] PROGBITS         0000000000000000  0001c974
       0000000000000020  0000000000000000 AXG       0     0     4
  [3193] .rela.text._[...] RELA             0000000000000000  00231a40
       0000000000000018  0000000000000018   I      5503   3192     8
  [3194] .text._ZN5bo[...] PROGBITS         0000000000000000  0001c994
       0000000000000018  0000000000000000 AXG       0     0     4
  [3195] .text._ZN5bo[...] PROGBITS         0000000000000000  0001c9ac
       0000000000000014  0000000000000000 AXG       0     0     4
  [3196] .text._ZN5bo[...] PROGBITS         0000000000000000  0001c9c0
       0000000000000014  0000000000000000 AXG       0     0     4
  [3197] .text._ZN5bo[...] PROGBITS         0000000000000000  0001c9d4
       0000000000000028  0000000000000000 AXG       0     0     4
  [3198] .rela.text._[...] RELA             0000000000000000  00231a58
       0000000000000018  0000000000000018   I      5503   3197     8
  [3199] .text._ZN5bo[...] PROGBITS         0000000000000000  0001c9fc
       00000000000000a0  0000000000000000 AXG       0     0     4
  [3200] .rela.text._[...] RELA             0000000000000000  00231a70
       00000000000000f0  0000000000000018   I      5503   3199     8
  [3201] .text._ZN5bo[...] PROGBITS         0000000000000000  0001ca9c
       0000000000000020  0000000000000000 AXG       0     0     4
  [3202] .rela.text._[...] RELA             0000000000000000  00231b60
       0000000000000018  0000000000000018   I      5503   3201     8
  [3203] .text._ZN3ro[...] PROGBITS         0000000000000000  0001cac0
       0000000000000090  0000000000000000 AXG       0     0     8
  [3204] .rela.text._[...] RELA             0000000000000000  00231b78
       00000000000000a8  0000000000000018   I      5503   3203     8
  [3205] .text._ZN5bo[...] PROGBITS         0000000000000000  0001cb50
       0000000000000020  0000000000000000 AXG       0     0     4
  [3206] .text._ZN5bo[...] PROGBITS         0000000000000000  0001cb70
       0000000000000048  0000000000000000 AXG       0     0     4
  [3207] .rela.text._[...] RELA             0000000000000000  00231c20
       0000000000000018  0000000000000018   I      5503   3206     8
  [3208] .text._ZN5bo[...] PROGBITS         0000000000000000  0001cbb8
       0000000000000064  0000000000000000 AXG       0     0     4
  [3209] .rela.text._[...] RELA             0000000000000000  00231c38
       0000000000000048  0000000000000018   I      5503   3208     8
  [3210] .rodata._ZZN[...] PROGBITS         0000000000000000  0001cc20
       0000000000000010  0000000000000000  AG       0     0     8
  [3211] .rela.rodata[...] RELA             0000000000000000  00231c80
       0000000000000030  0000000000000018   I      5503   3210     8
  [3212] .text._ZN5bo[...] PROGBITS         0000000000000000  0001cc30
       0000000000000078  0000000000000000 AXG       0     0     8
  [3213] .rela.text._[...] RELA             0000000000000000  00231cb0
       0000000000000030  0000000000000018   I      5503   3212     8
  [3214] .text._ZNK5b[...] PROGBITS         0000000000000000  0001cca8
       000000000000001c  0000000000000000 AXG       0     0     4
  [3215] .text._ZNK5b[...] PROGBITS         0000000000000000  0001ccc4
       0000000000000044  0000000000000000 AXG       0     0     4
  [3216] .rodata._ZZN[...] PROGBITS         0000000000000000  0001cd08
       0000000000000010  0000000000000000  AG       0     0     8
  [3217] .rela.rodata[...] RELA             0000000000000000  00231ce0
       0000000000000030  0000000000000018   I      5503   3216     8
  [3218] .text._ZN5bo[...] PROGBITS         0000000000000000  0001cd18
       0000000000000078  0000000000000000 AXG       0     0     8
  [3219] .rela.text._[...] RELA             0000000000000000  00231d10
       0000000000000030  0000000000000018   I      5503   3218     8
  [3220] .text._ZNK5b[...] PROGBITS         0000000000000000  0001cd90
       000000000000001c  0000000000000000 AXG       0     0     4
  [3221] .text._ZNK5b[...] PROGBITS         0000000000000000  0001cdac
       0000000000000044  0000000000000000 AXG       0     0     4
  [3222] .text._ZN3ro[...] PROGBITS         0000000000000000  0001cdf0
       000000000000000c  0000000000000000 AXG       0     0     4
  [3223] .rela.text._[...] RELA             0000000000000000  00231d40
       0000000000000030  0000000000000018   I      5503   3222     8
  [3224] .text._ZN3ro[...] PROGBITS         0000000000000000  0001cdfc
       000000000000000c  0000000000000000 AXG       0     0     4
  [3225] .rela.text._[...] RELA             0000000000000000  00231d70
       0000000000000030  0000000000000018   I      5503   3224     8
  [3226] .text._ZN5bo[...] PROGBITS         0000000000000000  0001ce08
       000000000000004c  0000000000000000 AXG       0     0     4
  [3227] .rela.text._[...] RELA             0000000000000000  00231da0
       0000000000000030  0000000000000018   I      5503   3226     8
  [3228] .text._ZNK5b[...] PROGBITS         0000000000000000  0001ce54
       0000000000000020  0000000000000000 AXG       0     0     4
  [3229] .rela.text._[...] RELA             0000000000000000  00231dd0
       0000000000000018  0000000000000018   I      5503   3228     8
  [3230] .text._ZN5bo[...] PROGBITS         0000000000000000  0001ce74
       0000000000000018  0000000000000000 AXG       0     0     4
  [3231] .text._ZN5bo[...] PROGBITS         0000000000000000  0001ce8c
       0000000000000014  0000000000000000 AXG       0     0     4
  [3232] .text._ZN5bo[...] PROGBITS         0000000000000000  0001cea0
       0000000000000014  0000000000000000 AXG       0     0     4
  [3233] .text._ZN5bo[...] PROGBITS         0000000000000000  0001ceb4
       0000000000000028  0000000000000000 AXG       0     0     4
  [3234] .rela.text._[...] RELA             0000000000000000  00231de8
       0000000000000018  0000000000000018   I      5503   3233     8
  [3235] .text._ZN5bo[...] PROGBITS         0000000000000000  0001cedc
       00000000000000a0  0000000000000000 AXG       0     0     4
  [3236] .rela.text._[...] RELA             0000000000000000  00231e00
       00000000000000f0  0000000000000018   I      5503   3235     8
  [3237] .text._ZN5bo[...] PROGBITS         0000000000000000  0001cf7c
       0000000000000020  0000000000000000 AXG       0     0     4
  [3238] .rela.text._[...] RELA             0000000000000000  00231ef0
       0000000000000018  0000000000000018   I      5503   3237     8
  [3239] .text._ZN3ro[...] PROGBITS         0000000000000000  0001cfa0
       0000000000000090  0000000000000000 AXG       0     0     8
  [3240] .rela.text._[...] RELA             0000000000000000  00231f08
       00000000000000a8  0000000000000018   I      5503   3239     8
  [3241] .text._ZN5bo[...] PROGBITS         0000000000000000  0001d030
       0000000000000020  0000000000000000 AXG       0     0     4
  [3242] .text._ZN5bo[...] PROGBITS         0000000000000000  0001d050
       0000000000000048  0000000000000000 AXG       0     0     4
  [3243] .rela.text._[...] RELA             0000000000000000  00231fb0
       0000000000000018  0000000000000018   I      5503   3242     8
  [3244] .text._ZN5bo[...] PROGBITS         0000000000000000  0001d098
       0000000000000064  0000000000000000 AXG       0     0     4
  [3245] .rela.text._[...] RELA             0000000000000000  00231fc8
       0000000000000048  0000000000000018   I      5503   3244     8
  [3246] .rodata._ZZN[...] PROGBITS         0000000000000000  0001d100
       0000000000000010  0000000000000000  AG       0     0     8
  [3247] .rela.rodata[...] RELA             0000000000000000  00232010
       0000000000000030  0000000000000018   I      5503   3246     8
  [3248] .text._ZN5bo[...] PROGBITS         0000000000000000  0001d110
       0000000000000078  0000000000000000 AXG       0     0     8
  [3249] .rela.text._[...] RELA             0000000000000000  00232040
       0000000000000030  0000000000000018   I      5503   3248     8
  [3250] .text._ZNK5b[...] PROGBITS         0000000000000000  0001d188
       000000000000001c  0000000000000000 AXG       0     0     4
  [3251] .text._ZNK5b[...] PROGBITS         0000000000000000  0001d1a4
       0000000000000044  0000000000000000 AXG       0     0     4
  [3252] .rodata._ZZN[...] PROGBITS         0000000000000000  0001d1e8
       0000000000000010  0000000000000000  AG       0     0     8
  [3253] .rela.rodata[...] RELA             0000000000000000  00232070
       0000000000000030  0000000000000018   I      5503   3252     8
  [3254] .text._ZN5bo[...] PROGBITS         0000000000000000  0001d1f8
       0000000000000078  0000000000000000 AXG       0     0     8
  [3255] .rela.text._[...] RELA             0000000000000000  002320a0
       0000000000000030  0000000000000018   I      5503   3254     8
  [3256] .text._ZNK5b[...] PROGBITS         0000000000000000  0001d270
       000000000000001c  0000000000000000 AXG       0     0     4
  [3257] .text._ZNK5b[...] PROGBITS         0000000000000000  0001d28c
       0000000000000044  0000000000000000 AXG       0     0     4
  [3258] .text._ZN5bo[...] PROGBITS         0000000000000000  0001d2d0
       000000000000004c  0000000000000000 AXG       0     0     4
  [3259] .rela.text._[...] RELA             0000000000000000  002320d0
       0000000000000030  0000000000000018   I      5503   3258     8
  [3260] .text._ZNK5b[...] PROGBITS         0000000000000000  0001d31c
       0000000000000020  0000000000000000 AXG       0     0     4
  [3261] .rela.text._[...] RELA             0000000000000000  00232100
       0000000000000018  0000000000000018   I      5503   3260     8
  [3262] .text._ZN5bo[...] PROGBITS         0000000000000000  0001d33c
       0000000000000018  0000000000000000 AXG       0     0     4
  [3263] .text._ZN5bo[...] PROGBITS         0000000000000000  0001d354
       0000000000000014  0000000000000000 AXG       0     0     4
  [3264] .text._ZN5bo[...] PROGBITS         0000000000000000  0001d368
       0000000000000014  0000000000000000 AXG       0     0     4
  [3265] .text._ZN5bo[...] PROGBITS         0000000000000000  0001d37c
       0000000000000028  0000000000000000 AXG       0     0     4
  [3266] .rela.text._[...] RELA             0000000000000000  00232118
       0000000000000018  0000000000000018   I      5503   3265     8
  [3267] .text._ZN5bo[...] PROGBITS         0000000000000000  0001d3a4
       00000000000000a0  0000000000000000 AXG       0     0     4
  [3268] .rela.text._[...] RELA             0000000000000000  00232130
       00000000000000f0  0000000000000018   I      5503   3267     8
  [3269] .text._ZN5bo[...] PROGBITS         0000000000000000  0001d444
       0000000000000020  0000000000000000 AXG       0     0     4
  [3270] .rela.text._[...] RELA             0000000000000000  00232220
       0000000000000018  0000000000000018   I      5503   3269     8
  [3271] .text._ZN3ro[...] PROGBITS         0000000000000000  0001d468
       0000000000000090  0000000000000000 AXG       0     0     8
  [3272] .rela.text._[...] RELA             0000000000000000  00232238
       00000000000000a8  0000000000000018   I      5503   3271     8
  [3273] .text._ZN5bo[...] PROGBITS         0000000000000000  0001d4f8
       0000000000000020  0000000000000000 AXG       0     0     4
  [3274] .text._ZN5bo[...] PROGBITS         0000000000000000  0001d518
       0000000000000048  0000000000000000 AXG       0     0     4
  [3275] .rela.text._[...] RELA             0000000000000000  002322e0
       0000000000000018  0000000000000018   I      5503   3274     8
  [3276] .text._ZN5bo[...] PROGBITS         0000000000000000  0001d560
       0000000000000064  0000000000000000 AXG       0     0     4
  [3277] .rela.text._[...] RELA             0000000000000000  002322f8
       0000000000000048  0000000000000018   I      5503   3276     8
  [3278] .text._ZN3ro[...] PROGBITS         0000000000000000  0001d5c4
       0000000000000064  0000000000000000 AXG       0     0     4
  [3279] .rela.text._[...] RELA             0000000000000000  00232340
       00000000000000c0  0000000000000018   I      5503   3278     8
  [3280] .text._ZN3ro[...] PROGBITS         0000000000000000  0001d628
       0000000000000028  0000000000000000 AXG       0     0     4
  [3281] .rela.text._[...] RELA             0000000000000000  00232400
       0000000000000018  0000000000000018   I      5503   3280     8
  [3282] .text._ZN5bo[...] PROGBITS         0000000000000000  0001d650
       0000000000000024  0000000000000000 AXG       0     0     4
  [3283] .rodata._ZZN[...] PROGBITS         0000000000000000  0001d678
       0000000000000010  0000000000000000  AG       0     0     8
  [3284] .rela.rodata[...] RELA             0000000000000000  00232418
       0000000000000030  0000000000000018   I      5503   3283     8
  [3285] .text._ZN5bo[...] PROGBITS         0000000000000000  0001d688
       0000000000000080  0000000000000000 AXG       0     0     8
  [3286] .rela.text._[...] RELA             0000000000000000  00232448
       0000000000000030  0000000000000018   I      5503   3285     8
  [3287] .text._ZN3ro[...] PROGBITS         0000000000000000  0001d708
       0000000000000064  0000000000000000 AXG       0     0     4
  [3288] .rela.text._[...] RELA             0000000000000000  00232478
       00000000000000c0  0000000000000018   I      5503   3287     8
  [3289] .text._ZN3ro[...] PROGBITS         0000000000000000  0001d76c
       0000000000000028  0000000000000000 AXG       0     0     4
  [3290] .rela.text._[...] RELA             0000000000000000  00232538
       0000000000000018  0000000000000018   I      5503   3289     8
  [3291] .text._ZN5bo[...] PROGBITS         0000000000000000  0001d794
       0000000000000024  0000000000000000 AXG       0     0     4
  [3292] .rodata._ZZN[...] PROGBITS         0000000000000000  0001d7b8
       0000000000000010  0000000000000000  AG       0     0     8
  [3293] .rela.rodata[...] RELA             0000000000000000  00232550
       0000000000000030  0000000000000018   I      5503   3292     8
  [3294] .text._ZN5bo[...] PROGBITS         0000000000000000  0001d7c8
       0000000000000080  0000000000000000 AXG       0     0     8
  [3295] .rela.text._[...] RELA             0000000000000000  00232580
       0000000000000030  0000000000000018   I      5503   3294     8
  [3296] .text._ZN3ro[...] PROGBITS         0000000000000000  0001d848
       0000000000000064  0000000000000000 AXG       0     0     4
  [3297] .rela.text._[...] RELA             0000000000000000  002325b0
       00000000000000c0  0000000000000018   I      5503   3296     8
  [3298] .text._ZN3ro[...] PROGBITS         0000000000000000  0001d8ac
       0000000000000028  0000000000000000 AXG       0     0     4
  [3299] .rela.text._[...] RELA             0000000000000000  00232670
       0000000000000018  0000000000000018   I      5503   3298     8
  [3300] .text._ZN5bo[...] PROGBITS         0000000000000000  0001d8d4
       0000000000000024  0000000000000000 AXG       0     0     4
  [3301] .rodata._ZZN[...] PROGBITS         0000000000000000  0001d8f8
       0000000000000010  0000000000000000  AG       0     0     8
  [3302] .rela.rodata[...] RELA             0000000000000000  00232688
       0000000000000030  0000000000000018   I      5503   3301     8
  [3303] .text._ZN5bo[...] PROGBITS         0000000000000000  0001d908
       0000000000000080  0000000000000000 AXG       0     0     8
  [3304] .rela.text._[...] RELA             0000000000000000  002326b8
       0000000000000030  0000000000000018   I      5503   3303     8
  [3305] .text._ZN13g[...] PROGBITS         0000000000000000  0001d988
       000000000000002c  0000000000000000 AXG       0     0     4
  [3306] .text._ZN5bo[...] PROGBITS         0000000000000000  0001d9b4
       0000000000000044  0000000000000000 AXG       0     0     4
  [3307] .rela.text._[...] RELA             0000000000000000  002326e8
       0000000000000048  0000000000000018   I      5503   3306     8
  [3308] .text._ZN3ro[...] PROGBITS         0000000000000000  0001d9f8
       0000000000000064  0000000000000000 AXG       0     0     4
  [3309] .rela.text._[...] RELA             0000000000000000  00232730
       00000000000000c0  0000000000000018   I      5503   3308     8
  [3310] .text._ZN3ro[...] PROGBITS         0000000000000000  0001da5c
       0000000000000028  0000000000000000 AXG       0     0     4
  [3311] .rela.text._[...] RELA             0000000000000000  002327f0
       0000000000000018  0000000000000018   I      5503   3310     8
  [3312] .text._ZN5bo[...] PROGBITS         0000000000000000  0001da84
       0000000000000024  0000000000000000 AXG       0     0     4
  [3313] .rodata._ZZN[...] PROGBITS         0000000000000000  0001daa8
       0000000000000010  0000000000000000  AG       0     0     8
  [3314] .rela.rodata[...] RELA             0000000000000000  00232808
       0000000000000030  0000000000000018   I      5503   3313     8
  [3315] .text._ZN5bo[...] PROGBITS         0000000000000000  0001dab8
       0000000000000080  0000000000000000 AXG       0     0     8
  [3316] .rela.text._[...] RELA             0000000000000000  00232838
       0000000000000030  0000000000000018   I      5503   3315     8
  [3317] .text._ZNSt1[...] PROGBITS         0000000000000000  0001db38
       0000000000000028  0000000000000000 AXG       0     0     4
  [3318] .rela.text._[...] RELA             0000000000000000  00232868
       0000000000000018  0000000000000018   I      5503   3317     8
  [3319] .text._ZNSt1[...] PROGBITS         0000000000000000  0001db60
       0000000000000028  0000000000000000 AXG       0     0     4
  [3320] .rela.text._[...] RELA             0000000000000000  00232880
       0000000000000018  0000000000000018   I      5503   3319     8
  [3321] .text._ZNKSt[...] PROGBITS         0000000000000000  0001db88
       0000000000000020  0000000000000000 AXG       0     0     4
  [3322] .rela.text._[...] RELA             0000000000000000  00232898
       0000000000000018  0000000000000018   I      5503   3321     8
  [3323] .text._ZNSt1[...] PROGBITS         0000000000000000  0001dba8
       0000000000000028  0000000000000000 AXG       0     0     4
  [3324] .rela.text._[...] RELA             0000000000000000  002328b0
       0000000000000018  0000000000000018   I      5503   3323     8
  [3325] .text._ZNSt1[...] PROGBITS         0000000000000000  0001dbd0
       0000000000000030  0000000000000000 AXG       0     0     4
  [3326] .rela.text._[...] RELA             0000000000000000  002328c8
       0000000000000018  0000000000000018   I      5503   3325     8
  [3327] .text._ZN9__[...] PROGBITS         0000000000000000  0001dc00
       0000000000000014  0000000000000000 AXG       0     0     4
  [3328] .text._ZN9__[...] PROGBITS         0000000000000000  0001dc14
       0000000000000028  0000000000000000 AXG       0     0     4
  [3329] .rela.text._[...] RELA             0000000000000000  002328e0
       0000000000000018  0000000000000018   I      5503   3328     8
  [3330] .text._ZSt11[...] PROGBITS         0000000000000000  0001dc3c
       0000000000000014  0000000000000000 AXG       0     0     4
  [3331] .text._ZSt8_[...] PROGBITS         0000000000000000  0001dc50
       0000000000000020  0000000000000000 AXG       0     0     4
  [3332] .rela.text._[...] RELA             0000000000000000  002328f8
       0000000000000018  0000000000000018   I      5503   3331     8
  [3333] .text._ZN9__[...] PROGBITS         0000000000000000  0001dc70
       0000000000000014  0000000000000000 AXG       0     0     4
  [3334] .text._ZNSt8[...] PROGBITS         0000000000000000  0001dc84
       0000000000000018  0000000000000000 AXG       0     0     4
  [3335] .text._ZNSt8[...] PROGBITS         0000000000000000  0001dc9c
       0000000000000018  0000000000000000 AXG       0     0     4
  [3336] .text._ZN5bo[...] PROGBITS         0000000000000000  0001dcb8
       0000000000000048  0000000000000000 AXG       0     0     8
  [3337] .rela.text._[...] RELA             0000000000000000  00232910
       0000000000000030  0000000000000018   I      5503   3336     8
  [3338] .text._ZN5bo[...] PROGBITS         0000000000000000  0001dd00
       000000000000003c  0000000000000000 AXG       0     0     4
  [3339] .text._ZN5bo[...] PROGBITS         0000000000000000  0001dd40
       0000000000000048  0000000000000000 AXG       0     0     8
  [3340] .rela.text._[...] RELA             0000000000000000  00232940
       0000000000000030  0000000000000018   I      5503   3339     8
  [3341] .text._ZN5bo[...] PROGBITS         0000000000000000  0001dd88
       000000000000003c  0000000000000000 AXG       0     0     4
  [3342] .text._ZNSt1[...] PROGBITS         0000000000000000  0001ddc4
       0000000000000028  0000000000000000 AXG       0     0     4
  [3343] .rela.text._[...] RELA             0000000000000000  00232970
       0000000000000018  0000000000000018   I      5503   3342     8
  [3344] .text._ZN9__[...] PROGBITS         0000000000000000  0001ddec
       0000000000000028  0000000000000000 AXG       0     0     4
  [3345] .rela.text._[...] RELA             0000000000000000  00232988
       0000000000000018  0000000000000018   I      5503   3344     8
  [3346] .text._ZSt4c[...] PROGBITS         0000000000000000  0001de14
       0000000000000048  0000000000000000 AXG       0     0     4
  [3347] .rela.text._[...] RELA             0000000000000000  002329a0
       0000000000000048  0000000000000018   I      5503   3346     8
  [3348] .text._ZN3ro[...] PROGBITS         0000000000000000  0001de5c
       0000000000000220  0000000000000000 AXG       0     0     4
  [3349] .rela.text._[...] RELA             0000000000000000  002329e8
       00000000000000f0  0000000000000018   I      5503   3348     8
  [3350] .text._ZN5bo[...] PROGBITS         0000000000000000  0001e07c
       000000000000007c  0000000000000000 AXG       0     0     4
  [3351] .rela.text._[...] RELA             0000000000000000  00232ad8
       00000000000000a8  0000000000000018   I      5503   3350     8
  [3352] .text._ZN5bo[...] PROGBITS         0000000000000000  0001e0f8
       0000000000000008  0000000000000000 AXG       0     0     4
  [3353] .text._ZSt4m[...] PROGBITS         0000000000000000  0001e100
       0000000000000014  0000000000000000 AXG       0     0     4
  [3354] .text._ZSt4s[...] PROGBITS         0000000000000000  0001e114
       0000000000000088  0000000000000000 AXG       0     0     4
  [3355] .rela.text._[...] RELA             0000000000000000  00232b80
       00000000000000c0  0000000000000018   I      5503   3354     8
  [3356] .text._ZN3ro[...] PROGBITS         0000000000000000  0001e19c
       0000000000000158  0000000000000000 AXG       0     0     4
  [3357] .rela.text._[...] RELA             0000000000000000  00232c40
       00000000000000f0  0000000000000018   I      5503   3356     8
  [3358] .text._ZN5bo[...] PROGBITS         0000000000000000  0001e2f8
       0000000000000098  0000000000000000 AXG       0     0     8
  [3359] .rela.text._[...] RELA             0000000000000000  00232d30
       00000000000000a8  0000000000000018   I      5503   3358     8
  [3360] .text._ZN5bo[...] PROGBITS         0000000000000000  0001e390
       0000000000000070  0000000000000000 AXG       0     0     4
  [3361] .rela.text._[...] RELA             0000000000000000  00232dd8
       0000000000000090  0000000000000018   I      5503   3360     8
  [3362] .text._ZNK5b[...] PROGBITS         0000000000000000  0001e400
       000000000000006c  0000000000000000 AXG       0     0     4
  [3363] .rela.text._[...] RELA             0000000000000000  00232e68
       0000000000000090  0000000000000018   I      5503   3362     8
  [3364] .text._ZN5bo[...] PROGBITS         0000000000000000  0001e46c
       0000000000000104  0000000000000000 AXG       0     0     4
  [3365] .rela.text._[...] RELA             0000000000000000  00232ef8
       00000000000000c0  0000000000000018   I      5503   3364     8
  [3366] .text._ZN5bo[...] PROGBITS         0000000000000000  0001e570
       0000000000000098  0000000000000000 AXG       0     0     8
  [3367] .rela.text._[...] RELA             0000000000000000  00232fb8
       00000000000000a8  0000000000000018   I      5503   3366     8
  [3368] .text._ZN5bo[...] PROGBITS         0000000000000000  0001e608
       0000000000000038  0000000000000000 AXG       0     0     4
  [3369] .rela.text._[...] RELA             0000000000000000  00233060
       0000000000000018  0000000000000018   I      5503   3368     8
  [3370] .text._ZNK5b[...] PROGBITS         0000000000000000  0001e640
       0000000000000064  0000000000000000 AXG       0     0     4
  [3371] .rela.text._[...] RELA             0000000000000000  00233078
       0000000000000090  0000000000000018   I      5503   3370     8
  [3372] .text._ZN5bo[...] PROGBITS         0000000000000000  0001e6a8
       0000000000000098  0000000000000000 AXG       0     0     8
  [3373] .rela.text._[...] RELA             0000000000000000  00233108
       00000000000000a8  0000000000000018   I      5503   3372     8
  [3374] .text._ZN5bo[...] PROGBITS         0000000000000000  0001e740
       0000000000000024  0000000000000000 AXG       0     0     4
  [3375] .rela.text._[...] RELA             0000000000000000  002331b0
       0000000000000018  0000000000000018   I      5503   3374     8
  [3376] .text._ZN5bo[...] PROGBITS         0000000000000000  0001e764
       0000000000000070  0000000000000000 AXG       0     0     4
  [3377] .rela.text._[...] RELA             0000000000000000  002331c8
       0000000000000090  0000000000000018   I      5503   3376     8
  [3378] .text._ZNK5b[...] PROGBITS         0000000000000000  0001e7d4
       0000000000000064  0000000000000000 AXG       0     0     4
  [3379] .rela.text._[...] RELA             0000000000000000  00233258
       0000000000000090  0000000000000018   I      5503   3378     8
  [3380] .text._ZN5bo[...] PROGBITS         0000000000000000  0001e838
       0000000000000070  0000000000000000 AXG       0     0     4
  [3381] .rela.text._[...] RELA             0000000000000000  002332e8
       00000000000000a8  0000000000000018   I      5503   3380     8
  [3382] .text._ZN5bo[...] PROGBITS         0000000000000000  0001e8a8
       000000000000002c  0000000000000000 AXG       0     0     4
  [3383] .rela.text._[...] RELA             0000000000000000  00233390
       0000000000000018  0000000000000018   I      5503   3382     8
  [3384] .text._ZN5bo[...] PROGBITS         0000000000000000  0001e8d4
       0000000000000038  0000000000000000 AXG       0     0     4
  [3385] .rela.text._[...] RELA             0000000000000000  002333a8
       0000000000000048  0000000000000018   I      5503   3384     8
  [3386] .text._ZNSt1[...] PROGBITS         0000000000000000  0001e90c
       0000000000000014  0000000000000000 AXG       0     0     4
  [3387] .text._ZN5bo[...] PROGBITS         0000000000000000  0001e920
       00000000000000a8  0000000000000000 AXG       0     0     4
  [3388] .rela.text._[...] RELA             0000000000000000  002333f0
       0000000000000120  0000000000000018   I      5503   3387     8
  [3389] .text._ZN5bo[...] PROGBITS         0000000000000000  0001e9c8
       000000000000006c  0000000000000000 AXG       0     0     4
  [3390] .rela.text._[...] RELA             0000000000000000  00233510
       0000000000000048  0000000000000018   I      5503   3389     8
  [3391] .text._ZN5bo[...] PROGBITS         0000000000000000  0001ea34
       0000000000000028  0000000000000000 AXG       0     0     4
  [3392] .rela.text._[...] RELA             0000000000000000  00233558
       0000000000000018  0000000000000018   I      5503   3391     8
  [3393] .text._ZN5bo[...] PROGBITS         0000000000000000  0001ea5c
       0000000000000028  0000000000000000 AXG       0     0     4
  [3394] .rela.text._[...] RELA             0000000000000000  00233570
       0000000000000018  0000000000000018   I      5503   3393     8
  [3395] .text._ZN5bo[...] PROGBITS         0000000000000000  0001ea84
       0000000000000008  0000000000000000 AXG       0     0     4
  [3396] .text._ZSt4m[...] PROGBITS         0000000000000000  0001ea8c
       0000000000000014  0000000000000000 AXG       0     0     4
  [3397] .text._ZSt4s[...] PROGBITS         0000000000000000  0001eaa0
       0000000000000088  0000000000000000 AXG       0     0     4
  [3398] .rela.text._[...] RELA             0000000000000000  00233588
       00000000000000c0  0000000000000018   I      5503   3397     8
  [3399] .text._ZSt18[...] PROGBITS         0000000000000000  0001eb28
       0000000000000034  0000000000000000 AXG       0     0     4
  [3400] .rela.text._[...] RELA             0000000000000000  00233648
       0000000000000018  0000000000000018   I      5503   3399     8
  [3401] .text._ZNSt1[...] PROGBITS         0000000000000000  0001eb5c
       0000000000000014  0000000000000000 AXG       0     0     4
  [3402] .text._ZSt12[...] PROGBITS         0000000000000000  0001eb70
       000000000000001c  0000000000000000 AXG       0     0     4
  [3403] .rela.text._[...] RELA             0000000000000000  00233660
       0000000000000018  0000000000000018   I      5503   3402     8
  [3404] .text._ZSt12[...] PROGBITS         0000000000000000  0001eb8c
       000000000000001c  0000000000000000 AXG       0     0     4
  [3405] .rela.text._[...] RELA             0000000000000000  00233678
       0000000000000018  0000000000000018   I      5503   3404     8
  [3406] .text._ZSt13[...] PROGBITS         0000000000000000  0001eba8
       0000000000000030  0000000000000000 AXG       0     0     4
  [3407] .rela.text._[...] RELA             0000000000000000  00233690
       0000000000000018  0000000000000018   I      5503   3406     8
  [3408] .text._ZNSt1[...] PROGBITS         0000000000000000  0001ebd8
       0000000000000050  0000000000000000 AXG       0     0     4
  [3409] .rela.text._[...] RELA             0000000000000000  002336a8
       0000000000000078  0000000000000018   I      5503   3408     8
  [3410] .text._ZNSt1[...] PROGBITS         0000000000000000  0001ec28
       0000000000000014  0000000000000000 AXG       0     0     4
  [3411] .text._ZSt12[...] PROGBITS         0000000000000000  0001ec3c
       000000000000001c  0000000000000000 AXG       0     0     4
  [3412] .rela.text._[...] RELA             0000000000000000  00233720
       0000000000000018  0000000000000018   I      5503   3411     8
  [3413] .text._ZSt13[...] PROGBITS         0000000000000000  0001ec58
       0000000000000030  0000000000000000 AXG       0     0     4
  [3414] .rela.text._[...] RELA             0000000000000000  00233738
       0000000000000018  0000000000000018   I      5503   3413     8
  [3415] .text._ZNSt2[...] PROGBITS         0000000000000000  0001ec88
       0000000000000094  0000000000000000 AXG       0     0     4
  [3416] .rela.text._[...] RELA             0000000000000000  00233750
       00000000000000a8  0000000000000018   I      5503   3415     8
  [3417] .text._ZSt18[...] PROGBITS         0000000000000000  0001ed1c
       000000000000001c  0000000000000000 AXG       0     0     4
  [3418] .text._ZNSt8[...] PROGBITS         0000000000000000  0001ed38
       0000000000000058  0000000000000000 AXG       0     0     4
  [3419] .rela.text._[...] RELA             0000000000000000  002337f8
       0000000000000030  0000000000000018   I      5503   3418     8
  [3420] .text._ZN5bo[...] PROGBITS         0000000000000000  0001ed90
       0000000000000098  0000000000000000 AXG       0     0     8
  [3421] .rela.text._[...] RELA             0000000000000000  00233828
       00000000000000a8  0000000000000018   I      5503   3420     8
  [3422] .text._ZN5bo[...] PROGBITS         0000000000000000  0001ee28
       0000000000000038  0000000000000000 AXG       0     0     4
  [3423] .rela.text._[...] RELA             0000000000000000  002338d0
       0000000000000018  0000000000000018   I      5503   3422     8
  [3424] .text._ZNK5b[...] PROGBITS         0000000000000000  0001ee60
       0000000000000064  0000000000000000 AXG       0     0     4
  [3425] .rela.text._[...] RELA             0000000000000000  002338e8
       0000000000000090  0000000000000018   I      5503   3424     8
  [3426] .text._ZN5bo[...] PROGBITS         0000000000000000  0001eec8
       0000000000000098  0000000000000000 AXG       0     0     8
  [3427] .rela.text._[...] RELA             0000000000000000  00233978
       00000000000000a8  0000000000000018   I      5503   3426     8
  [3428] .text._ZN5bo[...] PROGBITS         0000000000000000  0001ef60
       0000000000000024  0000000000000000 AXG       0     0     4
  [3429] .rela.text._[...] RELA             0000000000000000  00233a20
       0000000000000018  0000000000000018   I      5503   3428     8
  [3430] .text._ZN5bo[...] PROGBITS         0000000000000000  0001ef84
       0000000000000070  0000000000000000 AXG       0     0     4
  [3431] .rela.text._[...] RELA             0000000000000000  00233a38
       0000000000000090  0000000000000018   I      5503   3430     8
  [3432] .text._ZNK5b[...] PROGBITS         0000000000000000  0001eff4
       0000000000000064  0000000000000000 AXG       0     0     4
  [3433] .rela.text._[...] RELA             0000000000000000  00233ac8
       0000000000000090  0000000000000018   I      5503   3432     8
  [3434] .text._ZN5bo[...] PROGBITS         0000000000000000  0001f058
       0000000000000070  0000000000000000 AXG       0     0     4
  [3435] .rela.text._[...] RELA             0000000000000000  00233b58
       00000000000000a8  0000000000000018   I      5503   3434     8
  [3436] .text._ZN5bo[...] PROGBITS         0000000000000000  0001f0c8
       000000000000002c  0000000000000000 AXG       0     0     4
  [3437] .rela.text._[...] RELA             0000000000000000  00233c00
       0000000000000018  0000000000000018   I      5503   3436     8
  [3438] .text._ZN5bo[...] PROGBITS         0000000000000000  0001f0f4
       0000000000000038  0000000000000000 AXG       0     0     4
  [3439] .rela.text._[...] RELA             0000000000000000  00233c18
       0000000000000048  0000000000000018   I      5503   3438     8
  [3440] .text._ZNSt1[...] PROGBITS         0000000000000000  0001f12c
       0000000000000014  0000000000000000 AXG       0     0     4
  [3441] .text._ZN5bo[...] PROGBITS         0000000000000000  0001f140
       00000000000000a8  0000000000000000 AXG       0     0     4
  [3442] .rela.text._[...] RELA             0000000000000000  00233c60
       0000000000000120  0000000000000018   I      5503   3441     8
  [3443] .text._ZN5bo[...] PROGBITS         0000000000000000  0001f1e8
       000000000000006c  0000000000000000 AXG       0     0     4
  [3444] .rela.text._[...] RELA             0000000000000000  00233d80
       0000000000000048  0000000000000018   I      5503   3443     8
  [3445] .text._ZN5bo[...] PROGBITS         0000000000000000  0001f254
       0000000000000028  0000000000000000 AXG       0     0     4
  [3446] .rela.text._[...] RELA             0000000000000000  00233dc8
       0000000000000018  0000000000000018   I      5503   3445     8
  [3447] .text._ZN5bo[...] PROGBITS         0000000000000000  0001f27c
       0000000000000028  0000000000000000 AXG       0     0     4
  [3448] .rela.text._[...] RELA             0000000000000000  00233de0
       0000000000000018  0000000000000018   I      5503   3447     8
  [3449] .text._ZN5bo[...] PROGBITS         0000000000000000  0001f2a4
       0000000000000008  0000000000000000 AXG       0     0     4
  [3450] .text._ZN5bo[...] PROGBITS         0000000000000000  0001f2b0
       0000000000000098  0000000000000000 AXG       0     0     8
  [3451] .rela.text._[...] RELA             0000000000000000  00233df8
       00000000000000a8  0000000000000018   I      5503   3450     8
  [3452] .text._ZN5bo[...] PROGBITS         0000000000000000  0001f348
       0000000000000038  0000000000000000 AXG       0     0     4
  [3453] .rela.text._[...] RELA             0000000000000000  00233ea0
       0000000000000018  0000000000000018   I      5503   3452     8
  [3454] .text._ZNK5b[...] PROGBITS         0000000000000000  0001f380
       0000000000000064  0000000000000000 AXG       0     0     4
  [3455] .rela.text._[...] RELA             0000000000000000  00233eb8
       0000000000000090  0000000000000018   I      5503   3454     8
  [3456] .text._ZN5bo[...] PROGBITS         0000000000000000  0001f3e8
       0000000000000098  0000000000000000 AXG       0     0     8
  [3457] .rela.text._[...] RELA             0000000000000000  00233f48
       00000000000000a8  0000000000000018   I      5503   3456     8
  [3458] .text._ZN5bo[...] PROGBITS         0000000000000000  0001f480
       0000000000000024  0000000000000000 AXG       0     0     4
  [3459] .rela.text._[...] RELA             0000000000000000  00233ff0
       0000000000000018  0000000000000018   I      5503   3458     8
  [3460] .text._ZN5bo[...] PROGBITS         0000000000000000  0001f4a4
       0000000000000070  0000000000000000 AXG       0     0     4
  [3461] .rela.text._[...] RELA             0000000000000000  00234008
       0000000000000090  0000000000000018   I      5503   3460     8
  [3462] .text._ZNK5b[...] PROGBITS         0000000000000000  0001f514
       0000000000000064  0000000000000000 AXG       0     0     4
  [3463] .rela.text._[...] RELA             0000000000000000  00234098
       0000000000000090  0000000000000018   I      5503   3462     8
  [3464] .text._ZN5bo[...] PROGBITS         0000000000000000  0001f578
       0000000000000070  0000000000000000 AXG       0     0     4
  [3465] .rela.text._[...] RELA             0000000000000000  00234128
       00000000000000a8  0000000000000018   I      5503   3464     8
  [3466] .text._ZN5bo[...] PROGBITS         0000000000000000  0001f5e8
       000000000000002c  0000000000000000 AXG       0     0     4
  [3467] .rela.text._[...] RELA             0000000000000000  002341d0
       0000000000000018  0000000000000018   I      5503   3466     8
  [3468] .text._ZN5bo[...] PROGBITS         0000000000000000  0001f614
       0000000000000038  0000000000000000 AXG       0     0     4
  [3469] .rela.text._[...] RELA             0000000000000000  002341e8
       0000000000000048  0000000000000018   I      5503   3468     8
  [3470] .text._ZNSt1[...] PROGBITS         0000000000000000  0001f64c
       0000000000000014  0000000000000000 AXG       0     0     4
  [3471] .text._ZN5bo[...] PROGBITS         0000000000000000  0001f660
       00000000000000a8  0000000000000000 AXG       0     0     4
  [3472] .rela.text._[...] RELA             0000000000000000  00234230
       0000000000000120  0000000000000018   I      5503   3471     8
  [3473] .text._ZN5bo[...] PROGBITS         0000000000000000  0001f708
       000000000000006c  0000000000000000 AXG       0     0     4
  [3474] .rela.text._[...] RELA             0000000000000000  00234350
       0000000000000048  0000000000000018   I      5503   3473     8
  [3475] .text._ZN5bo[...] PROGBITS         0000000000000000  0001f774
       0000000000000028  0000000000000000 AXG       0     0     4
  [3476] .rela.text._[...] RELA             0000000000000000  00234398
       0000000000000018  0000000000000018   I      5503   3475     8
  [3477] .text._ZN5bo[...] PROGBITS         0000000000000000  0001f79c
       0000000000000028  0000000000000000 AXG       0     0     4
  [3478] .rela.text._[...] RELA             0000000000000000  002343b0
       0000000000000018  0000000000000018   I      5503   3477     8
  [3479] .text._ZN5bo[...] PROGBITS         0000000000000000  0001f7c4
       0000000000000008  0000000000000000 AXG       0     0     4
  [3480] .text._ZN5bo[...] PROGBITS         0000000000000000  0001f7d0
       0000000000000098  0000000000000000 AXG       0     0     8
  [3481] .rela.text._[...] RELA             0000000000000000  002343c8
       00000000000000a8  0000000000000018   I      5503   3480     8
  [3482] .text._ZN5bo[...] PROGBITS         0000000000000000  0001f868
       0000000000000038  0000000000000000 AXG       0     0     4
  [3483] .rela.text._[...] RELA             0000000000000000  00234470
       0000000000000018  0000000000000018   I      5503   3482     8
  [3484] .text._ZNK5b[...] PROGBITS         0000000000000000  0001f8a0
       0000000000000064  0000000000000000 AXG       0     0     4
  [3485] .rela.text._[...] RELA             0000000000000000  00234488
       0000000000000090  0000000000000018   I      5503   3484     8
  [3486] .text._ZN5bo[...] PROGBITS         0000000000000000  0001f908
       0000000000000098  0000000000000000 AXG       0     0     8
  [3487] .rela.text._[...] RELA             0000000000000000  00234518
       00000000000000a8  0000000000000018   I      5503   3486     8
  [3488] .text._ZN5bo[...] PROGBITS         0000000000000000  0001f9a0
       0000000000000024  0000000000000000 AXG       0     0     4
  [3489] .rela.text._[...] RELA             0000000000000000  002345c0
       0000000000000018  0000000000000018   I      5503   3488     8
  [3490] .text._ZN5bo[...] PROGBITS         0000000000000000  0001f9c4
       0000000000000070  0000000000000000 AXG       0     0     4
  [3491] .rela.text._[...] RELA             0000000000000000  002345d8
       0000000000000090  0000000000000018   I      5503   3490     8
  [3492] .text._ZNK5b[...] PROGBITS         0000000000000000  0001fa34
       0000000000000064  0000000000000000 AXG       0     0     4
  [3493] .rela.text._[...] RELA             0000000000000000  00234668
       0000000000000090  0000000000000018   I      5503   3492     8
  [3494] .text._ZN5bo[...] PROGBITS         0000000000000000  0001fa98
       0000000000000070  0000000000000000 AXG       0     0     4
  [3495] .rela.text._[...] RELA             0000000000000000  002346f8
       00000000000000a8  0000000000000018   I      5503   3494     8
  [3496] .text._ZN5bo[...] PROGBITS         0000000000000000  0001fb08
       000000000000002c  0000000000000000 AXG       0     0     4
  [3497] .rela.text._[...] RELA             0000000000000000  002347a0
       0000000000000018  0000000000000018   I      5503   3496     8
  [3498] .text._ZN5bo[...] PROGBITS         0000000000000000  0001fb34
       0000000000000038  0000000000000000 AXG       0     0     4
  [3499] .rela.text._[...] RELA             0000000000000000  002347b8
       0000000000000048  0000000000000018   I      5503   3498     8
  [3500] .text._ZNSt1[...] PROGBITS         0000000000000000  0001fb6c
       0000000000000014  0000000000000000 AXG       0     0     4
  [3501] .text._ZN5bo[...] PROGBITS         0000000000000000  0001fb80
       00000000000000a8  0000000000000000 AXG       0     0     4
  [3502] .rela.text._[...] RELA             0000000000000000  00234800
       0000000000000120  0000000000000018   I      5503   3501     8
  [3503] .text._ZN5bo[...] PROGBITS         0000000000000000  0001fc28
       000000000000006c  0000000000000000 AXG       0     0     4
  [3504] .rela.text._[...] RELA             0000000000000000  00234920
       0000000000000048  0000000000000018   I      5503   3503     8
  [3505] .text._ZN5bo[...] PROGBITS         0000000000000000  0001fc94
       0000000000000028  0000000000000000 AXG       0     0     4
  [3506] .rela.text._[...] RELA             0000000000000000  00234968
       0000000000000018  0000000000000018   I      5503   3505     8
  [3507] .text._ZN5bo[...] PROGBITS         0000000000000000  0001fcbc
       0000000000000028  0000000000000000 AXG       0     0     4
  [3508] .rela.text._[...] RELA             0000000000000000  00234980
       0000000000000018  0000000000000018   I      5503   3507     8
  [3509] .text._ZN5bo[...] PROGBITS         0000000000000000  0001fce4
       0000000000000008  0000000000000000 AXG       0     0     4
  [3510] .text._ZN5bo[...] PROGBITS         0000000000000000  0001fcf0
       0000000000000098  0000000000000000 AXG       0     0     8
  [3511] .rela.text._[...] RELA             0000000000000000  00234998
       00000000000000a8  0000000000000018   I      5503   3510     8
  [3512] .text._ZN5bo[...] PROGBITS         0000000000000000  0001fd88
       0000000000000038  0000000000000000 AXG       0     0     4
  [3513] .rela.text._[...] RELA             0000000000000000  00234a40
       0000000000000018  0000000000000018   I      5503   3512     8
  [3514] .text._ZNK5b[...] PROGBITS         0000000000000000  0001fdc0
       0000000000000064  0000000000000000 AXG       0     0     4
  [3515] .rela.text._[...] RELA             0000000000000000  00234a58
       0000000000000090  0000000000000018   I      5503   3514     8
  [3516] .text._ZN5bo[...] PROGBITS         0000000000000000  0001fe28
       0000000000000098  0000000000000000 AXG       0     0     8
  [3517] .rela.text._[...] RELA             0000000000000000  00234ae8
       00000000000000a8  0000000000000018   I      5503   3516     8
  [3518] .text._ZN5bo[...] PROGBITS         0000000000000000  0001fec0
       0000000000000024  0000000000000000 AXG       0     0     4
  [3519] .rela.text._[...] RELA             0000000000000000  00234b90
       0000000000000018  0000000000000018   I      5503   3518     8
  [3520] .text._ZN5bo[...] PROGBITS         0000000000000000  0001fee4
       0000000000000070  0000000000000000 AXG       0     0     4
  [3521] .rela.text._[...] RELA             0000000000000000  00234ba8
       0000000000000090  0000000000000018   I      5503   3520     8
  [3522] .text._ZNK5b[...] PROGBITS         0000000000000000  0001ff54
       0000000000000064  0000000000000000 AXG       0     0     4
  [3523] .rela.text._[...] RELA             0000000000000000  00234c38
       0000000000000090  0000000000000018   I      5503   3522     8
  [3524] .text._ZN5bo[...] PROGBITS         0000000000000000  0001ffb8
       0000000000000070  0000000000000000 AXG       0     0     4
  [3525] .rela.text._[...] RELA             0000000000000000  00234cc8
       00000000000000a8  0000000000000018   I      5503   3524     8
  [3526] .text._ZN5bo[...] PROGBITS         0000000000000000  00020028
       000000000000002c  0000000000000000 AXG       0     0     4
  [3527] .rela.text._[...] RELA             0000000000000000  00234d70
       0000000000000018  0000000000000018   I      5503   3526     8
  [3528] .text._ZN5bo[...] PROGBITS         0000000000000000  00020054
       0000000000000038  0000000000000000 AXG       0     0     4
  [3529] .rela.text._[...] RELA             0000000000000000  00234d88
       0000000000000048  0000000000000018   I      5503   3528     8
  [3530] .text._ZNSt1[...] PROGBITS         0000000000000000  0002008c
       0000000000000014  0000000000000000 AXG       0     0     4
  [3531] .text._ZN5bo[...] PROGBITS         0000000000000000  000200a0
       00000000000000a8  0000000000000000 AXG       0     0     4
  [3532] .rela.text._[...] RELA             0000000000000000  00234dd0
       0000000000000120  0000000000000018   I      5503   3531     8
  [3533] .text._ZN5bo[...] PROGBITS         0000000000000000  00020148
       000000000000006c  0000000000000000 AXG       0     0     4
  [3534] .rela.text._[...] RELA             0000000000000000  00234ef0
       0000000000000048  0000000000000018   I      5503   3533     8
  [3535] .text._ZN5bo[...] PROGBITS         0000000000000000  000201b4
       0000000000000028  0000000000000000 AXG       0     0     4
  [3536] .rela.text._[...] RELA             0000000000000000  00234f38
       0000000000000018  0000000000000018   I      5503   3535     8
  [3537] .text._ZN5bo[...] PROGBITS         0000000000000000  000201dc
       0000000000000028  0000000000000000 AXG       0     0     4
  [3538] .rela.text._[...] RELA             0000000000000000  00234f50
       0000000000000018  0000000000000018   I      5503   3537     8
  [3539] .text._ZN5bo[...] PROGBITS         0000000000000000  00020204
       0000000000000008  0000000000000000 AXG       0     0     4
  [3540] .text._ZN3ro[...] PROGBITS         0000000000000000  0002020c
       000000000000004c  0000000000000000 AXG       0     0     4
  [3541] .rela.text._[...] RELA             0000000000000000  00234f68
       0000000000000018  0000000000000018   I      5503   3540     8
  [3542] .text._ZN3ro[...] PROGBITS         0000000000000000  00020258
       0000000000000038  0000000000000000 AXG       0     0     4
  [3543] .rela.text._[...] RELA             0000000000000000  00234f80
       0000000000000018  0000000000000018   I      5503   3542     8
  [3544] .text._ZN5bo[...] PROGBITS         0000000000000000  00020290
       0000000000000098  0000000000000000 AXG       0     0     8
  [3545] .rela.text._[...] RELA             0000000000000000  00234f98
       00000000000000a8  0000000000000018   I      5503   3544     8
  [3546] .text._ZN5bo[...] PROGBITS         0000000000000000  00020328
       0000000000000070  0000000000000000 AXG       0     0     4
  [3547] .rela.text._[...] RELA             0000000000000000  00235040
       0000000000000090  0000000000000018   I      5503   3546     8
  [3548] .text._ZNK5b[...] PROGBITS         0000000000000000  00020398
       000000000000006c  0000000000000000 AXG       0     0     4
  [3549] .rela.text._[...] RELA             0000000000000000  002350d0
       0000000000000090  0000000000000018   I      5503   3548     8
  [3550] .text._ZN3ro[...] PROGBITS         0000000000000000  00020404
       000000000000004c  0000000000000000 AXG       0     0     4
  [3551] .rela.text._[...] RELA             0000000000000000  00235160
       0000000000000018  0000000000000018   I      5503   3550     8
  [3552] .text._ZN3ro[...] PROGBITS         0000000000000000  00020450
       0000000000000038  0000000000000000 AXG       0     0     4
  [3553] .rela.text._[...] RELA             0000000000000000  00235178
       0000000000000018  0000000000000018   I      5503   3552     8
  [3554] .text._ZN5bo[...] PROGBITS         0000000000000000  00020488
       0000000000000098  0000000000000000 AXG       0     0     8
  [3555] .rela.text._[...] RELA             0000000000000000  00235190
       00000000000000a8  0000000000000018   I      5503   3554     8
  [3556] .text._ZN5bo[...] PROGBITS         0000000000000000  00020520
       0000000000000070  0000000000000000 AXG       0     0     4
  [3557] .rela.text._[...] RELA             0000000000000000  00235238
       0000000000000090  0000000000000018   I      5503   3556     8
  [3558] .text._ZNK5b[...] PROGBITS         0000000000000000  00020590
       000000000000006c  0000000000000000 AXG       0     0     4
  [3559] .rela.text._[...] RELA             0000000000000000  002352c8
       0000000000000090  0000000000000018   I      5503   3558     8
  [3560] .text._ZN3ro[...] PROGBITS         0000000000000000  000205fc
       00000000000004f8  0000000000000000 AXG       0     0     4
  [3561] .rela.text._[...] RELA             0000000000000000  00235358
       0000000000000240  0000000000000018   I      5503   3560     8
  [3562] .text._ZN3ro[...] PROGBITS         0000000000000000  00020af4
       0000000000000318  0000000000000000 AXG       0     0     4
  [3563] .rela.text._[...] RELA             0000000000000000  00235598
       0000000000000240  0000000000000018   I      5503   3562     8
  [3564] .text._ZN5bo[...] PROGBITS         0000000000000000  00020e10
       0000000000000098  0000000000000000 AXG       0     0     8
  [3565] .rela.text._[...] RELA             0000000000000000  002357d8
       00000000000000a8  0000000000000018   I      5503   3564     8
  [3566] .text._ZN5bo[...] PROGBITS         0000000000000000  00020ea8
       0000000000000070  0000000000000000 AXG       0     0     4
  [3567] .rela.text._[...] RELA             0000000000000000  00235880
       0000000000000090  0000000000000018   I      5503   3566     8
  [3568] .text._ZNK5b[...] PROGBITS         0000000000000000  00020f18
       000000000000006c  0000000000000000 AXG       0     0     4
  [3569] .rela.text._[...] RELA             0000000000000000  00235910
       0000000000000090  0000000000000018   I      5503   3568     8
  [3570] .text._ZN5bo[...] PROGBITS         0000000000000000  00020f84
       0000000000000014  0000000000000000 AXG       0     0     4
  [3571] .text._ZN5bo[...] PROGBITS         0000000000000000  00020f98
       0000000000000008  0000000000000000 AXG       0     0     4
  [3572] .text._ZSt6f[...] PROGBITS         0000000000000000  00020fa0
       0000000000000030  0000000000000000 AXG       0     0     4
  [3573] .rela.text._[...] RELA             0000000000000000  002359a0
       0000000000000030  0000000000000018   I      5503   3572     8
  [3574] .text._ZN3ro[...] PROGBITS         0000000000000000  00020fd0
       00000000000000e8  0000000000000000 AXG       0     0     4
  [3575] .rela.text._[...] RELA             0000000000000000  002359d0
       0000000000000060  0000000000000018   I      5503   3574     8
  [3576] .text._ZN3ro[...] PROGBITS         0000000000000000  000210b8
       0000000000000098  0000000000000000 AXG       0     0     4
  [3577] .rela.text._[...] RELA             0000000000000000  00235a30
       0000000000000060  0000000000000018   I      5503   3576     8
  [3578] .text._ZN5bo[...] PROGBITS         0000000000000000  00021150
       0000000000000098  0000000000000000 AXG       0     0     8
  [3579] .rela.text._[...] RELA             0000000000000000  00235a90
       00000000000000a8  0000000000000018   I      5503   3578     8
  [3580] .text._ZN5bo[...] PROGBITS         0000000000000000  000211e8
       0000000000000070  0000000000000000 AXG       0     0     4
  [3581] .rela.text._[...] RELA             0000000000000000  00235b38
       0000000000000090  0000000000000018   I      5503   3580     8
  [3582] .text._ZNK5b[...] PROGBITS         0000000000000000  00021258
       000000000000006c  0000000000000000 AXG       0     0     4
  [3583] .rela.text._[...] RELA             0000000000000000  00235bc8
       0000000000000090  0000000000000018   I      5503   3582     8
  [3584] .text._ZN9__[...] PROGBITS         0000000000000000  000212c4
       0000000000000050  0000000000000000 AXG       0     0     4
  [3585] .rela.text._[...] RELA             0000000000000000  00235c58
       0000000000000048  0000000000000018   I      5503   3584     8
  [3586] .text._ZN9__[...] PROGBITS         0000000000000000  00021314
       000000000000005c  0000000000000000 AXG       0     0     4
  [3587] .rela.text._[...] RELA             0000000000000000  00235ca0
       0000000000000048  0000000000000018   I      5503   3586     8
  [3588] .text._ZNK9_[...] PROGBITS         0000000000000000  00021370
       000000000000001c  0000000000000000 AXG       0     0     4
  [3589] .rela.text._[...] RELA             0000000000000000  00235ce8
       0000000000000018  0000000000000018   I      5503   3588     8
  [3590] .text._ZNSt4[...] PROGBITS         0000000000000000  0002138c
       000000000000002c  0000000000000000 AXG       0     0     4
  [3591] .rela.text._[...] RELA             0000000000000000  00235d00
       0000000000000030  0000000000000018   I      5503   3590     8
  [3592] .text._ZN9__[...] PROGBITS         0000000000000000  000213b8
       0000000000000024  0000000000000000 AXG       0     0     4
  [3593] .rela.text._[...] RELA             0000000000000000  00235d30
       0000000000000018  0000000000000018   I      5503   3592     8
  [3594] .text._ZN9__[...] PROGBITS         0000000000000000  000213dc
       0000000000000028  0000000000000000 AXG       0     0     4
  [3595] .rela.text._[...] RELA             0000000000000000  00235d48
       0000000000000018  0000000000000018   I      5503   3594     8
  [3596] .text._ZSt7f[...] PROGBITS         0000000000000000  00021404
       0000000000000014  0000000000000000 AXG       0     0     4
  [3597] .text._ZSt7f[...] PROGBITS         0000000000000000  00021418
       0000000000000014  0000000000000000 AXG       0     0     4
  [3598] .text._ZN9__[...] PROGBITS         0000000000000000  0002142c
       0000000000000050  0000000000000000 AXG       0     0     4
  [3599] .rela.text._[...] RELA             0000000000000000  00235d60
       0000000000000048  0000000000000018   I      5503   3598     8
  [3600] .text._ZSt12[...] PROGBITS         0000000000000000  0002147c
       000000000000001c  0000000000000000 AXG       0     0     4
  [3601] .rela.text._[...] RELA             0000000000000000  00235da8
       0000000000000018  0000000000000018   I      5503   3600     8
  [3602] .text._ZSt14[...] PROGBITS         0000000000000000  00021498
       0000000000000054  0000000000000000 AXG       0     0     4
  [3603] .rela.text._[...] RELA             0000000000000000  00235dc0
       0000000000000060  0000000000000018   I      5503   3602     8
  [3604] .text._ZN5bo[...] PROGBITS         0000000000000000  000214f0
       0000000000000048  0000000000000000 AXG       0     0     8
  [3605] .rela.text._[...] RELA             0000000000000000  00235e20
       0000000000000030  0000000000000018   I      5503   3604     8
  [3606] .text._ZNK5b[...] PROGBITS         0000000000000000  00021538
       0000000000000024  0000000000000000 AXG       0     0     4
  [3607] .rela.text._[...] RELA             0000000000000000  00235e50
       0000000000000018  0000000000000018   I      5503   3606     8
  [3608] .text._ZN5bo[...] PROGBITS         0000000000000000  0002155c
       000000000000006c  0000000000000000 AXG       0     0     4
  [3609] .rela.text._[...] RELA             0000000000000000  00235e68
       0000000000000090  0000000000000018   I      5503   3608     8
  [3610] .text._ZN5bo[...] PROGBITS         0000000000000000  000215c8
       000000000000008c  0000000000000000 AXG       0     0     4
  [3611] .rela.text._[...] RELA             0000000000000000  00235ef8
       00000000000000a8  0000000000000018   I      5503   3610     8
  [3612] .text._ZNK5b[...] PROGBITS         0000000000000000  00021654
       00000000000000bc  0000000000000000 AXG       0     0     4
  [3613] .rela.text._[...] RELA             0000000000000000  00235fa0
       00000000000000a8  0000000000000018   I      5503   3612     8
  [3614] .text._ZN5bo[...] PROGBITS         0000000000000000  00021710
       0000000000000034  0000000000000000 AXG       0     0     4
  [3615] .rela.text._[...] RELA             0000000000000000  00236048
       0000000000000018  0000000000000018   I      5503   3614     8
  [3616] .text._ZN5bo[...] PROGBITS         0000000000000000  00021744
       0000000000000014  0000000000000000 AXG       0     0     4
  [3617] .text._ZNK5b[...] PROGBITS         0000000000000000  00021758
       0000000000000050  0000000000000000 AXG       0     0     4
  [3618] .rela.text._[...] RELA             0000000000000000  00236060
       0000000000000018  0000000000000018   I      5503   3617     8
  [3619] .text._ZN5bo[...] PROGBITS         0000000000000000  000217a8
       000000000000006c  0000000000000000 AXG       0     0     4
  [3620] .rela.text._[...] RELA             0000000000000000  00236078
       0000000000000090  0000000000000018   I      5503   3619     8
  [3621] .text._ZN3ro[...] PROGBITS         0000000000000000  00021814
       0000000000000064  0000000000000000 AXG       0     0     4
  [3622] .rela.text._[...] RELA             0000000000000000  00236108
       0000000000000090  0000000000000018   I      5503   3621     8
  [3623] .text._ZNK5b[...] PROGBITS         0000000000000000  00021878
       00000000000000b4  0000000000000000 AXG       0     0     4
  [3624] .rela.text._[...] RELA             0000000000000000  00236198
       00000000000000a8  0000000000000018   I      5503   3623     8
  [3625] .text._ZN5bo[...] PROGBITS         0000000000000000  00021930
       0000000000000050  0000000000000000 AXG       0     0     8
  [3626] .rela.text._[...] RELA             0000000000000000  00236240
       0000000000000048  0000000000000018   I      5503   3625     8
  [3627] .text._ZN5bo[...] PROGBITS         0000000000000000  00021980
       0000000000000014  0000000000000000 AXG       0     0     4
  [3628] .text._ZN5bo[...] PROGBITS         0000000000000000  00021994
       00000000000000b4  0000000000000000 AXG       0     0     4
  [3629] .rela.text._[...] RELA             0000000000000000  00236288
       0000000000000048  0000000000000018   I      5503   3628     8
  [3630] .rodata._ZZN[...] PROGBITS         0000000000000000  00021a48
       0000000000000010  0000000000000000  AG       0     0     8
  [3631] .rela.rodata[...] RELA             0000000000000000  002362d0
       0000000000000030  0000000000000018   I      5503   3630     8
  [3632] .text._ZN5bo[...] PROGBITS         0000000000000000  00021a58
       00000000000000c8  0000000000000000 AXG       0     0     8
  [3633] .rela.text._[...] RELA             0000000000000000  00236300
       0000000000000108  0000000000000018   I      5503   3632     8
  [3634] .text._ZNK5b[...] PROGBITS         0000000000000000  00021b20
       000000000000001c  0000000000000000 AXG       0     0     4
  [3635] .text._ZNK5b[...] PROGBITS         0000000000000000  00021b3c
       0000000000000044  0000000000000000 AXG       0     0     4
  [3636] .text._ZN5bo[...] PROGBITS         0000000000000000  00021b80
       0000000000000038  0000000000000000 AXG       0     0     4
  [3637] .rela.text._[...] RELA             0000000000000000  00236408
       0000000000000048  0000000000000018   I      5503   3636     8
  [3638] .text._ZN5bo[...] PROGBITS         0000000000000000  00021bb8
       0000000000000030  0000000000000000 AXG       0     0     4
  [3639] .rela.text._[...] RELA             0000000000000000  00236450
       0000000000000030  0000000000000018   I      5503   3638     8
  [3640] .text._ZNSt2[...] PROGBITS         0000000000000000  00021be8
       00000000000000a8  0000000000000000 AXG       0     0     4
  [3641] .rela.text._[...] RELA             0000000000000000  00236480
       00000000000000f0  0000000000000018   I      5503   3640     8
  [3642] .text._ZNSt1[...] PROGBITS         0000000000000000  00021c90
       0000000000000020  0000000000000000 AXG       0     0     4
  [3643] .rela.text._[...] RELA             0000000000000000  00236570
       0000000000000018  0000000000000018   I      5503   3642     8
  [3644] .text._ZNSt1[...] PROGBITS         0000000000000000  00021cb0
       0000000000000020  0000000000000000 AXG       0     0     4
  [3645] .rela.text._[...] RELA             0000000000000000  00236588
       0000000000000018  0000000000000018   I      5503   3644     8
  [3646] .text._ZNSt1[...] PROGBITS         0000000000000000  00021cd0
       0000000000000074  0000000000000000 AXG       0     0     4
  [3647] .rela.text._[...] RELA             0000000000000000  002365a0
       0000000000000018  0000000000000018   I      5503   3646     8
  [3648] .text._ZN9__[...] PROGBITS         0000000000000000  00021d44
       0000000000000044  0000000000000000 AXG       0     0     4
  [3649] .rela.text._[...] RELA             0000000000000000  002365b8
       0000000000000030  0000000000000018   I      5503   3648     8
  [3650] .text._ZN9__[...] PROGBITS         0000000000000000  00021d88
       0000000000000028  0000000000000000 AXG       0     0     4
  [3651] .text._ZNK9_[...] PROGBITS         0000000000000000  00021db0
       0000000000000018  0000000000000000 AXG       0     0     4
  [3652] .text._ZNSt1[...] PROGBITS         0000000000000000  00021dc8
       0000000000000074  0000000000000000 AXG       0     0     4
  [3653] .rela.text._[...] RELA             0000000000000000  002365e8
       0000000000000018  0000000000000018   I      5503   3652     8
  [3654] .text._ZSt7f[...] PROGBITS         0000000000000000  00021e3c
       0000000000000014  0000000000000000 AXG       0     0     4
  [3655] .text._ZSt10[...] PROGBITS         0000000000000000  00021e50
       000000000000007c  0000000000000000 AXG       0     0     4
  [3656] .rela.text._[...] RELA             0000000000000000  00236600
       0000000000000078  0000000000000018   I      5503   3655     8
  [3657] .text._ZNSt8[...] PROGBITS         0000000000000000  00021ecc
       000000000000008c  0000000000000000 AXG       0     0     4
  [3658] .rela.text._[...] RELA             0000000000000000  00236678
       0000000000000090  0000000000000018   I      5503   3657     8
  [3659] .text._ZN5bo[...] PROGBITS         0000000000000000  00021f58
       0000000000000034  0000000000000000 AXG       0     0     4
  [3660] .rela.text._[...] RELA             0000000000000000  00236708
       0000000000000018  0000000000000018   I      5503   3659     8
  [3661] .text._ZN5bo[...] PROGBITS         0000000000000000  00021f8c
       0000000000000014  0000000000000000 AXG       0     0     4
  [3662] .text._ZNK5b[...] PROGBITS         0000000000000000  00021fa0
       0000000000000050  0000000000000000 AXG       0     0     4
  [3663] .rela.text._[...] RELA             0000000000000000  00236720
       0000000000000018  0000000000000018   I      5503   3662     8
  [3664] .text._ZN5bo[...] PROGBITS         0000000000000000  00021ff0
       000000000000006c  0000000000000000 AXG       0     0     4
  [3665] .rela.text._[...] RELA             0000000000000000  00236738
       0000000000000090  0000000000000018   I      5503   3664     8
  [3666] .text._ZN3ro[...] PROGBITS         0000000000000000  0002205c
       0000000000000064  0000000000000000 AXG       0     0     4
  [3667] .rela.text._[...] RELA             0000000000000000  002367c8
       0000000000000090  0000000000000018   I      5503   3666     8
  [3668] .text._ZN5bo[...] PROGBITS         0000000000000000  000220c0
       000000000000005c  0000000000000000 AXG       0     0     4
  [3669] .rela.text._[...] RELA             0000000000000000  00236858
       0000000000000030  0000000000000018   I      5503   3668     8
  [3670] .text._ZNK5b[...] PROGBITS         0000000000000000  0002211c
       00000000000000b4  0000000000000000 AXG       0     0     4
  [3671] .rela.text._[...] RELA             0000000000000000  00236888
       00000000000000a8  0000000000000018   I      5503   3670     8
  [3672] .text._ZN5bo[...] PROGBITS         0000000000000000  000221d0
       0000000000000050  0000000000000000 AXG       0     0     8
  [3673] .rela.text._[...] RELA             0000000000000000  00236930
       0000000000000048  0000000000000018   I      5503   3672     8
  [3674] .text._ZN5bo[...] PROGBITS         0000000000000000  00022220
       0000000000000014  0000000000000000 AXG       0     0     4
  [3675] .text._ZN5bo[...] PROGBITS         0000000000000000  00022234
       00000000000000b4  0000000000000000 AXG       0     0     4
  [3676] .rela.text._[...] RELA             0000000000000000  00236978
       0000000000000048  0000000000000018   I      5503   3675     8
  [3677] .rodata._ZZN[...] PROGBITS         0000000000000000  000222e8
       0000000000000010  0000000000000000  AG       0     0     8
  [3678] .rela.rodata[...] RELA             0000000000000000  002369c0
       0000000000000030  0000000000000018   I      5503   3677     8
  [3679] .text._ZN5bo[...] PROGBITS         0000000000000000  000222f8
       00000000000000c8  0000000000000000 AXG       0     0     8
  [3680] .rela.text._[...] RELA             0000000000000000  002369f0
       0000000000000108  0000000000000018   I      5503   3679     8
  [3681] .text._ZNK5b[...] PROGBITS         0000000000000000  000223c0
       000000000000001c  0000000000000000 AXG       0     0     4
  [3682] .text._ZNK5b[...] PROGBITS         0000000000000000  000223dc
       0000000000000044  0000000000000000 AXG       0     0     4
  [3683] .text._ZN5bo[...] PROGBITS         0000000000000000  00022420
       0000000000000038  0000000000000000 AXG       0     0     4
  [3684] .rela.text._[...] RELA             0000000000000000  00236af8
       0000000000000048  0000000000000018   I      5503   3683     8
  [3685] .text._ZN5bo[...] PROGBITS         0000000000000000  00022458
       0000000000000030  0000000000000000 AXG       0     0     4
  [3686] .rela.text._[...] RELA             0000000000000000  00236b40
       0000000000000030  0000000000000018   I      5503   3685     8
  [3687] .text._ZN5bo[...] PROGBITS         0000000000000000  00022488
       0000000000000034  0000000000000000 AXG       0     0     4
  [3688] .rela.text._[...] RELA             0000000000000000  00236b70
       0000000000000018  0000000000000018   I      5503   3687     8
  [3689] .text._ZN5bo[...] PROGBITS         0000000000000000  000224bc
       0000000000000014  0000000000000000 AXG       0     0     4
  [3690] .text._ZNK5b[...] PROGBITS         0000000000000000  000224d0
       0000000000000050  0000000000000000 AXG       0     0     4
  [3691] .rela.text._[...] RELA             0000000000000000  00236b88
       0000000000000018  0000000000000018   I      5503   3690     8
  [3692] .text._ZN5bo[...] PROGBITS         0000000000000000  00022520
       000000000000006c  0000000000000000 AXG       0     0     4
  [3693] .rela.text._[...] RELA             0000000000000000  00236ba0
       0000000000000090  0000000000000018   I      5503   3692     8
  [3694] .text._ZN3ro[...] PROGBITS         0000000000000000  0002258c
       0000000000000064  0000000000000000 AXG       0     0     4
  [3695] .rela.text._[...] RELA             0000000000000000  00236c30
       0000000000000090  0000000000000018   I      5503   3694     8
  [3696] .text._ZN5bo[...] PROGBITS         0000000000000000  000225f0
       000000000000005c  0000000000000000 AXG       0     0     4
  [3697] .rela.text._[...] RELA             0000000000000000  00236cc0
       0000000000000030  0000000000000018   I      5503   3696     8
  [3698] .text._ZNK5b[...] PROGBITS         0000000000000000  0002264c
       00000000000000b4  0000000000000000 AXG       0     0     4
  [3699] .rela.text._[...] RELA             0000000000000000  00236cf0
       00000000000000a8  0000000000000018   I      5503   3698     8
  [3700] .text._ZN5bo[...] PROGBITS         0000000000000000  00022700
       0000000000000050  0000000000000000 AXG       0     0     8
  [3701] .rela.text._[...] RELA             0000000000000000  00236d98
       0000000000000048  0000000000000018   I      5503   3700     8
  [3702] .text._ZN5bo[...] PROGBITS         0000000000000000  00022750
       0000000000000014  0000000000000000 AXG       0     0     4
  [3703] .text._ZN5bo[...] PROGBITS         0000000000000000  00022764
       00000000000000b4  0000000000000000 AXG       0     0     4
  [3704] .rela.text._[...] RELA             0000000000000000  00236de0
       0000000000000048  0000000000000018   I      5503   3703     8
  [3705] .rodata._ZZN[...] PROGBITS         0000000000000000  00022818
       0000000000000010  0000000000000000  AG       0     0     8
  [3706] .rela.rodata[...] RELA             0000000000000000  00236e28
       0000000000000030  0000000000000018   I      5503   3705     8
  [3707] .text._ZN5bo[...] PROGBITS         0000000000000000  00022828
       00000000000000c8  0000000000000000 AXG       0     0     8
  [3708] .rela.text._[...] RELA             0000000000000000  00236e58
       0000000000000108  0000000000000018   I      5503   3707     8
  [3709] .text._ZNK5b[...] PROGBITS         0000000000000000  000228f0
       000000000000001c  0000000000000000 AXG       0     0     4
  [3710] .text._ZNK5b[...] PROGBITS         0000000000000000  0002290c
       0000000000000044  0000000000000000 AXG       0     0     4
  [3711] .text._ZN5bo[...] PROGBITS         0000000000000000  00022950
       0000000000000038  0000000000000000 AXG       0     0     4
  [3712] .rela.text._[...] RELA             0000000000000000  00236f60
       0000000000000048  0000000000000018   I      5503   3711     8
  [3713] .text._ZN5bo[...] PROGBITS         0000000000000000  00022988
       0000000000000030  0000000000000000 AXG       0     0     4
  [3714] .rela.text._[...] RELA             0000000000000000  00236fa8
       0000000000000030  0000000000000018   I      5503   3713     8
  [3715] .text._ZN5bo[...] PROGBITS         0000000000000000  000229b8
       0000000000000034  0000000000000000 AXG       0     0     4
  [3716] .rela.text._[...] RELA             0000000000000000  00236fd8
       0000000000000018  0000000000000018   I      5503   3715     8
  [3717] .text._ZN5bo[...] PROGBITS         0000000000000000  000229ec
       0000000000000014  0000000000000000 AXG       0     0     4
  [3718] .text._ZNK5b[...] PROGBITS         0000000000000000  00022a00
       0000000000000050  0000000000000000 AXG       0     0     4
  [3719] .rela.text._[...] RELA             0000000000000000  00236ff0
       0000000000000018  0000000000000018   I      5503   3718     8
  [3720] .text._ZN5bo[...] PROGBITS         0000000000000000  00022a50
       000000000000006c  0000000000000000 AXG       0     0     4
  [3721] .rela.text._[...] RELA             0000000000000000  00237008
       0000000000000090  0000000000000018   I      5503   3720     8
  [3722] .text._ZN3ro[...] PROGBITS         0000000000000000  00022abc
       0000000000000064  0000000000000000 AXG       0     0     4
  [3723] .rela.text._[...] RELA             0000000000000000  00237098
       0000000000000090  0000000000000018   I      5503   3722     8
  [3724] .text._ZNK5b[...] PROGBITS         0000000000000000  00022b20
       00000000000000b4  0000000000000000 AXG       0     0     4
  [3725] .rela.text._[...] RELA             0000000000000000  00237128
       00000000000000a8  0000000000000018   I      5503   3724     8
  [3726] .text._ZN5bo[...] PROGBITS         0000000000000000  00022bd8
       0000000000000050  0000000000000000 AXG       0     0     8
  [3727] .rela.text._[...] RELA             0000000000000000  002371d0
       0000000000000048  0000000000000018   I      5503   3726     8
  [3728] .text._ZN5bo[...] PROGBITS         0000000000000000  00022c28
       0000000000000014  0000000000000000 AXG       0     0     4
  [3729] .text._ZN5bo[...] PROGBITS         0000000000000000  00022c3c
       00000000000000b4  0000000000000000 AXG       0     0     4
  [3730] .rela.text._[...] RELA             0000000000000000  00237218
       0000000000000048  0000000000000018   I      5503   3729     8
  [3731] .rodata._ZZN[...] PROGBITS         0000000000000000  00022cf0
       0000000000000010  0000000000000000  AG       0     0     8
  [3732] .rela.rodata[...] RELA             0000000000000000  00237260
       0000000000000030  0000000000000018   I      5503   3731     8
  [3733] .text._ZN5bo[...] PROGBITS         0000000000000000  00022d00
       00000000000000c8  0000000000000000 AXG       0     0     8
  [3734] .rela.text._[...] RELA             0000000000000000  00237290
       0000000000000108  0000000000000018   I      5503   3733     8
  [3735] .text._ZNK5b[...] PROGBITS         0000000000000000  00022dc8
       000000000000001c  0000000000000000 AXG       0     0     4
  [3736] .text._ZNK5b[...] PROGBITS         0000000000000000  00022de4
       0000000000000044  0000000000000000 AXG       0     0     4
  [3737] .text._ZN5bo[...] PROGBITS         0000000000000000  00022e28
       0000000000000038  0000000000000000 AXG       0     0     4
  [3738] .rela.text._[...] RELA             0000000000000000  00237398
       0000000000000048  0000000000000018   I      5503   3737     8
  [3739] .text._ZN5bo[...] PROGBITS         0000000000000000  00022e60
       0000000000000030  0000000000000000 AXG       0     0     4
  [3740] .rela.text._[...] RELA             0000000000000000  002373e0
       0000000000000030  0000000000000018   I      5503   3739     8
  [3741] .text._ZN5bo[...] PROGBITS         0000000000000000  00022e90
       0000000000000034  0000000000000000 AXG       0     0     4
  [3742] .rela.text._[...] RELA             0000000000000000  00237410
       0000000000000018  0000000000000018   I      5503   3741     8
  [3743] .text._ZN5bo[...] PROGBITS         0000000000000000  00022ec4
       0000000000000014  0000000000000000 AXG       0     0     4
  [3744] .text._ZNK5b[...] PROGBITS         0000000000000000  00022ed8
       0000000000000050  0000000000000000 AXG       0     0     4
  [3745] .rela.text._[...] RELA             0000000000000000  00237428
       0000000000000018  0000000000000018   I      5503   3744     8
  [3746] .text._ZN5bo[...] PROGBITS         0000000000000000  00022f28
       000000000000006c  0000000000000000 AXG       0     0     4
  [3747] .rela.text._[...] RELA             0000000000000000  00237440
       0000000000000090  0000000000000018   I      5503   3746     8
  [3748] .text._ZN3ro[...] PROGBITS         0000000000000000  00022f94
       0000000000000064  0000000000000000 AXG       0     0     4
  [3749] .rela.text._[...] RELA             0000000000000000  002374d0
       0000000000000090  0000000000000018   I      5503   3748     8
  [3750] .text._ZNK5b[...] PROGBITS         0000000000000000  00022ff8
       00000000000000b4  0000000000000000 AXG       0     0     4
  [3751] .rela.text._[...] RELA             0000000000000000  00237560
       00000000000000a8  0000000000000018   I      5503   3750     8
  [3752] .text._ZN5bo[...] PROGBITS         0000000000000000  000230b0
       0000000000000050  0000000000000000 AXG       0     0     8
  [3753] .rela.text._[...] RELA             0000000000000000  00237608
       0000000000000048  0000000000000018   I      5503   3752     8
  [3754] .text._ZN5bo[...] PROGBITS         0000000000000000  00023100
       0000000000000014  0000000000000000 AXG       0     0     4
  [3755] .text._ZN5bo[...] PROGBITS         0000000000000000  00023114
       00000000000000b4  0000000000000000 AXG       0     0     4
  [3756] .rela.text._[...] RELA             0000000000000000  00237650
       0000000000000048  0000000000000018   I      5503   3755     8
  [3757] .rodata._ZZN[...] PROGBITS         0000000000000000  000231c8
       0000000000000010  0000000000000000  AG       0     0     8
  [3758] .rela.rodata[...] RELA             0000000000000000  00237698
       0000000000000030  0000000000000018   I      5503   3757     8
  [3759] .text._ZN5bo[...] PROGBITS         0000000000000000  000231d8
       00000000000000c8  0000000000000000 AXG       0     0     8
  [3760] .rela.text._[...] RELA             0000000000000000  002376c8
       0000000000000108  0000000000000018   I      5503   3759     8
  [3761] .text._ZNK5b[...] PROGBITS         0000000000000000  000232a0
       000000000000001c  0000000000000000 AXG       0     0     4
  [3762] .text._ZNK5b[...] PROGBITS         0000000000000000  000232bc
       0000000000000044  0000000000000000 AXG       0     0     4
  [3763] .text._ZN5bo[...] PROGBITS         0000000000000000  00023300
       0000000000000038  0000000000000000 AXG       0     0     4
  [3764] .rela.text._[...] RELA             0000000000000000  002377d0
       0000000000000048  0000000000000018   I      5503   3763     8
  [3765] .text._ZN5bo[...] PROGBITS         0000000000000000  00023338
       0000000000000030  0000000000000000 AXG       0     0     4
  [3766] .rela.text._[...] RELA             0000000000000000  00237818
       0000000000000030  0000000000000018   I      5503   3765     8
  [3767] .text._ZN5bo[...] PROGBITS         0000000000000000  00023368
       000000000000006c  0000000000000000 AXG       0     0     4
  [3768] .rela.text._[...] RELA             0000000000000000  00237848
       0000000000000090  0000000000000018   I      5503   3767     8
  [3769] .text._ZN5bo[...] PROGBITS         0000000000000000  000233d4
       000000000000008c  0000000000000000 AXG       0     0     4
  [3770] .rela.text._[...] RELA             0000000000000000  002378d8
       00000000000000a8  0000000000000018   I      5503   3769     8
  [3771] .text._ZNK5b[...] PROGBITS         0000000000000000  00023460
       00000000000000bc  0000000000000000 AXG       0     0     4
  [3772] .rela.text._[...] RELA             0000000000000000  00237980
       00000000000000a8  0000000000000018   I      5503   3771     8
  [3773] .text._ZN5bo[...] PROGBITS         0000000000000000  0002351c
       000000000000006c  0000000000000000 AXG       0     0     4
  [3774] .rela.text._[...] RELA             0000000000000000  00237a28
       0000000000000090  0000000000000018   I      5503   3773     8
  [3775] .text._ZN5bo[...] PROGBITS         0000000000000000  00023588
       000000000000008c  0000000000000000 AXG       0     0     4
  [3776] .rela.text._[...] RELA             0000000000000000  00237ab8
       00000000000000a8  0000000000000018   I      5503   3775     8
  [3777] .text._ZNK5b[...] PROGBITS         0000000000000000  00023614
       00000000000000bc  0000000000000000 AXG       0     0     4
  [3778] .rela.text._[...] RELA             0000000000000000  00237b60
       00000000000000a8  0000000000000018   I      5503   3777     8
  [3779] .text._ZN5bo[...] PROGBITS         0000000000000000  000236d0
       000000000000006c  0000000000000000 AXG       0     0     4
  [3780] .rela.text._[...] RELA             0000000000000000  00237c08
       0000000000000090  0000000000000018   I      5503   3779     8
  [3781] .text._ZN5bo[...] PROGBITS         0000000000000000  0002373c
       000000000000008c  0000000000000000 AXG       0     0     4
  [3782] .rela.text._[...] RELA             0000000000000000  00237c98
       00000000000000a8  0000000000000018   I      5503   3781     8
  [3783] .text._ZNK5b[...] PROGBITS         0000000000000000  000237c8
       00000000000000bc  0000000000000000 AXG       0     0     4
  [3784] .rela.text._[...] RELA             0000000000000000  00237d40
       00000000000000a8  0000000000000018   I      5503   3783     8
  [3785] .text._ZSt12[...] PROGBITS         0000000000000000  00023884
       000000000000001c  0000000000000000 AXG       0     0     4
  [3786] .rela.text._[...] RELA             0000000000000000  00237de8
       0000000000000018  0000000000000018   I      5503   3785     8
  [3787] .text._ZSt10[...] PROGBITS         0000000000000000  000238a0
       0000000000000064  0000000000000000 AXG       0     0     4
  [3788] .text._ZN5bo[...] PROGBITS         0000000000000000  00023904
       000000000000006c  0000000000000000 AXG       0     0     4
  [3789] .rela.text._[...] RELA             0000000000000000  00237e00
       0000000000000090  0000000000000018   I      5503   3788     8
  [3790] .text._ZN5bo[...] PROGBITS         0000000000000000  00023970
       000000000000008c  0000000000000000 AXG       0     0     4
  [3791] .rela.text._[...] RELA             0000000000000000  00237e90
       00000000000000a8  0000000000000018   I      5503   3790     8
  [3792] .text._ZNK5b[...] PROGBITS         0000000000000000  000239fc
       00000000000000bc  0000000000000000 AXG       0     0     4
  [3793] .rela.text._[...] RELA             0000000000000000  00237f38
       00000000000000a8  0000000000000018   I      5503   3792     8
  [3794] .text._ZNK9_[...] PROGBITS         0000000000000000  00023ab8
       0000000000000014  0000000000000000 AXG       0     0     4
  [3795] .text._ZNK9_[...] PROGBITS         0000000000000000  00023acc
       0000000000000018  0000000000000000 AXG       0     0     4
  [3796] .text._ZNK9_[...] PROGBITS         0000000000000000  00023ae4
       0000000000000014  0000000000000000 AXG       0     0     4
  [3797] .text._ZNSt8[...] PROGBITS         0000000000000000  00023af8
       0000000000000040  0000000000000000 AXG       0     0     4
  [3798] .rela.text._[...] RELA             0000000000000000  00237fe0
       0000000000000048  0000000000000018   I      5503   3797     8
  [3799] .text._ZNK9_[...] PROGBITS         0000000000000000  00023b38
       0000000000000014  0000000000000000 AXG       0     0     4
  [3800] .text._ZNSt1[...] PROGBITS         0000000000000000  00023b4c
       0000000000000014  0000000000000000 AXG       0     0     4
  [3801] .text._ZSt12[...] PROGBITS         0000000000000000  00023b60
       000000000000001c  0000000000000000 AXG       0     0     4
  [3802] .rela.text._[...] RELA             0000000000000000  00238028
       0000000000000018  0000000000000018   I      5503   3801     8
  [3803] .text._ZSt12[...] PROGBITS         0000000000000000  00023b7c
       000000000000001c  0000000000000000 AXG       0     0     4
  [3804] .rela.text._[...] RELA             0000000000000000  00238040
       0000000000000018  0000000000000018   I      5503   3803     8
  [3805] .text._ZSt13[...] PROGBITS         0000000000000000  00023b98
       0000000000000034  0000000000000000 AXG       0     0     4
  [3806] .rela.text._[...] RELA             0000000000000000  00238058
       0000000000000018  0000000000000018   I      5503   3805     8
  [3807] .text._ZN3ro[...] PROGBITS         0000000000000000  00023bcc
       000000000000001c  0000000000000000 AXG       0     0     4
  [3808] .rela.text._[...] RELA             0000000000000000  00238070
       0000000000000018  0000000000000018   I      5503   3807     8
  [3809] .text._ZN3ro[...] PROGBITS         0000000000000000  00023be8
       000000000000001c  0000000000000000 AXG       0     0     4
  [3810] .rela.text._[...] RELA             0000000000000000  00238088
       0000000000000018  0000000000000018   I      5503   3809     8
  [3811] .text._ZN3ro[...] PROGBITS         0000000000000000  00023c04
       000000000000001c  0000000000000000 AXG       0     0     4
  [3812] .rela.text._[...] RELA             0000000000000000  002380a0
       0000000000000018  0000000000000018   I      5503   3811     8
  [3813] .text._ZN5bo[...] PROGBITS         0000000000000000  00023c20
       000000000000002c  0000000000000000 AXG       0     0     4
  [3814] .rela.text._[...] RELA             0000000000000000  002380b8
       0000000000000018  0000000000000018   I      5503   3813     8
  [3815] .text._ZN3ro[...] PROGBITS         0000000000000000  00023c4c
       0000000000000028  0000000000000000 AXG       0     0     4
  [3816] .rela.text._[...] RELA             0000000000000000  002380d0
       0000000000000018  0000000000000018   I      5503   3815     8
  [3817] .text._ZN3ro[...] PROGBITS         0000000000000000  00023c74
       000000000000002c  0000000000000000 AXG       0     0     4
  [3818] .rela.text._[...] RELA             0000000000000000  002380e8
       0000000000000018  0000000000000018   I      5503   3817     8
  [3819] .text._ZN3ro[...] PROGBITS         0000000000000000  00023ca0
       0000000000000028  0000000000000000 AXG       0     0     4
  [3820] .rela.text._[...] RELA             0000000000000000  00238100
       0000000000000018  0000000000000018   I      5503   3819     8
  [3821] .text._ZN5bo[...] PROGBITS         0000000000000000  00023cc8
       0000000000000034  0000000000000000 AXG       0     0     4
  [3822] .rela.text._[...] RELA             0000000000000000  00238118
       0000000000000018  0000000000000018   I      5503   3821     8
  [3823] .text._ZN5bo[...] PROGBITS         0000000000000000  00023cfc
       0000000000000094  0000000000000000 AXG       0     0     4
  [3824] .rela.text._[...] RELA             0000000000000000  00238130
       00000000000000a8  0000000000000018   I      5503   3823     8
  [3825] .text._ZNK5b[...] PROGBITS         0000000000000000  00023d90
       0000000000000050  0000000000000000 AXG       0     0     4
  [3826] .rela.text._[...] RELA             0000000000000000  002381d8
       0000000000000018  0000000000000018   I      5503   3825     8
  [3827] .text._ZN5bo[...] PROGBITS         0000000000000000  00023de0
       0000000000000118  0000000000000000 AXG       0     0     8
  [3828] .rela.text._[...] RELA             0000000000000000  002381f0
       0000000000000060  0000000000000018   I      5503   3827     8
  [3829] .text._ZN5bo[...] PROGBITS         0000000000000000  00023ef8
       0000000000000034  0000000000000000 AXG       0     0     4
  [3830] .rela.text._[...] RELA             0000000000000000  00238250
       0000000000000018  0000000000000018   I      5503   3829     8
  [3831] .text._ZN5bo[...] PROGBITS         0000000000000000  00023f2c
       0000000000000114  0000000000000000 AXG       0     0     4
  [3832] .rela.text._[...] RELA             0000000000000000  00238268
       0000000000000198  0000000000000018   I      5503   3831     8
  [3833] .text._ZNK5b[...] PROGBITS         0000000000000000  00024040
       0000000000000038  0000000000000000 AXG       0     0     4
  [3834] .rela.text._[...] RELA             0000000000000000  00238400
       0000000000000018  0000000000000018   I      5503   3833     8
  [3835] .text._ZN5bo[...] PROGBITS         0000000000000000  00024078
       000000000000001c  0000000000000000 AXG       0     0     4
  [3836] .text._ZN5bo[...] PROGBITS         0000000000000000  00024094
       0000000000000020  0000000000000000 AXG       0     0     4
  [3837] .rela.text._[...] RELA             0000000000000000  00238418
       0000000000000018  0000000000000018   I      5503   3836     8
  [3838] .text._ZN5bo[...] PROGBITS         0000000000000000  000240b8
       0000000000000098  0000000000000000 AXG       0     0     8
  [3839] .rela.text._[...] RELA             0000000000000000  00238430
       00000000000000a8  0000000000000018   I      5503   3838     8
  [3840] .text._ZN5bo[...] PROGBITS         0000000000000000  00024150
       0000000000000048  0000000000000000 AXG       0     0     4
  [3841] .rela.text._[...] RELA             0000000000000000  002384d8
       0000000000000030  0000000000000018   I      5503   3840     8
  [3842] .text._ZNK5b[...] PROGBITS         0000000000000000  00024198
       00000000000000a4  0000000000000000 AXG       0     0     4
  [3843] .rela.text._[...] RELA             0000000000000000  00238508
       00000000000000f0  0000000000000018   I      5503   3842     8
  [3844] .text._ZN5bo[...] PROGBITS         0000000000000000  0002423c
       00000000000000b4  0000000000000000 AXG       0     0     4
  [3845] .rela.text._[...] RELA             0000000000000000  002385f8
       0000000000000048  0000000000000018   I      5503   3844     8
  [3846] .text._ZN5bo[...] PROGBITS         0000000000000000  000242f0
       00000000000000b4  0000000000000000 AXG       0     0     4
  [3847] .rela.text._[...] RELA             0000000000000000  00238640
       0000000000000048  0000000000000018   I      5503   3846     8
  [3848] .text._ZN9__[...] PROGBITS         0000000000000000  000243a4
       0000000000000044  0000000000000000 AXG       0     0     4
  [3849] .rela.text._[...] RELA             0000000000000000  00238688
       0000000000000030  0000000000000018   I      5503   3848     8
  [3850] .text._ZN9__[...] PROGBITS         0000000000000000  000243e8
       0000000000000028  0000000000000000 AXG       0     0     4
  [3851] .text._ZNK9_[...] PROGBITS         0000000000000000  00024410
       0000000000000018  0000000000000000 AXG       0     0     4
  [3852] .text._ZSt10[...] PROGBITS         0000000000000000  00024428
       000000000000007c  0000000000000000 AXG       0     0     4
  [3853] .rela.text._[...] RELA             0000000000000000  002386b8
       0000000000000078  0000000000000018   I      5503   3852     8
  [3854] .text._ZNK9_[...] PROGBITS         0000000000000000  000244a4
       0000000000000014  0000000000000000 AXG       0     0     4
  [3855] .text._ZNK9_[...] PROGBITS         0000000000000000  000244b8
       0000000000000014  0000000000000000 AXG       0     0     4
  [3856] .text._ZNSt8[...] PROGBITS         0000000000000000  000244cc
       000000000000011c  0000000000000000 AXG       0     0     4
  [3857] .text._ZNSt8[...] PROGBITS         0000000000000000  000245e8
       0000000000000098  0000000000000000 AXG       0     0     4
  [3858] .rela.text._[...] RELA             0000000000000000  00238730
       0000000000000108  0000000000000018   I      5503   3857     8
  [3859] .text._ZN5bo[...] PROGBITS         0000000000000000  00024680
       0000000000000118  0000000000000000 AXG       0     0     8
  [3860] .rela.text._[...] RELA             0000000000000000  00238838
       0000000000000060  0000000000000018   I      5503   3859     8
  [3861] .text._ZN5bo[...] PROGBITS         0000000000000000  00024798
       0000000000000034  0000000000000000 AXG       0     0     4
  [3862] .rela.text._[...] RELA             0000000000000000  00238898
       0000000000000018  0000000000000018   I      5503   3861     8
  [3863] .text._ZN5bo[...] PROGBITS         0000000000000000  000247cc
       0000000000000114  0000000000000000 AXG       0     0     4
  [3864] .rela.text._[...] RELA             0000000000000000  002388b0
       0000000000000198  0000000000000018   I      5503   3863     8
  [3865] .text._ZNK5b[...] PROGBITS         0000000000000000  000248e0
       0000000000000038  0000000000000000 AXG       0     0     4
  [3866] .rela.text._[...] RELA             0000000000000000  00238a48
       0000000000000018  0000000000000018   I      5503   3865     8
  [3867] .text._ZN5bo[...] PROGBITS         0000000000000000  00024918
       000000000000001c  0000000000000000 AXG       0     0     4
  [3868] .text._ZN5bo[...] PROGBITS         0000000000000000  00024934
       0000000000000020  0000000000000000 AXG       0     0     4
  [3869] .rela.text._[...] RELA             0000000000000000  00238a60
       0000000000000018  0000000000000018   I      5503   3868     8
  [3870] .text._ZN5bo[...] PROGBITS         0000000000000000  00024958
       0000000000000098  0000000000000000 AXG       0     0     8
  [3871] .rela.text._[...] RELA             0000000000000000  00238a78
       00000000000000a8  0000000000000018   I      5503   3870     8
  [3872] .text._ZN5bo[...] PROGBITS         0000000000000000  000249f0
       0000000000000048  0000000000000000 AXG       0     0     4
  [3873] .rela.text._[...] RELA             0000000000000000  00238b20
       0000000000000030  0000000000000018   I      5503   3872     8
  [3874] .text._ZNK5b[...] PROGBITS         0000000000000000  00024a38
       00000000000000a4  0000000000000000 AXG       0     0     4
  [3875] .rela.text._[...] RELA             0000000000000000  00238b50
       00000000000000f0  0000000000000018   I      5503   3874     8
  [3876] .text._ZN5bo[...] PROGBITS         0000000000000000  00024adc
       00000000000000b4  0000000000000000 AXG       0     0     4
  [3877] .rela.text._[...] RELA             0000000000000000  00238c40
       0000000000000048  0000000000000018   I      5503   3876     8
  [3878] .text._ZN5bo[...] PROGBITS         0000000000000000  00024b90
       00000000000000b4  0000000000000000 AXG       0     0     4
  [3879] .rela.text._[...] RELA             0000000000000000  00238c88
       0000000000000048  0000000000000018   I      5503   3878     8
  [3880] .text._ZN5bo[...] PROGBITS         0000000000000000  00024c48
       0000000000000118  0000000000000000 AXG       0     0     8
  [3881] .rela.text._[...] RELA             0000000000000000  00238cd0
       0000000000000060  0000000000000018   I      5503   3880     8
  [3882] .text._ZN5bo[...] PROGBITS         0000000000000000  00024d60
       0000000000000034  0000000000000000 AXG       0     0     4
  [3883] .rela.text._[...] RELA             0000000000000000  00238d30
       0000000000000018  0000000000000018   I      5503   3882     8
  [3884] .text._ZN5bo[...] PROGBITS         0000000000000000  00024d94
       00000000000000dc  0000000000000000 AXG       0     0     4
  [3885] .rela.text._[...] RELA             0000000000000000  00238d48
       0000000000000150  0000000000000018   I      5503   3884     8
  [3886] .text._ZNK5b[...] PROGBITS         0000000000000000  00024e70
       0000000000000038  0000000000000000 AXG       0     0     4
  [3887] .rela.text._[...] RELA             0000000000000000  00238e98
       0000000000000018  0000000000000018   I      5503   3886     8
  [3888] .text._ZN5bo[...] PROGBITS         0000000000000000  00024ea8
       000000000000001c  0000000000000000 AXG       0     0     4
  [3889] .text._ZN5bo[...] PROGBITS         0000000000000000  00024ec4
       0000000000000020  0000000000000000 AXG       0     0     4
  [3890] .rela.text._[...] RELA             0000000000000000  00238eb0
       0000000000000018  0000000000000018   I      5503   3889     8
  [3891] .text._ZN5bo[...] PROGBITS         0000000000000000  00024ee8
       0000000000000098  0000000000000000 AXG       0     0     8
  [3892] .rela.text._[...] RELA             0000000000000000  00238ec8
       00000000000000a8  0000000000000018   I      5503   3891     8
  [3893] .text._ZN5bo[...] PROGBITS         0000000000000000  00024f80
       0000000000000048  0000000000000000 AXG       0     0     4
  [3894] .rela.text._[...] RELA             0000000000000000  00238f70
       0000000000000030  0000000000000018   I      5503   3893     8
  [3895] .text._ZNK5b[...] PROGBITS         0000000000000000  00024fc8
       00000000000000a4  0000000000000000 AXG       0     0     4
  [3896] .rela.text._[...] RELA             0000000000000000  00238fa0
       00000000000000f0  0000000000000018   I      5503   3895     8
  [3897] .text._ZN5bo[...] PROGBITS         0000000000000000  0002506c
       00000000000000b4  0000000000000000 AXG       0     0     4
  [3898] .rela.text._[...] RELA             0000000000000000  00239090
       0000000000000048  0000000000000018   I      5503   3897     8
  [3899] .text._ZN5bo[...] PROGBITS         0000000000000000  00025120
       00000000000000b4  0000000000000000 AXG       0     0     4
  [3900] .rela.text._[...] RELA             0000000000000000  002390d8
       0000000000000048  0000000000000018   I      5503   3899     8
  [3901] .text._ZN5bo[...] PROGBITS         0000000000000000  000251d8
       0000000000000118  0000000000000000 AXG       0     0     8
  [3902] .rela.text._[...] RELA             0000000000000000  00239120
       0000000000000060  0000000000000018   I      5503   3901     8
  [3903] .text._ZN5bo[...] PROGBITS         0000000000000000  000252f0
       0000000000000034  0000000000000000 AXG       0     0     4
  [3904] .rela.text._[...] RELA             0000000000000000  00239180
       0000000000000018  0000000000000018   I      5503   3903     8
  [3905] .text._ZN5bo[...] PROGBITS         0000000000000000  00025324
       00000000000000dc  0000000000000000 AXG       0     0     4
  [3906] .rela.text._[...] RELA             0000000000000000  00239198
       0000000000000150  0000000000000018   I      5503   3905     8
  [3907] .text._ZNK5b[...] PROGBITS         0000000000000000  00025400
       0000000000000038  0000000000000000 AXG       0     0     4
  [3908] .rela.text._[...] RELA             0000000000000000  002392e8
       0000000000000018  0000000000000018   I      5503   3907     8
  [3909] .text._ZN5bo[...] PROGBITS         0000000000000000  00025438
       000000000000001c  0000000000000000 AXG       0     0     4
  [3910] .text._ZN5bo[...] PROGBITS         0000000000000000  00025454
       0000000000000020  0000000000000000 AXG       0     0     4
  [3911] .rela.text._[...] RELA             0000000000000000  00239300
       0000000000000018  0000000000000018   I      5503   3910     8
  [3912] .text._ZN5bo[...] PROGBITS         0000000000000000  00025478
       0000000000000098  0000000000000000 AXG       0     0     8
  [3913] .rela.text._[...] RELA             0000000000000000  00239318
       00000000000000a8  0000000000000018   I      5503   3912     8
  [3914] .text._ZN5bo[...] PROGBITS         0000000000000000  00025510
       0000000000000048  0000000000000000 AXG       0     0     4
  [3915] .rela.text._[...] RELA             0000000000000000  002393c0
       0000000000000030  0000000000000018   I      5503   3914     8
  [3916] .text._ZNK5b[...] PROGBITS         0000000000000000  00025558
       00000000000000a4  0000000000000000 AXG       0     0     4
  [3917] .rela.text._[...] RELA             0000000000000000  002393f0
       00000000000000f0  0000000000000018   I      5503   3916     8
  [3918] .text._ZN5bo[...] PROGBITS         0000000000000000  000255fc
       00000000000000b4  0000000000000000 AXG       0     0     4
  [3919] .rela.text._[...] RELA             0000000000000000  002394e0
       0000000000000048  0000000000000018   I      5503   3918     8
  [3920] .text._ZN5bo[...] PROGBITS         0000000000000000  000256b0
       00000000000000b4  0000000000000000 AXG       0     0     4
  [3921] .rela.text._[...] RELA             0000000000000000  00239528
       0000000000000048  0000000000000018   I      5503   3920     8
  [3922] .text._ZN5bo[...] PROGBITS         0000000000000000  00025768
       0000000000000118  0000000000000000 AXG       0     0     8
  [3923] .rela.text._[...] RELA             0000000000000000  00239570
       0000000000000060  0000000000000018   I      5503   3922     8
  [3924] .text._ZN5bo[...] PROGBITS         0000000000000000  00025880
       0000000000000034  0000000000000000 AXG       0     0     4
  [3925] .rela.text._[...] RELA             0000000000000000  002395d0
       0000000000000018  0000000000000018   I      5503   3924     8
  [3926] .text._ZN5bo[...] PROGBITS         0000000000000000  000258b4
       0000000000000114  0000000000000000 AXG       0     0     4
  [3927] .rela.text._[...] RELA             0000000000000000  002395e8
       0000000000000198  0000000000000018   I      5503   3926     8
  [3928] .text._ZNK5b[...] PROGBITS         0000000000000000  000259c8
       0000000000000038  0000000000000000 AXG       0     0     4
  [3929] .rela.text._[...] RELA             0000000000000000  00239780
       0000000000000018  0000000000000018   I      5503   3928     8
  [3930] .text._ZN5bo[...] PROGBITS         0000000000000000  00025a00
       000000000000001c  0000000000000000 AXG       0     0     4
  [3931] .text._ZN5bo[...] PROGBITS         0000000000000000  00025a1c
       0000000000000020  0000000000000000 AXG       0     0     4
  [3932] .rela.text._[...] RELA             0000000000000000  00239798
       0000000000000018  0000000000000018   I      5503   3931     8
  [3933] .text._ZN5bo[...] PROGBITS         0000000000000000  00025a40
       0000000000000098  0000000000000000 AXG       0     0     8
  [3934] .rela.text._[...] RELA             0000000000000000  002397b0
       00000000000000a8  0000000000000018   I      5503   3933     8
  [3935] .text._ZN5bo[...] PROGBITS         0000000000000000  00025ad8
       0000000000000048  0000000000000000 AXG       0     0     4
  [3936] .rela.text._[...] RELA             0000000000000000  00239858
       0000000000000030  0000000000000018   I      5503   3935     8
  [3937] .text._ZNK5b[...] PROGBITS         0000000000000000  00025b20
       00000000000000a4  0000000000000000 AXG       0     0     4
  [3938] .rela.text._[...] RELA             0000000000000000  00239888
       00000000000000f0  0000000000000018   I      5503   3937     8
  [3939] .text._ZN5bo[...] PROGBITS         0000000000000000  00025bc4
       00000000000000b4  0000000000000000 AXG       0     0     4
  [3940] .rela.text._[...] RELA             0000000000000000  00239978
       0000000000000048  0000000000000018   I      5503   3939     8
  [3941] .text._ZN5bo[...] PROGBITS         0000000000000000  00025c78
       00000000000000b4  0000000000000000 AXG       0     0     4
  [3942] .rela.text._[...] RELA             0000000000000000  002399c0
       0000000000000048  0000000000000018   I      5503   3941     8
  [3943] .text._ZN3ro[...] PROGBITS         0000000000000000  00025d2c
       000000000000001c  0000000000000000 AXG       0     0     4
  [3944] .rela.text._[...] RELA             0000000000000000  00239a08
       0000000000000018  0000000000000018   I      5503   3943     8
  [3945] .text._ZN3ro[...] PROGBITS         0000000000000000  00025d48
       0000000000000030  0000000000000000 AXG       0     0     4
  [3946] .rela.text._[...] RELA             0000000000000000  00239a20
       0000000000000018  0000000000000018   I      5503   3945     8
  [3947] .text._ZN5bo[...] PROGBITS         0000000000000000  00025d78
       0000000000000034  0000000000000000 AXG       0     0     4
  [3948] .rela.text._[...] RELA             0000000000000000  00239a38
       0000000000000018  0000000000000018   I      5503   3947     8
  [3949] .text._ZN5bo[...] PROGBITS         0000000000000000  00025dac
       0000000000000094  0000000000000000 AXG       0     0     4
  [3950] .rela.text._[...] RELA             0000000000000000  00239a50
       00000000000000a8  0000000000000018   I      5503   3949     8
  [3951] .text._ZNK5b[...] PROGBITS         0000000000000000  00025e40
       0000000000000050  0000000000000000 AXG       0     0     4
  [3952] .rela.text._[...] RELA             0000000000000000  00239af8
       0000000000000018  0000000000000018   I      5503   3951     8
  [3953] .text._ZN3ro[...] PROGBITS         0000000000000000  00025e90
       000000000000001c  0000000000000000 AXG       0     0     4
  [3954] .rela.text._[...] RELA             0000000000000000  00239b10
       0000000000000018  0000000000000018   I      5503   3953     8
  [3955] .text._ZN3ro[...] PROGBITS         0000000000000000  00025eac
       0000000000000030  0000000000000000 AXG       0     0     4
  [3956] .rela.text._[...] RELA             0000000000000000  00239b28
       0000000000000018  0000000000000018   I      5503   3955     8
  [3957] .text._ZN5bo[...] PROGBITS         0000000000000000  00025edc
       0000000000000034  0000000000000000 AXG       0     0     4
  [3958] .rela.text._[...] RELA             0000000000000000  00239b40
       0000000000000018  0000000000000018   I      5503   3957     8
  [3959] .text._ZN5bo[...] PROGBITS         0000000000000000  00025f10
       0000000000000094  0000000000000000 AXG       0     0     4
  [3960] .rela.text._[...] RELA             0000000000000000  00239b58
       00000000000000a8  0000000000000018   I      5503   3959     8
  [3961] .text._ZNK5b[...] PROGBITS         0000000000000000  00025fa4
       0000000000000050  0000000000000000 AXG       0     0     4
  [3962] .rela.text._[...] RELA             0000000000000000  00239c00
       0000000000000018  0000000000000018   I      5503   3961     8
  [3963] .text._ZN3ro[...] PROGBITS         0000000000000000  00025ff4
       000000000000001c  0000000000000000 AXG       0     0     4
  [3964] .rela.text._[...] RELA             0000000000000000  00239c18
       0000000000000018  0000000000000018   I      5503   3963     8
  [3965] .text._ZN3ro[...] PROGBITS         0000000000000000  00026010
       000000000000002c  0000000000000000 AXG       0     0     4
  [3966] .rela.text._[...] RELA             0000000000000000  00239c30
       0000000000000018  0000000000000018   I      5503   3965     8
  [3967] .text._ZN5bo[...] PROGBITS         0000000000000000  0002603c
       0000000000000034  0000000000000000 AXG       0     0     4
  [3968] .rela.text._[...] RELA             0000000000000000  00239c48
       0000000000000018  0000000000000018   I      5503   3967     8
  [3969] .text._ZN5bo[...] PROGBITS         0000000000000000  00026070
       0000000000000094  0000000000000000 AXG       0     0     4
  [3970] .rela.text._[...] RELA             0000000000000000  00239c60
       00000000000000a8  0000000000000018   I      5503   3969     8
  [3971] .text._ZNK5b[...] PROGBITS         0000000000000000  00026104
       0000000000000050  0000000000000000 AXG       0     0     4
  [3972] .rela.text._[...] RELA             0000000000000000  00239d08
       0000000000000018  0000000000000018   I      5503   3971     8
  [3973] .text._ZNSt1[...] PROGBITS         0000000000000000  00026154
       0000000000000014  0000000000000000 AXG       0     0     4
  [3974] .text._ZN3ro[...] PROGBITS         0000000000000000  00026168
       000000000000001c  0000000000000000 AXG       0     0     4
  [3975] .rela.text._[...] RELA             0000000000000000  00239d20
       0000000000000018  0000000000000018   I      5503   3974     8
  [3976] .text._ZN3ro[...] PROGBITS         0000000000000000  00026184
       000000000000001c  0000000000000000 AXG       0     0     4
  [3977] .rela.text._[...] RELA             0000000000000000  00239d38
       0000000000000018  0000000000000018   I      5503   3976     8
  [3978] .text._ZN3ro[...] PROGBITS         0000000000000000  000261a0
       000000000000001c  0000000000000000 AXG       0     0     4
  [3979] .rela.text._[...] RELA             0000000000000000  00239d50
       0000000000000018  0000000000000018   I      5503   3978     8
  [3980] .text._ZN3ro[...] PROGBITS         0000000000000000  000261bc
       0000000000000028  0000000000000000 AXG       0     0     4
  [3981] .rela.text._[...] RELA             0000000000000000  00239d68
       0000000000000018  0000000000000018   I      5503   3980     8
  [3982] .text._ZN3ro[...] PROGBITS         0000000000000000  000261e4
       0000000000000028  0000000000000000 AXG       0     0     4
  [3983] .rela.text._[...] RELA             0000000000000000  00239d80
       0000000000000018  0000000000000018   I      5503   3982     8
  [3984] .text._ZN3ro[...] PROGBITS         0000000000000000  0002620c
       0000000000000028  0000000000000000 AXG       0     0     4
  [3985] .rela.text._[...] RELA             0000000000000000  00239d98
       0000000000000018  0000000000000018   I      5503   3984     8
  [3986] .text._ZN5bo[...] PROGBITS         0000000000000000  00026234
       0000000000000034  0000000000000000 AXG       0     0     4
  [3987] .rela.text._[...] RELA             0000000000000000  00239db0
       0000000000000018  0000000000000018   I      5503   3986     8
  [3988] .text._ZN5bo[...] PROGBITS         0000000000000000  00026268
       0000000000000094  0000000000000000 AXG       0     0     4
  [3989] .rela.text._[...] RELA             0000000000000000  00239dc8
       00000000000000a8  0000000000000018   I      5503   3988     8
  [3990] .text._ZNK5b[...] PROGBITS         0000000000000000  000262fc
       0000000000000050  0000000000000000 AXG       0     0     4
  [3991] .rela.text._[...] RELA             0000000000000000  00239e70
       0000000000000018  0000000000000018   I      5503   3990     8
  [3992] .text._ZNSt1[...] PROGBITS         0000000000000000  0002634c
       0000000000000020  0000000000000000 AXG       0     0     4
  [3993] .rela.text._[...] RELA             0000000000000000  00239e88
       0000000000000018  0000000000000018   I      5503   3992     8
  [3994] .text._ZNSt1[...] PROGBITS         0000000000000000  0002636c
       0000000000000014  0000000000000000 AXG       0     0     4
  [3995] .text._ZNSt1[...] PROGBITS         0000000000000000  00026380
       0000000000000064  0000000000000000 AXG       0     0     4
  [3996] .rela.text._[...] RELA             0000000000000000  00239ea0
       0000000000000018  0000000000000018   I      5503   3995     8
  [3997] .text._ZN3ro[...] PROGBITS         0000000000000000  000263e4
       0000000000000064  0000000000000000 AXG       0     0     4
  [3998] .rela.text._[...] RELA             0000000000000000  00239eb8
       00000000000000c0  0000000000000018   I      5503   3997     8
  [3999] .text._ZN3ro[...] PROGBITS         0000000000000000  00026448
       000000000000002c  0000000000000000 AXG       0     0     4
  [4000] .rela.text._[...] RELA             0000000000000000  00239f78
       0000000000000018  0000000000000018   I      5503   3999     8
  [4001] .text._ZN3ro[...] PROGBITS         0000000000000000  00026474
       0000000000000028  0000000000000000 AXG       0     0     4
  [4002] .rela.text._[...] RELA             0000000000000000  00239f90
       0000000000000018  0000000000000018   I      5503   4001     8
  [4003] .text._ZN3ro[...] PROGBITS         0000000000000000  0002649c
       0000000000000078  0000000000000000 AXG       0     0     4
  [4004] .rela.text._[...] RELA             0000000000000000  00239fa8
       0000000000000018  0000000000000018   I      5503   4003     8
  [4005] .text._ZN3ro[...] PROGBITS         0000000000000000  00026514
       0000000000000118  0000000000000000 AXG       0     0     4
  [4006] .rela.text._[...] RELA             0000000000000000  00239fc0
       0000000000000108  0000000000000018   I      5503   4005     8
  [4007] .text._ZN5bo[...] PROGBITS         0000000000000000  00026630
       0000000000000138  0000000000000000 AXG       0     0     8
  [4008] .rela.text._[...] RELA             0000000000000000  0023a0c8
       0000000000000078  0000000000000018   I      5503   4007     8
  [4009] .text._ZN5bo[...] PROGBITS         0000000000000000  00026768
       0000000000000018  0000000000000000 AXG       0     0     4
  [4010] .text._ZNK5b[...] PROGBITS         0000000000000000  00026780
       0000000000000028  0000000000000000 AXG       0     0     4
  [4011] .text._ZN5bo[...] PROGBITS         0000000000000000  000267a8
       0000000000000120  0000000000000000 AXG       0     0     8
  [4012] .rela.text._[...] RELA             0000000000000000  0023a140
       0000000000000078  0000000000000018   I      5503   4011     8
  [4013] .text._ZN5bo[...] PROGBITS         0000000000000000  000268c8
       000000000000004c  0000000000000000 AXG       0     0     4
  [4014] .rela.text._[...] RELA             0000000000000000  0023a1b8
       0000000000000030  0000000000000018   I      5503   4013     8
  [4015] .text._ZNK5b[...] PROGBITS         0000000000000000  00026914
       0000000000000020  0000000000000000 AXG       0     0     4
  [4016] .rela.text._[...] RELA             0000000000000000  0023a1e8
       0000000000000018  0000000000000018   I      5503   4015     8
  [4017] .text._ZN5bo[...] PROGBITS         0000000000000000  00026934
       0000000000000018  0000000000000000 AXG       0     0     4
  [4018] .text._ZN11s[...] PROGBITS         0000000000000000  0002694c
       0000000000000130  0000000000000000 AXG       0     0     4
  [4019] .rela.text._[...] RELA             0000000000000000  0023a200
       0000000000000150  0000000000000018   I      5503   4018     8
  [4020] .text._ZN5bo[...] PROGBITS         0000000000000000  00026a7c
       0000000000000020  0000000000000000 AXG       0     0     4
  [4021] .text._ZN5bo[...] PROGBITS         0000000000000000  00026a9c
       0000000000000048  0000000000000000 AXG       0     0     4
  [4022] .rela.text._[...] RELA             0000000000000000  0023a350
       0000000000000018  0000000000000018   I      5503   4021     8
  [4023] .text._ZN3ro[...] PROGBITS         0000000000000000  00026ae8
       0000000000000060  0000000000000000 AXG       0     0     8
  [4024] .rela.text._[...] RELA             0000000000000000  0023a368
       0000000000000078  0000000000000018   I      5503   4023     8
  [4025] .text._ZN3ro[...] PROGBITS         0000000000000000  00026b48
       0000000000000024  0000000000000000 AXG       0     0     4
  [4026] .rela.text._[...] RELA             0000000000000000  0023a3e0
       0000000000000030  0000000000000018   I      5503   4025     8
  [4027] .text._ZN5bo[...] PROGBITS         0000000000000000  00026b6c
       0000000000000050  0000000000000000 AXG       0     0     4
  [4028] .text._ZN5bo[...] PROGBITS         0000000000000000  00026bbc
       000000000000006c  0000000000000000 AXG       0     0     4
  [4029] .rela.text._[...] RELA             0000000000000000  0023a410
       0000000000000090  0000000000000018   I      5503   4028     8
  [4030] .text._ZN5bo[...] PROGBITS         0000000000000000  00026c28
       0000000000000014  0000000000000000 AXG       0     0     4
  [4031] .text._ZNK5b[...] PROGBITS         0000000000000000  00026c3c
       00000000000000b8  0000000000000000 AXG       0     0     4
  [4032] .rela.text._[...] RELA             0000000000000000  0023a4a0
       0000000000000120  0000000000000018   I      5503   4031     8
  [4033] .text._ZNK5b[...] PROGBITS         0000000000000000  00026cf4
       00000000000000ec  0000000000000000 AXG       0     0     4
  [4034] .rela.text._[...] RELA             0000000000000000  0023a5c0
       0000000000000108  0000000000000018   I      5503   4033     8
  [4035] .text._ZNSt1[...] PROGBITS         0000000000000000  00026de0
       0000000000000038  0000000000000000 AXG       0     0     4
  [4036] .rela.text._[...] RELA             0000000000000000  0023a6c8
       0000000000000030  0000000000000018   I      5503   4035     8
  [4037] .text._ZN5bo[...] PROGBITS         0000000000000000  00026e18
       0000000000000120  0000000000000000 AXG       0     0     8
  [4038] .rela.text._[...] RELA             0000000000000000  0023a6f8
       0000000000000078  0000000000000018   I      5503   4037     8
  [4039] .text._ZN5bo[...] PROGBITS         0000000000000000  00026f38
       000000000000004c  0000000000000000 AXG       0     0     4
  [4040] .rela.text._[...] RELA             0000000000000000  0023a770
       0000000000000030  0000000000000018   I      5503   4039     8
  [4041] .text._ZNK5b[...] PROGBITS         0000000000000000  00026f84
       0000000000000020  0000000000000000 AXG       0     0     4
  [4042] .rela.text._[...] RELA             0000000000000000  0023a7a0
       0000000000000018  0000000000000018   I      5503   4041     8
  [4043] .text._ZN5bo[...] PROGBITS         0000000000000000  00026fa4
       0000000000000018  0000000000000000 AXG       0     0     4
  [4044] .text._ZN10a[...] PROGBITS         0000000000000000  00026fbc
       0000000000000090  0000000000000000 AXG       0     0     4
  [4045] .rela.text._[...] RELA             0000000000000000  0023a7b8
       0000000000000018  0000000000000018   I      5503   4044     8
  [4046] .text._ZN5bo[...] PROGBITS         0000000000000000  0002704c
       0000000000000020  0000000000000000 AXG       0     0     4
  [4047] .text._ZN5bo[...] PROGBITS         0000000000000000  0002706c
       0000000000000048  0000000000000000 AXG       0     0     4
  [4048] .rela.text._[...] RELA             0000000000000000  0023a7d0
       0000000000000018  0000000000000018   I      5503   4047     8
  [4049] .text._ZN3ro[...] PROGBITS         0000000000000000  000270b8
       0000000000000060  0000000000000000 AXG       0     0     8
  [4050] .rela.text._[...] RELA             0000000000000000  0023a7e8
       0000000000000078  0000000000000018   I      5503   4049     8
  [4051] .text._ZN3ro[...] PROGBITS         0000000000000000  00027118
       0000000000000024  0000000000000000 AXG       0     0     4
  [4052] .rela.text._[...] RELA             0000000000000000  0023a860
       0000000000000030  0000000000000018   I      5503   4051     8
  [4053] .text._ZN5bo[...] PROGBITS         0000000000000000  0002713c
       0000000000000050  0000000000000000 AXG       0     0     4
  [4054] .text._ZN5bo[...] PROGBITS         0000000000000000  0002718c
       000000000000006c  0000000000000000 AXG       0     0     4
  [4055] .rela.text._[...] RELA             0000000000000000  0023a890
       0000000000000090  0000000000000018   I      5503   4054     8
  [4056] .text._ZN5bo[...] PROGBITS         0000000000000000  000271f8
       0000000000000014  0000000000000000 AXG       0     0     4
  [4057] .text._ZNK5b[...] PROGBITS         0000000000000000  0002720c
       00000000000000b8  0000000000000000 AXG       0     0     4
  [4058] .rela.text._[...] RELA             0000000000000000  0023a920
       0000000000000120  0000000000000018   I      5503   4057     8
  [4059] .text._ZNK5b[...] PROGBITS         0000000000000000  000272c4
       00000000000000ec  0000000000000000 AXG       0     0     4
  [4060] .rela.text._[...] RELA             0000000000000000  0023aa40
       0000000000000108  0000000000000018   I      5503   4059     8
  [4061] .text._ZN5bo[...] PROGBITS         0000000000000000  000273b0
       0000000000000120  0000000000000000 AXG       0     0     8
  [4062] .rela.text._[...] RELA             0000000000000000  0023ab48
       0000000000000078  0000000000000018   I      5503   4061     8
  [4063] .text._ZN5bo[...] PROGBITS         0000000000000000  000274d0
       000000000000004c  0000000000000000 AXG       0     0     4
  [4064] .rela.text._[...] RELA             0000000000000000  0023abc0
       0000000000000030  0000000000000018   I      5503   4063     8
  [4065] .text._ZNK5b[...] PROGBITS         0000000000000000  0002751c
       0000000000000020  0000000000000000 AXG       0     0     4
  [4066] .rela.text._[...] RELA             0000000000000000  0023abf0
       0000000000000018  0000000000000018   I      5503   4065     8
  [4067] .text._ZN5bo[...] PROGBITS         0000000000000000  0002753c
       0000000000000018  0000000000000000 AXG       0     0     4
  [4068] .text._ZN13g[...] PROGBITS         0000000000000000  00027554
       000000000000002c  0000000000000000 AXG       0     0     4
  [4069] .text._ZN5bo[...] PROGBITS         0000000000000000  00027580
       0000000000000020  0000000000000000 AXG       0     0     4
  [4070] .text._ZN5bo[...] PROGBITS         0000000000000000  000275a0
       0000000000000048  0000000000000000 AXG       0     0     4
  [4071] .rela.text._[...] RELA             0000000000000000  0023ac08
       0000000000000018  0000000000000018   I      5503   4070     8
  [4072] .text._ZN3ro[...] PROGBITS         0000000000000000  000275e8
       0000000000000060  0000000000000000 AXG       0     0     8
  [4073] .rela.text._[...] RELA             0000000000000000  0023ac20
       0000000000000078  0000000000000018   I      5503   4072     8
  [4074] .text._ZN3ro[...] PROGBITS         0000000000000000  00027648
       0000000000000024  0000000000000000 AXG       0     0     4
  [4075] .rela.text._[...] RELA             0000000000000000  0023ac98
       0000000000000030  0000000000000018   I      5503   4074     8
  [4076] .text._ZN5bo[...] PROGBITS         0000000000000000  0002766c
       0000000000000050  0000000000000000 AXG       0     0     4
  [4077] .text._ZN5bo[...] PROGBITS         0000000000000000  000276bc
       000000000000006c  0000000000000000 AXG       0     0     4
  [4078] .rela.text._[...] RELA             0000000000000000  0023acc8
       0000000000000090  0000000000000018   I      5503   4077     8
  [4079] .text._ZN5bo[...] PROGBITS         0000000000000000  00027728
       0000000000000014  0000000000000000 AXG       0     0     4
  [4080] .text._ZNK5b[...] PROGBITS         0000000000000000  0002773c
       00000000000000b8  0000000000000000 AXG       0     0     4
  [4081] .rela.text._[...] RELA             0000000000000000  0023ad58
       0000000000000120  0000000000000018   I      5503   4080     8
  [4082] .text._ZNK5b[...] PROGBITS         0000000000000000  000277f4
       00000000000000ec  0000000000000000 AXG       0     0     4
  [4083] .rela.text._[...] RELA             0000000000000000  0023ae78
       0000000000000108  0000000000000018   I      5503   4082     8
  [4084] .text._ZN5bo[...] PROGBITS         0000000000000000  000278e0
       0000000000000120  0000000000000000 AXG       0     0     8
  [4085] .rela.text._[...] RELA             0000000000000000  0023af80
       0000000000000078  0000000000000018   I      5503   4084     8
  [4086] .text._ZN5bo[...] PROGBITS         0000000000000000  00027a00
       000000000000004c  0000000000000000 AXG       0     0     4
  [4087] .rela.text._[...] RELA             0000000000000000  0023aff8
       0000000000000030  0000000000000018   I      5503   4086     8
  [4088] .text._ZNK5b[...] PROGBITS         0000000000000000  00027a4c
       0000000000000020  0000000000000000 AXG       0     0     4
  [4089] .rela.text._[...] RELA             0000000000000000  0023b028
       0000000000000018  0000000000000018   I      5503   4088     8
  [4090] .text._ZN5bo[...] PROGBITS         0000000000000000  00027a6c
       0000000000000018  0000000000000000 AXG       0     0     4
  [4091] .text._ZN5bo[...] PROGBITS         0000000000000000  00027a84
       0000000000000020  0000000000000000 AXG       0     0     4
  [4092] .text._ZN5bo[...] PROGBITS         0000000000000000  00027aa4
       0000000000000048  0000000000000000 AXG       0     0     4
  [4093] .rela.text._[...] RELA             0000000000000000  0023b040
       0000000000000018  0000000000000018   I      5503   4092     8
  [4094] .text._ZN3ro[...] PROGBITS         0000000000000000  00027af0
       0000000000000060  0000000000000000 AXG       0     0     8
  [4095] .rela.text._[...] RELA             0000000000000000  0023b058
       0000000000000078  0000000000000018   I      5503   4094     8
  [4096] .text._ZN3ro[...] PROGBITS         0000000000000000  00027b50
       0000000000000024  0000000000000000 AXG       0     0     4
  [4097] .rela.text._[...] RELA             0000000000000000  0023b0d0
       0000000000000030  0000000000000018   I      5503   4096     8
  [4098] .text._ZN5bo[...] PROGBITS         0000000000000000  00027b74
       0000000000000050  0000000000000000 AXG       0     0     4
  [4099] .text._ZN5bo[...] PROGBITS         0000000000000000  00027bc4
       000000000000006c  0000000000000000 AXG       0     0     4
  [4100] .rela.text._[...] RELA             0000000000000000  0023b100
       0000000000000090  0000000000000018   I      5503   4099     8
  [4101] .text._ZN5bo[...] PROGBITS         0000000000000000  00027c30
       0000000000000014  0000000000000000 AXG       0     0     4
  [4102] .text._ZNK5b[...] PROGBITS         0000000000000000  00027c44
       00000000000000b8  0000000000000000 AXG       0     0     4
  [4103] .rela.text._[...] RELA             0000000000000000  0023b190
       0000000000000120  0000000000000018   I      5503   4102     8
  [4104] .text._ZNK5b[...] PROGBITS         0000000000000000  00027cfc
       00000000000000ec  0000000000000000 AXG       0     0     4
  [4105] .rela.text._[...] RELA             0000000000000000  0023b2b0
       0000000000000108  0000000000000018   I      5503   4104     8
  [4106] .text._ZN5bo[...] PROGBITS         0000000000000000  00027de8
       0000000000000120  0000000000000000 AXG       0     0     8
  [4107] .rela.text._[...] RELA             0000000000000000  0023b3b8
       0000000000000078  0000000000000018   I      5503   4106     8
  [4108] .text._ZN5bo[...] PROGBITS         0000000000000000  00027f08
       000000000000004c  0000000000000000 AXG       0     0     4
  [4109] .rela.text._[...] RELA             0000000000000000  0023b430
       0000000000000030  0000000000000018   I      5503   4108     8
  [4110] .text._ZNK5b[...] PROGBITS         0000000000000000  00027f54
       0000000000000020  0000000000000000 AXG       0     0     4
  [4111] .rela.text._[...] RELA             0000000000000000  0023b460
       0000000000000018  0000000000000018   I      5503   4110     8
  [4112] .text._ZN5bo[...] PROGBITS         0000000000000000  00027f74
       0000000000000018  0000000000000000 AXG       0     0     4
  [4113] .text._ZN11s[...] PROGBITS         0000000000000000  00027f8c
       0000000000000070  0000000000000000 AXG       0     0     4
  [4114] .rela.text._[...] RELA             0000000000000000  0023b478
       0000000000000048  0000000000000018   I      5503   4113     8
  [4115] .text._ZN5bo[...] PROGBITS         0000000000000000  00027ffc
       0000000000000020  0000000000000000 AXG       0     0     4
  [4116] .text._ZN5bo[...] PROGBITS         0000000000000000  0002801c
       0000000000000048  0000000000000000 AXG       0     0     4
  [4117] .rela.text._[...] RELA             0000000000000000  0023b4c0
       0000000000000018  0000000000000018   I      5503   4116     8
  [4118] .text._ZN3ro[...] PROGBITS         0000000000000000  00028068
       0000000000000060  0000000000000000 AXG       0     0     8
  [4119] .rela.text._[...] RELA             0000000000000000  0023b4d8
       0000000000000078  0000000000000018   I      5503   4118     8
  [4120] .text._ZN3ro[...] PROGBITS         0000000000000000  000280c8
       0000000000000024  0000000000000000 AXG       0     0     4
  [4121] .rela.text._[...] RELA             0000000000000000  0023b550
       0000000000000030  0000000000000018   I      5503   4120     8
  [4122] .text._ZN5bo[...] PROGBITS         0000000000000000  000280ec
       0000000000000050  0000000000000000 AXG       0     0     4
  [4123] .text._ZN5bo[...] PROGBITS         0000000000000000  0002813c
       000000000000006c  0000000000000000 AXG       0     0     4
  [4124] .rela.text._[...] RELA             0000000000000000  0023b580
       0000000000000090  0000000000000018   I      5503   4123     8
  [4125] .text._ZN5bo[...] PROGBITS         0000000000000000  000281a8
       0000000000000014  0000000000000000 AXG       0     0     4
  [4126] .text._ZNK5b[...] PROGBITS         0000000000000000  000281bc
       00000000000000b8  0000000000000000 AXG       0     0     4
  [4127] .rela.text._[...] RELA             0000000000000000  0023b610
       0000000000000120  0000000000000018   I      5503   4126     8
  [4128] .text._ZNK5b[...] PROGBITS         0000000000000000  00028274
       00000000000000ec  0000000000000000 AXG       0     0     4
  [4129] .rela.text._[...] RELA             0000000000000000  0023b730
       0000000000000108  0000000000000018   I      5503   4128     8
  [4130] .text._ZN3ro[...] PROGBITS         0000000000000000  00028360
       0000000000000078  0000000000000000 AXG       0     0     4
  [4131] .rela.text._[...] RELA             0000000000000000  0023b838
       0000000000000018  0000000000000018   I      5503   4130     8
  [4132] .text._ZN5bo[...] PROGBITS         0000000000000000  000283d8
       0000000000000138  0000000000000000 AXG       0     0     8
  [4133] .rela.text._[...] RELA             0000000000000000  0023b850
       0000000000000078  0000000000000018   I      5503   4132     8
  [4134] .text._ZN5bo[...] PROGBITS         0000000000000000  00028510
       0000000000000018  0000000000000000 AXG       0     0     4
  [4135] .text._ZNK5b[...] PROGBITS         0000000000000000  00028528
       0000000000000028  0000000000000000 AXG       0     0     4
  [4136] .text._ZN3ro[...] PROGBITS         0000000000000000  00028550
       0000000000000078  0000000000000000 AXG       0     0     4
  [4137] .rela.text._[...] RELA             0000000000000000  0023b8c8
       0000000000000018  0000000000000018   I      5503   4136     8
  [4138] .text._ZN5bo[...] PROGBITS         0000000000000000  000285c8
       0000000000000138  0000000000000000 AXG       0     0     8
  [4139] .rela.text._[...] RELA             0000000000000000  0023b8e0
       0000000000000078  0000000000000018   I      5503   4138     8
  [4140] .text._ZN5bo[...] PROGBITS         0000000000000000  00028700
       0000000000000018  0000000000000000 AXG       0     0     4
  [4141] .text._ZNK5b[...] PROGBITS         0000000000000000  00028718
       0000000000000028  0000000000000000 AXG       0     0     4
  [4142] .text._ZN3ro[...] PROGBITS         0000000000000000  00028740
       0000000000000078  0000000000000000 AXG       0     0     4
  [4143] .rela.text._[...] RELA             0000000000000000  0023b958
       0000000000000018  0000000000000018   I      5503   4142     8
  [4144] .text._ZN5bo[...] PROGBITS         0000000000000000  000287b8
       0000000000000138  0000000000000000 AXG       0     0     8
  [4145] .rela.text._[...] RELA             0000000000000000  0023b970
       0000000000000078  0000000000000018   I      5503   4144     8
  [4146] .text._ZN5bo[...] PROGBITS         0000000000000000  000288f0
       0000000000000018  0000000000000000 AXG       0     0     4
  [4147] .text._ZNK5b[...] PROGBITS         0000000000000000  00028908
       0000000000000028  0000000000000000 AXG       0     0     4
  [4148] .text._ZN3ro[...] PROGBITS         0000000000000000  00028930
       0000000000000020  0000000000000000 AXG       0     0     4
  [4149] .rela.text._[...] RELA             0000000000000000  0023b9e8
       0000000000000018  0000000000000018   I      5503   4148     8
  [4150] .text._ZN3ro[...] PROGBITS         0000000000000000  00028950
       0000000000000064  0000000000000000 AXG       0     0     4
  [4151] .rela.text._[...] RELA             0000000000000000  0023ba00
       00000000000000c0  0000000000000018   I      5503   4150     8
  [4152] .text._ZN3ro[...] PROGBITS         0000000000000000  000289b4
       0000000000000064  0000000000000000 AXG       0     0     4
  [4153] .rela.text._[...] RELA             0000000000000000  0023bac0
       00000000000000c0  0000000000000018   I      5503   4152     8
  [4154] .text._ZN3ro[...] PROGBITS         0000000000000000  00028a18
       00000000000000fc  0000000000000000 AXG       0     0     4
  [4155] .rela.text._[...] RELA             0000000000000000  0023bb80
       00000000000000f0  0000000000000018   I      5503   4154     8
  [4156] .text._ZN3ro[...] PROGBITS         0000000000000000  00028b14
       0000000000000028  0000000000000000 AXG       0     0     4
  [4157] .rela.text._[...] RELA             0000000000000000  0023bc70
       0000000000000018  0000000000000018   I      5503   4156     8
  [4158] .text._ZN3ro[...] PROGBITS         0000000000000000  00028b3c
       0000000000000028  0000000000000000 AXG       0     0     4
  [4159] .rela.text._[...] RELA             0000000000000000  0023bc88
       0000000000000018  0000000000000018   I      5503   4158     8
  [4160] .text._ZN5bo[...] PROGBITS         0000000000000000  00028b68
       0000000000000138  0000000000000000 AXG       0     0     8
  [4161] .rela.text._[...] RELA             0000000000000000  0023bca0
       0000000000000078  0000000000000018   I      5503   4160     8
  [4162] .text._ZN5bo[...] PROGBITS         0000000000000000  00028ca0
       0000000000000018  0000000000000000 AXG       0     0     4
  [4163] .text._ZNK5b[...] PROGBITS         0000000000000000  00028cb8
       0000000000000028  0000000000000000 AXG       0     0     4
  [4164] .text._ZNK9_[...] PROGBITS         0000000000000000  00028ce0
       0000000000000014  0000000000000000 AXG       0     0     4
  [4165] .text._ZN3ro[...] PROGBITS         0000000000000000  00028cf4
       00000000000000b4  0000000000000000 AXG       0     0     4
  [4166] .rela.text._[...] RELA             0000000000000000  0023bd18
       0000000000000048  0000000000000018   I      5503   4165     8
  [4167] .text._ZN3ro[...] PROGBITS         0000000000000000  00028da8
       0000000000000078  0000000000000000 AXG       0     0     4
  [4168] .rela.text._[...] RELA             0000000000000000  0023bd60
       0000000000000048  0000000000000018   I      5503   4167     8
  [4169] .text._ZNKSt[...] PROGBITS         0000000000000000  00028e20
       0000000000000070  0000000000000000 AXG       0     0     4
  [4170] .rela.text._[...] RELA             0000000000000000  0023bda8
       00000000000000c0  0000000000000018   I      5503   4169     8
  [4171] .text._ZNKSt[...] PROGBITS         0000000000000000  00028e90
       000000000000005c  0000000000000000 AXG       0     0     4
  [4172] .rela.text._[...] RELA             0000000000000000  0023be68
       00000000000000a8  0000000000000018   I      5503   4171     8
  [4173] .text._ZN5bo[...] PROGBITS         0000000000000000  00028eec
       0000000000000070  0000000000000000 AXG       0     0     4
  [4174] .rela.text._[...] RELA             0000000000000000  0023bf10
       00000000000000a8  0000000000000018   I      5503   4173     8
  [4175] .text._ZN5bo[...] PROGBITS         0000000000000000  00028f5c
       000000000000002c  0000000000000000 AXG       0     0     4
  [4176] .rela.text._[...] RELA             0000000000000000  0023bfb8
       0000000000000018  0000000000000018   I      5503   4175     8
  [4177] .text._ZN5bo[...] PROGBITS         0000000000000000  00028f88
       0000000000000028  0000000000000000 AXG       0     0     4
  [4178] .rela.text._[...] RELA             0000000000000000  0023bfd0
       0000000000000018  0000000000000018   I      5503   4177     8
  [4179] .text._ZN5bo[...] PROGBITS         0000000000000000  00028fb0
       0000000000000180  0000000000000000 AXG       0     0     8
  [4180] .rela.text._[...] RELA             0000000000000000  0023bfe8
       00000000000000f0  0000000000000018   I      5503   4179     8
  [4181] .text._ZNK5b[...] PROGBITS         0000000000000000  00029130
       0000000000000060  0000000000000000 AXG       0     0     4
  [4182] .rela.text._[...] RELA             0000000000000000  0023c0d8
       0000000000000060  0000000000000018   I      5503   4181     8
  [4183] .text._ZNSt4[...] PROGBITS         0000000000000000  00029190
       0000000000000060  0000000000000000 AXG       0     0     4
  [4184] .rela.text._[...] RELA             0000000000000000  0023c138
       0000000000000060  0000000000000018   I      5503   4183     8
  [4185] .text._ZN9__[...] PROGBITS         0000000000000000  000291f0
       0000000000000080  0000000000000000 AXG       0     0     4
  [4186] .rela.text._[...] RELA             0000000000000000  0023c198
       0000000000000078  0000000000000018   I      5503   4185     8
  [4187] .text._ZN5bo[...] PROGBITS         0000000000000000  00029270
       0000000000000070  0000000000000000 AXG       0     0     4
  [4188] .rela.text._[...] RELA             0000000000000000  0023c210
       00000000000000a8  0000000000000018   I      5503   4187     8
  [4189] .text._ZN5bo[...] PROGBITS         0000000000000000  000292e0
       000000000000002c  0000000000000000 AXG       0     0     4
  [4190] .rela.text._[...] RELA             0000000000000000  0023c2b8
       0000000000000018  0000000000000018   I      5503   4189     8
  [4191] .text._ZN5bo[...] PROGBITS         0000000000000000  00029310
       0000000000000180  0000000000000000 AXG       0     0     8
  [4192] .rela.text._[...] RELA             0000000000000000  0023c2d0
       00000000000000f0  0000000000000018   I      5503   4191     8
  [4193] .text._ZNK5b[...] PROGBITS         0000000000000000  00029490
       0000000000000060  0000000000000000 AXG       0     0     4
  [4194] .rela.text._[...] RELA             0000000000000000  0023c3c0
       0000000000000060  0000000000000018   I      5503   4193     8
  [4195] .text._ZN5bo[...] PROGBITS         0000000000000000  000294f0
       0000000000000070  0000000000000000 AXG       0     0     4
  [4196] .rela.text._[...] RELA             0000000000000000  0023c420
       00000000000000a8  0000000000000018   I      5503   4195     8
  [4197] .text._ZN5bo[...] PROGBITS         0000000000000000  00029560
       000000000000002c  0000000000000000 AXG       0     0     4
  [4198] .rela.text._[...] RELA             0000000000000000  0023c4c8
       0000000000000018  0000000000000018   I      5503   4197     8
  [4199] .text._ZN5bo[...] PROGBITS         0000000000000000  00029590
       0000000000000180  0000000000000000 AXG       0     0     8
  [4200] .rela.text._[...] RELA             0000000000000000  0023c4e0
       00000000000000f0  0000000000000018   I      5503   4199     8
  [4201] .text._ZNK5b[...] PROGBITS         0000000000000000  00029710
       0000000000000060  0000000000000000 AXG       0     0     4
  [4202] .rela.text._[...] RELA             0000000000000000  0023c5d0
       0000000000000060  0000000000000018   I      5503   4201     8
  [4203] .text._ZN5bo[...] PROGBITS         0000000000000000  00029770
       0000000000000070  0000000000000000 AXG       0     0     4
  [4204] .rela.text._[...] RELA             0000000000000000  0023c630
       00000000000000a8  0000000000000018   I      5503   4203     8
  [4205] .text._ZN5bo[...] PROGBITS         0000000000000000  000297e0
       000000000000002c  0000000000000000 AXG       0     0     4
  [4206] .rela.text._[...] RELA             0000000000000000  0023c6d8
       0000000000000018  0000000000000018   I      5503   4205     8
  [4207] .text._ZN5bo[...] PROGBITS         0000000000000000  00029810
       0000000000000180  0000000000000000 AXG       0     0     8
  [4208] .rela.text._[...] RELA             0000000000000000  0023c6f0
       00000000000000f0  0000000000000018   I      5503   4207     8
  [4209] .text._ZNK5b[...] PROGBITS         0000000000000000  00029990
       0000000000000060  0000000000000000 AXG       0     0     4
  [4210] .rela.text._[...] RELA             0000000000000000  0023c7e0
       0000000000000060  0000000000000018   I      5503   4209     8
  [4211] .text._ZN5bo[...] PROGBITS         0000000000000000  000299f0
       0000000000000070  0000000000000000 AXG       0     0     4
  [4212] .rela.text._[...] RELA             0000000000000000  0023c840
       00000000000000a8  0000000000000018   I      5503   4211     8
  [4213] .text._ZN5bo[...] PROGBITS         0000000000000000  00029a60
       000000000000002c  0000000000000000 AXG       0     0     4
  [4214] .rela.text._[...] RELA             0000000000000000  0023c8e8
       0000000000000018  0000000000000018   I      5503   4213     8
  [4215] .text._ZNSt6[...] PROGBITS         0000000000000000  00029a8c
       0000000000000020  0000000000000000 AXG       0     0     4
  [4216] .rela.text._[...] RELA             0000000000000000  0023c900
       0000000000000018  0000000000000018   I      5503   4215     8
  [4217] .text._ZN5bo[...] PROGBITS         0000000000000000  00029ab0
       0000000000000180  0000000000000000 AXG       0     0     8
  [4218] .rela.text._[...] RELA             0000000000000000  0023c918
       00000000000000f0  0000000000000018   I      5503   4217     8
  [4219] .text._ZNK5b[...] PROGBITS         0000000000000000  00029c30
       0000000000000060  0000000000000000 AXG       0     0     4
  [4220] .rela.text._[...] RELA             0000000000000000  0023ca08
       0000000000000060  0000000000000018   I      5503   4219     8
  [4221] .text._ZN3ro[...] PROGBITS         0000000000000000  00029c90
       0000000000000080  0000000000000000 AXG       0     0     4
  [4222] .rela.text._[...] RELA             0000000000000000  0023ca68
       0000000000000030  0000000000000018   I      5503   4221     8
  [4223] .text._ZN3ro[...] PROGBITS         0000000000000000  00029d10
       0000000000000080  0000000000000000 AXG       0     0     4
  [4224] .rela.text._[...] RELA             0000000000000000  0023ca98
       0000000000000030  0000000000000018   I      5503   4223     8
  [4225] .text._ZN3ro[...] PROGBITS         0000000000000000  00029d90
       0000000000000058  0000000000000000 AXG       0     0     4
  [4226] .rela.text._[...] RELA             0000000000000000  0023cac8
       0000000000000030  0000000000000018   I      5503   4225     8
  [4227] .text._ZN3ro[...] PROGBITS         0000000000000000  00029de8
       0000000000000058  0000000000000000 AXG       0     0     4
  [4228] .rela.text._[...] RELA             0000000000000000  0023caf8
       0000000000000030  0000000000000018   I      5503   4227     8
  [4229] .text._ZN9__[...] PROGBITS         0000000000000000  00029e40
       0000000000000044  0000000000000000 AXG       0     0     4
  [4230] .rela.text._[...] RELA             0000000000000000  0023cb28
       0000000000000030  0000000000000018   I      5503   4229     8
  [4231] .text._ZNK9_[...] PROGBITS         0000000000000000  00029e84
       0000000000000018  0000000000000000 AXG       0     0     4
  [4232] .text._ZN5bo[...] PROGBITS         0000000000000000  00029ea0
       0000000000000050  0000000000000000 AXG       0     0     8
  [4233] .rela.text._[...] RELA             0000000000000000  0023cb58
       0000000000000048  0000000000000018   I      5503   4232     8
  [4234] .text._ZN5bo[...] PROGBITS         0000000000000000  00029ef0
       0000000000000014  0000000000000000 AXG       0     0     4
  [4235] .text._ZN5bo[...] PROGBITS         0000000000000000  00029f04
       0000000000000044  0000000000000000 AXG       0     0     4
  [4236] .rela.text._[...] RELA             0000000000000000  0023cba0
       0000000000000048  0000000000000018   I      5503   4235     8
  [4237] .text._ZN5bo[...] PROGBITS         0000000000000000  00029f48
       0000000000000050  0000000000000000 AXG       0     0     8
  [4238] .rela.text._[...] RELA             0000000000000000  0023cbe8
       0000000000000048  0000000000000018   I      5503   4237     8
  [4239] .text._ZN5bo[...] PROGBITS         0000000000000000  00029f98
       0000000000000014  0000000000000000 AXG       0     0     4
  [4240] .text._ZN5bo[...] PROGBITS         0000000000000000  00029fb0
       0000000000000050  0000000000000000 AXG       0     0     8
  [4241] .rela.text._[...] RELA             0000000000000000  0023cc30
       0000000000000048  0000000000000018   I      5503   4240     8
  [4242] .text._ZN5bo[...] PROGBITS         0000000000000000  0002a000
       0000000000000014  0000000000000000 AXG       0     0     4
  [4243] .text._ZN5bo[...] PROGBITS         0000000000000000  0002a018
       0000000000000050  0000000000000000 AXG       0     0     8
  [4244] .rela.text._[...] RELA             0000000000000000  0023cc78
       0000000000000048  0000000000000018   I      5503   4243     8
  [4245] .text._ZN5bo[...] PROGBITS         0000000000000000  0002a068
       0000000000000014  0000000000000000 AXG       0     0     4
  [4246] .text._ZN5bo[...] PROGBITS         0000000000000000  0002a080
       0000000000000050  0000000000000000 AXG       0     0     8
  [4247] .rela.text._[...] RELA             0000000000000000  0023ccc0
       0000000000000048  0000000000000018   I      5503   4246     8
  [4248] .text._ZN5bo[...] PROGBITS         0000000000000000  0002a0d0
       0000000000000014  0000000000000000 AXG       0     0     4
  [4249] .text._ZNSt1[...] PROGBITS         0000000000000000  0002a0e4
       0000000000000020  0000000000000000 AXG       0     0     4
  [4250] .rela.text._[...] RELA             0000000000000000  0023cd08
       0000000000000018  0000000000000018   I      5503   4249     8
  [4251] .text._ZN3ro[...] PROGBITS         0000000000000000  0002a104
       000000000000001c  0000000000000000 AXG       0     0     4
  [4252] .rela.text._[...] RELA             0000000000000000  0023cd20
       0000000000000018  0000000000000018   I      5503   4251     8
  [4253] .text._ZN3ro[...] PROGBITS         0000000000000000  0002a120
       000000000000001c  0000000000000000 AXG       0     0     4
  [4254] .rela.text._[...] RELA             0000000000000000  0023cd38
       0000000000000018  0000000000000018   I      5503   4253     8
  [4255] .text._ZN3ro[...] PROGBITS         0000000000000000  0002a13c
       0000000000000028  0000000000000000 AXG       0     0     4
  [4256] .rela.text._[...] RELA             0000000000000000  0023cd50
       0000000000000018  0000000000000018   I      5503   4255     8
  [4257] .text._ZN5bo[...] PROGBITS         0000000000000000  0002a164
       000000000000001c  0000000000000000 AXG       0     0     4
  [4258] .text._ZN5bo[...] PROGBITS         0000000000000000  0002a180
       0000000000000020  0000000000000000 AXG       0     0     4
  [4259] .rela.text._[...] RELA             0000000000000000  0023cd68
       0000000000000018  0000000000000018   I      5503   4258     8
  [4260] .text._ZN5bo[...] PROGBITS         0000000000000000  0002a1a0
       0000000000000014  0000000000000000 AXG       0     0     4
  [4261] .text._ZN5bo[...] PROGBITS         0000000000000000  0002a1b4
       0000000000000008  0000000000000000 AXG       0     0     4
  [4262] .text._ZN5bo[...] PROGBITS         0000000000000000  0002a1bc
       000000000000001c  0000000000000000 AXG       0     0     4
  [4263] .text._ZN5bo[...] PROGBITS         0000000000000000  0002a1d8
       0000000000000020  0000000000000000 AXG       0     0     4
  [4264] .rela.text._[...] RELA             0000000000000000  0023cd80
       0000000000000018  0000000000000018   I      5503   4263     8
  [4265] .text._ZN5bo[...] PROGBITS         0000000000000000  0002a1f8
       000000000000001c  0000000000000000 AXG       0     0     4
  [4266] .text._ZN5bo[...] PROGBITS         0000000000000000  0002a214
       0000000000000020  0000000000000000 AXG       0     0     4
  [4267] .rela.text._[...] RELA             0000000000000000  0023cd98
       0000000000000018  0000000000000018   I      5503   4266     8
  [4268] .text._ZN5bo[...] PROGBITS         0000000000000000  0002a234
       000000000000001c  0000000000000000 AXG       0     0     4
  [4269] .text._ZN5bo[...] PROGBITS         0000000000000000  0002a250
       0000000000000020  0000000000000000 AXG       0     0     4
  [4270] .rela.text._[...] RELA             0000000000000000  0023cdb0
       0000000000000018  0000000000000018   I      5503   4269     8
  [4271] .text._ZN5bo[...] PROGBITS         0000000000000000  0002a270
       000000000000001c  0000000000000000 AXG       0     0     4
  [4272] .text._ZN5bo[...] PROGBITS         0000000000000000  0002a28c
       0000000000000020  0000000000000000 AXG       0     0     4
  [4273] .rela.text._[...] RELA             0000000000000000  0023cdc8
       0000000000000018  0000000000000018   I      5503   4272     8
  [4274] .text._ZNSt1[...] PROGBITS         0000000000000000  0002a2ac
       0000000000000038  0000000000000000 AXG       0     0     4
  [4275] .rela.text._[...] RELA             0000000000000000  0023cde0
       0000000000000018  0000000000000018   I      5503   4274     8
  [4276] .text._ZN3ro[...] PROGBITS         0000000000000000  0002a2e4
       000000000000001c  0000000000000000 AXG       0     0     4
  [4277] .rela.text._[...] RELA             0000000000000000  0023cdf8
       0000000000000018  0000000000000018   I      5503   4276     8
  [4278] .text._ZN3ro[...] PROGBITS         0000000000000000  0002a300
       000000000000001c  0000000000000000 AXG       0     0     4
  [4279] .rela.text._[...] RELA             0000000000000000  0023ce10
       0000000000000018  0000000000000018   I      5503   4278     8
  [4280] .text._ZN3ro[...] PROGBITS         0000000000000000  0002a31c
       000000000000001c  0000000000000000 AXG       0     0     4
  [4281] .rela.text._[...] RELA             0000000000000000  0023ce28
       0000000000000018  0000000000000018   I      5503   4280     8
  [4282] .text._ZN3ro[...] PROGBITS         0000000000000000  0002a338
       0000000000000028  0000000000000000 AXG       0     0     4
  [4283] .rela.text._[...] RELA             0000000000000000  0023ce40
       0000000000000018  0000000000000018   I      5503   4282     8
  [4284] .text._ZN3ro[...] PROGBITS         0000000000000000  0002a360
       0000000000000028  0000000000000000 AXG       0     0     4
  [4285] .rela.text._[...] RELA             0000000000000000  0023ce58
       0000000000000018  0000000000000018   I      5503   4284     8
  [4286] .text._ZN3ro[...] PROGBITS         0000000000000000  0002a388
       0000000000000028  0000000000000000 AXG       0     0     4
  [4287] .rela.text._[...] RELA             0000000000000000  0023ce70
       0000000000000018  0000000000000018   I      5503   4286     8
  [4288] .text._ZN3ro[...] PROGBITS         0000000000000000  0002a3b0
       0000000000000058  0000000000000000 AXG       0     0     4
  [4289] .rela.text._[...] RELA             0000000000000000  0023ce88
       0000000000000030  0000000000000018   I      5503   4288     8
  [4290] .text._ZN11s[...] PROGBITS         0000000000000000  0002a408
       0000000000000020  0000000000000000 AXG       0     0     4
  [4291] .rela.text._[...] RELA             0000000000000000  0023ceb8
       0000000000000018  0000000000000018   I      5503   4290     8
  [4292] .text._ZN5bo[...] PROGBITS         0000000000000000  0002a428
       0000000000000044  0000000000000000 AXG       0     0     4
  [4293] .rela.text._[...] RELA             0000000000000000  0023ced0
       0000000000000018  0000000000000018   I      5503   4292     8
  [4294] .text._ZN10a[...] PROGBITS         0000000000000000  0002a46c
       0000000000000020  0000000000000000 AXG       0     0     4
  [4295] .rela.text._[...] RELA             0000000000000000  0023cee8
       0000000000000018  0000000000000018   I      5503   4294     8
  [4296] .text._ZN5bo[...] PROGBITS         0000000000000000  0002a48c
       0000000000000044  0000000000000000 AXG       0     0     4
  [4297] .rela.text._[...] RELA             0000000000000000  0023cf00
       0000000000000018  0000000000000018   I      5503   4296     8
  [4298] .text._ZN5bo[...] PROGBITS         0000000000000000  0002a4d0
       0000000000000038  0000000000000000 AXG       0     0     4
  [4299] .text._ZN5bo[...] PROGBITS         0000000000000000  0002a508
       0000000000000038  0000000000000000 AXG       0     0     4
  [4300] .text._ZN5bo[...] PROGBITS         0000000000000000  0002a540
       0000000000000044  0000000000000000 AXG       0     0     4
  [4301] .rela.text._[...] RELA             0000000000000000  0023cf18
       0000000000000018  0000000000000018   I      5503   4300     8
  [4302] .text._ZNSaI[...] PROGBITS         0000000000000000  0002a584
       0000000000000020  0000000000000000 AXG       0     0     4
  [4303] .rela.text._[...] RELA             0000000000000000  0023cf30
       0000000000000018  0000000000000018   I      5503   4302     8
  [4304] .text._ZN3ro[...] PROGBITS         0000000000000000  0002a5a4
       0000000000000064  0000000000000000 AXG       0     0     4
  [4305] .rela.text._[...] RELA             0000000000000000  0023cf48
       00000000000000c0  0000000000000018   I      5503   4304     8
  [4306] .text._ZN3ro[...] PROGBITS         0000000000000000  0002a608
       0000000000000024  0000000000000000 AXG       0     0     4
  [4307] .text._ZN3ro[...] PROGBITS         0000000000000000  0002a62c
       0000000000000064  0000000000000000 AXG       0     0     4
  [4308] .rela.text._[...] RELA             0000000000000000  0023d008
       00000000000000c0  0000000000000018   I      5503   4307     8
  [4309] .text._ZN3ro[...] PROGBITS         0000000000000000  0002a690
       0000000000000028  0000000000000000 AXG       0     0     4
  [4310] .rela.text._[...] RELA             0000000000000000  0023d0c8
       0000000000000018  0000000000000018   I      5503   4309     8
  [4311] .text._ZN3ro[...] PROGBITS         0000000000000000  0002a6b8
       0000000000000098  0000000000000000 AXG       0     0     4
  [4312] .rela.text._[...] RELA             0000000000000000  0023d0e0
       0000000000000048  0000000000000018   I      5503   4311     8
  [4313] .text._ZN3ro[...] PROGBITS         0000000000000000  0002a750
       0000000000000028  0000000000000000 AXG       0     0     4
  [4314] .rela.text._[...] RELA             0000000000000000  0023d128
       0000000000000018  0000000000000018   I      5503   4313     8
  [4315] .text._ZN9__[...] PROGBITS         0000000000000000  0002a778
       0000000000000014  0000000000000000 AXG       0     0     4
  [4316] .text._ZN3ro[...] PROGBITS         0000000000000000  0002a78c
       0000000000000080  0000000000000000 AXG       0     0     4
  [4317] .rela.text._[...] RELA             0000000000000000  0023d140
       0000000000000030  0000000000000018   I      5503   4316     8
  [4318] .text._ZN3ro[...] PROGBITS         0000000000000000  0002a80c
       0000000000000080  0000000000000000 AXG       0     0     4
  [4319] .rela.text._[...] RELA             0000000000000000  0023d170
       0000000000000030  0000000000000018   I      5503   4318     8
  [4320] .text._ZN3ro[...] PROGBITS         0000000000000000  0002a88c
       0000000000000058  0000000000000000 AXG       0     0     4
  [4321] .rela.text._[...] RELA             0000000000000000  0023d1a0
       0000000000000030  0000000000000018   I      5503   4320     8
  [4322] .text._ZNK5b[...] PROGBITS         0000000000000000  0002a8e4
       0000000000000014  0000000000000000 AXG       0     0     4
  [4323] .text._ZN3ro[...] PROGBITS         0000000000000000  0002a8f8
       0000000000000058  0000000000000000 AXG       0     0     4
  [4324] .rela.text._[...] RELA             0000000000000000  0023d1d0
       0000000000000030  0000000000000018   I      5503   4323     8
  [4325] .text._ZN3ro[...] PROGBITS         0000000000000000  0002a950
       000000000000001c  0000000000000000 AXG       0     0     4
  [4326] .rela.text._[...] RELA             0000000000000000  0023d200
       0000000000000018  0000000000000018   I      5503   4325     8
  [4327] .text._ZN3ro[...] PROGBITS         0000000000000000  0002a96c
       000000000000001c  0000000000000000 AXG       0     0     4
  [4328] .rela.text._[...] RELA             0000000000000000  0023d218
       0000000000000018  0000000000000018   I      5503   4327     8
  [4329] .text._ZN3ro[...] PROGBITS         0000000000000000  0002a988
       000000000000001c  0000000000000000 AXG       0     0     4
  [4330] .rela.text._[...] RELA             0000000000000000  0023d230
       0000000000000018  0000000000000018   I      5503   4329     8
  [4331] .text._ZN3ro[...] PROGBITS         0000000000000000  0002a9a4
       0000000000000028  0000000000000000 AXG       0     0     4
  [4332] .rela.text._[...] RELA             0000000000000000  0023d248
       0000000000000018  0000000000000018   I      5503   4331     8
  [4333] .text._ZN3ro[...] PROGBITS         0000000000000000  0002a9cc
       0000000000000028  0000000000000000 AXG       0     0     4
  [4334] .rela.text._[...] RELA             0000000000000000  0023d260
       0000000000000018  0000000000000018   I      5503   4333     8
  [4335] .text._ZN3ro[...] PROGBITS         0000000000000000  0002a9f4
       0000000000000028  0000000000000000 AXG       0     0     4
  [4336] .rela.text._[...] RELA             0000000000000000  0023d278
       0000000000000018  0000000000000018   I      5503   4335     8
  [4337] .text._ZN3ro[...] PROGBITS         0000000000000000  0002aa1c
       0000000000000064  0000000000000000 AXG       0     0     4
  [4338] .rela.text._[...] RELA             0000000000000000  0023d290
       00000000000000c0  0000000000000018   I      5503   4337     8
  [4339] .text._ZN3ro[...] PROGBITS         0000000000000000  0002aa80
       0000000000000064  0000000000000000 AXG       0     0     4
  [4340] .rela.text._[...] RELA             0000000000000000  0023d350
       00000000000000c0  0000000000000018   I      5503   4339     8
  [4341] .text._ZN3ro[...] PROGBITS         0000000000000000  0002aae4
       0000000000000064  0000000000000000 AXG       0     0     4
  [4342] .rela.text._[...] RELA             0000000000000000  0023d410
       00000000000000c0  0000000000000018   I      5503   4341     8
  [4343] .text._ZN3ro[...] PROGBITS         0000000000000000  0002ab48
       0000000000000028  0000000000000000 AXG       0     0     4
  [4344] .rela.text._[...] RELA             0000000000000000  0023d4d0
       0000000000000018  0000000000000018   I      5503   4343     8
  [4345] .text._ZN3ro[...] PROGBITS         0000000000000000  0002ab70
       0000000000000028  0000000000000000 AXG       0     0     4
  [4346] .rela.text._[...] RELA             0000000000000000  0023d4e8
       0000000000000018  0000000000000018   I      5503   4345     8
  [4347] .text._ZN3ro[...] PROGBITS         0000000000000000  0002ab98
       0000000000000028  0000000000000000 AXG       0     0     4
  [4348] .rela.text._[...] RELA             0000000000000000  0023d500
       0000000000000018  0000000000000018   I      5503   4347     8
  [4349] .text._ZN3ro[...] PROGBITS         0000000000000000  0002abc0
       00000000000000b4  0000000000000000 AXG       0     0     4
  [4350] .rela.text._[...] RELA             0000000000000000  0023d518
       0000000000000048  0000000000000018   I      5503   4349     8
  [4351] .text._ZN3ro[...] PROGBITS         0000000000000000  0002ac74
       00000000000000e8  0000000000000000 AXG       0     0     4
  [4352] .rela.text._[...] RELA             0000000000000000  0023d560
       0000000000000060  0000000000000018   I      5503   4351     8
  [4353] .text._ZN3ro[...] PROGBITS         0000000000000000  0002ad5c
       00000000000000b4  0000000000000000 AXG       0     0     4
  [4354] .rela.text._[...] RELA             0000000000000000  0023d5c0
       0000000000000048  0000000000000018   I      5503   4353     8
  [4355] .text._ZN3ro[...] PROGBITS         0000000000000000  0002ae10
       0000000000000078  0000000000000000 AXG       0     0     4
  [4356] .rela.text._[...] RELA             0000000000000000  0023d608
       0000000000000048  0000000000000018   I      5503   4355     8
  [4357] .text._ZN3ro[...] PROGBITS         0000000000000000  0002ae88
       0000000000000098  0000000000000000 AXG       0     0     4
  [4358] .rela.text._[...] RELA             0000000000000000  0023d650
       0000000000000060  0000000000000018   I      5503   4357     8
  [4359] .text._ZN3ro[...] PROGBITS         0000000000000000  0002af20
       0000000000000078  0000000000000000 AXG       0     0     4
  [4360] .rela.text._[...] RELA             0000000000000000  0023d6b0
       0000000000000048  0000000000000018   I      5503   4359     8
  [4361] .rodata._ZTV[...] PROGBITS         0000000000000000  0002af98
       0000000000000040  0000000000000000  AG       0     0     8
  [4362] .rela.rodata[...] RELA             0000000000000000  0023d6f8
       00000000000000a8  0000000000000018   I      5503   4361     8
  [4363] .text._ZN5bo[...] PROGBITS         0000000000000000  0002afd8
       0000000000000050  0000000000000000 AXG       0     0     8
  [4364] .rela.text._[...] RELA             0000000000000000  0023d7a0
       0000000000000060  0000000000000018   I      5503   4363     8
  [4365] .text._ZN5bo[...] PROGBITS         0000000000000000  0002b028
       0000000000000024  0000000000000000 AXG       0     0     4
  [4366] .rela.text._[...] RELA             0000000000000000  0023d800
       0000000000000030  0000000000000018   I      5503   4365     8
  [4367] .rodata._ZTV[...] PROGBITS         0000000000000000  0002b050
       0000000000000040  0000000000000000  AG       0     0     8
  [4368] .rela.rodata[...] RELA             0000000000000000  0023d830
       00000000000000a8  0000000000000018   I      5503   4367     8
  [4369] .text._ZN5bo[...] PROGBITS         0000000000000000  0002b090
       0000000000000050  0000000000000000 AXG       0     0     8
  [4370] .rela.text._[...] RELA             0000000000000000  0023d8d8
       0000000000000060  0000000000000018   I      5503   4369     8
  [4371] .text._ZN5bo[...] PROGBITS         0000000000000000  0002b0e0
       0000000000000024  0000000000000000 AXG       0     0     4
  [4372] .rela.text._[...] RELA             0000000000000000  0023d938
       0000000000000030  0000000000000018   I      5503   4371     8
  [4373] .rodata._ZTV[...] PROGBITS         0000000000000000  0002b108
       0000000000000040  0000000000000000  AG       0     0     8
  [4374] .rela.rodata[...] RELA             0000000000000000  0023d968
       00000000000000a8  0000000000000018   I      5503   4373     8
  [4375] .text._ZN5bo[...] PROGBITS         0000000000000000  0002b148
       0000000000000050  0000000000000000 AXG       0     0     8
  [4376] .rela.text._[...] RELA             0000000000000000  0023da10
       0000000000000060  0000000000000018   I      5503   4375     8
  [4377] .text._ZN5bo[...] PROGBITS         0000000000000000  0002b198
       0000000000000024  0000000000000000 AXG       0     0     4
  [4378] .rela.text._[...] RELA             0000000000000000  0023da70
       0000000000000030  0000000000000018   I      5503   4377     8
  [4379] .rodata._ZTV[...] PROGBITS         0000000000000000  0002b1c0
       0000000000000040  0000000000000000  AG       0     0     8
  [4380] .rela.rodata[...] RELA             0000000000000000  0023daa0
       00000000000000a8  0000000000000018   I      5503   4379     8
  [4381] .text._ZN5bo[...] PROGBITS         0000000000000000  0002b200
       0000000000000050  0000000000000000 AXG       0     0     8
  [4382] .rela.text._[...] RELA             0000000000000000  0023db48
       0000000000000060  0000000000000018   I      5503   4381     8
  [4383] .text._ZN5bo[...] PROGBITS         0000000000000000  0002b250
       0000000000000024  0000000000000000 AXG       0     0     4
  [4384] .rela.text._[...] RELA             0000000000000000  0023dba8
       0000000000000030  0000000000000018   I      5503   4383     8
  [4385] .rodata._ZTV[...] PROGBITS         0000000000000000  0002b278
       0000000000000040  0000000000000000  AG       0     0     8
  [4386] .rela.rodata[...] RELA             0000000000000000  0023dbd8
       00000000000000a8  0000000000000018   I      5503   4385     8
  [4387] .text._ZN5bo[...] PROGBITS         0000000000000000  0002b2b8
       0000000000000050  0000000000000000 AXG       0     0     8
  [4388] .rela.text._[...] RELA             0000000000000000  0023dc80
       0000000000000060  0000000000000018   I      5503   4387     8
  [4389] .text._ZN5bo[...] PROGBITS         0000000000000000  0002b308
       0000000000000024  0000000000000000 AXG       0     0     4
  [4390] .rela.text._[...] RELA             0000000000000000  0023dce0
       0000000000000030  0000000000000018   I      5503   4389     8
  [4391] .rodata._ZTV[...] PROGBITS         0000000000000000  0002b330
       0000000000000040  0000000000000000  AG       0     0     8
  [4392] .rela.rodata[...] RELA             0000000000000000  0023dd10
       00000000000000a8  0000000000000018   I      5503   4391     8
  [4393] .text._ZN5bo[...] PROGBITS         0000000000000000  0002b370
       0000000000000050  0000000000000000 AXG       0     0     8
  [4394] .rela.text._[...] RELA             0000000000000000  0023ddb8
       0000000000000060  0000000000000018   I      5503   4393     8
  [4395] .text._ZN5bo[...] PROGBITS         0000000000000000  0002b3c0
       0000000000000024  0000000000000000 AXG       0     0     4
  [4396] .rela.text._[...] RELA             0000000000000000  0023de18
       0000000000000030  0000000000000018   I      5503   4395     8
  [4397] .rodata._ZTV[...] PROGBITS         0000000000000000  0002b3e8
       0000000000000040  0000000000000000  AG       0     0     8
  [4398] .rela.rodata[...] RELA             0000000000000000  0023de48
       00000000000000a8  0000000000000018   I      5503   4397     8
  [4399] .text._ZN5bo[...] PROGBITS         0000000000000000  0002b428
       0000000000000050  0000000000000000 AXG       0     0     8
  [4400] .rela.text._[...] RELA             0000000000000000  0023def0
       0000000000000060  0000000000000018   I      5503   4399     8
  [4401] .text._ZN5bo[...] PROGBITS         0000000000000000  0002b478
       0000000000000024  0000000000000000 AXG       0     0     4
  [4402] .rela.text._[...] RELA             0000000000000000  0023df50
       0000000000000030  0000000000000018   I      5503   4401     8
  [4403] .rodata._ZTV[...] PROGBITS         0000000000000000  0002b4a0
       0000000000000040  0000000000000000  AG       0     0     8
  [4404] .rela.rodata[...] RELA             0000000000000000  0023df80
       00000000000000a8  0000000000000018   I      5503   4403     8
  [4405] .text._ZN5bo[...] PROGBITS         0000000000000000  0002b4e0
       0000000000000050  0000000000000000 AXG       0     0     8
  [4406] .rela.text._[...] RELA             0000000000000000  0023e028
       0000000000000060  0000000000000018   I      5503   4405     8
  [4407] .text._ZN5bo[...] PROGBITS         0000000000000000  0002b530
       0000000000000024  0000000000000000 AXG       0     0     4
  [4408] .rela.text._[...] RELA             0000000000000000  0023e088
       0000000000000030  0000000000000018   I      5503   4407     8
  [4409] .rodata._ZTV[...] PROGBITS         0000000000000000  0002b558
       0000000000000040  0000000000000000  AG       0     0     8
  [4410] .rela.rodata[...] RELA             0000000000000000  0023e0b8
       00000000000000a8  0000000000000018   I      5503   4409     8
  [4411] .text._ZN5bo[...] PROGBITS         0000000000000000  0002b598
       0000000000000050  0000000000000000 AXG       0     0     8
  [4412] .rela.text._[...] RELA             0000000000000000  0023e160
       0000000000000060  0000000000000018   I      5503   4411     8
  [4413] .text._ZN5bo[...] PROGBITS         0000000000000000  0002b5e8
       0000000000000024  0000000000000000 AXG       0     0     4
  [4414] .rela.text._[...] RELA             0000000000000000  0023e1c0
       0000000000000030  0000000000000018   I      5503   4413     8
  [4415] .rodata._ZTV[...] PROGBITS         0000000000000000  0002b610
       0000000000000040  0000000000000000  AG       0     0     8
  [4416] .rela.rodata[...] RELA             0000000000000000  0023e1f0
       00000000000000a8  0000000000000018   I      5503   4415     8
  [4417] .text._ZN5bo[...] PROGBITS         0000000000000000  0002b650
       0000000000000050  0000000000000000 AXG       0     0     8
  [4418] .rela.text._[...] RELA             0000000000000000  0023e298
       0000000000000060  0000000000000018   I      5503   4417     8
  [4419] .text._ZN5bo[...] PROGBITS         0000000000000000  0002b6a0
       0000000000000024  0000000000000000 AXG       0     0     4
  [4420] .rela.text._[...] RELA             0000000000000000  0023e2f8
       0000000000000030  0000000000000018   I      5503   4419     8
  [4421] .rodata._ZTV[...] PROGBITS         0000000000000000  0002b6c8
       0000000000000040  0000000000000000  AG       0     0     8
  [4422] .rela.rodata[...] RELA             0000000000000000  0023e328
       00000000000000a8  0000000000000018   I      5503   4421     8
  [4423] .text._ZN5bo[...] PROGBITS         0000000000000000  0002b708
       0000000000000048  0000000000000000 AXG       0     0     8
  [4424] .rela.text._[...] RELA             0000000000000000  0023e3d0
       0000000000000048  0000000000000018   I      5503   4423     8
  [4425] .text._ZN5bo[...] PROGBITS         0000000000000000  0002b750
       0000000000000024  0000000000000000 AXG       0     0     4
  [4426] .rela.text._[...] RELA             0000000000000000  0023e418
       0000000000000030  0000000000000018   I      5503   4425     8
  [4427] .rodata._ZTV[...] PROGBITS         0000000000000000  0002b778
       0000000000000040  0000000000000000  AG       0     0     8
  [4428] .rela.rodata[...] RELA             0000000000000000  0023e448
       00000000000000a8  0000000000000018   I      5503   4427     8
  [4429] .text._ZN5bo[...] PROGBITS         0000000000000000  0002b7b8
       0000000000000048  0000000000000000 AXG       0     0     8
  [4430] .rela.text._[...] RELA             0000000000000000  0023e4f0
       0000000000000048  0000000000000018   I      5503   4429     8
  [4431] .text._ZN5bo[...] PROGBITS         0000000000000000  0002b800
       0000000000000024  0000000000000000 AXG       0     0     4
  [4432] .rela.text._[...] RELA             0000000000000000  0023e538
       0000000000000030  0000000000000018   I      5503   4431     8
  [4433] .rodata._ZTV[...] PROGBITS         0000000000000000  0002b828
       0000000000000040  0000000000000000  AG       0     0     8
  [4434] .rela.rodata[...] RELA             0000000000000000  0023e568
       00000000000000a8  0000000000000018   I      5503   4433     8
  [4435] .text._ZN5bo[...] PROGBITS         0000000000000000  0002b868
       0000000000000048  0000000000000000 AXG       0     0     8
  [4436] .rela.text._[...] RELA             0000000000000000  0023e610
       0000000000000048  0000000000000018   I      5503   4435     8
  [4437] .text._ZN5bo[...] PROGBITS         0000000000000000  0002b8b0
       0000000000000024  0000000000000000 AXG       0     0     4
  [4438] .rela.text._[...] RELA             0000000000000000  0023e658
       0000000000000030  0000000000000018   I      5503   4437     8
  [4439] .rodata._ZTV[...] PROGBITS         0000000000000000  0002b8d8
       0000000000000048  0000000000000000  AG       0     0     8
  [4440] .rela.rodata[...] RELA             0000000000000000  0023e688
       00000000000000c0  0000000000000018   I      5503   4439     8
  [4441] .rodata._ZTV[...] PROGBITS         0000000000000000  0002b920
       0000000000000048  0000000000000000  AG       0     0     8
  [4442] .rela.rodata[...] RELA             0000000000000000  0023e748
       00000000000000c0  0000000000000018   I      5503   4441     8
  [4443] .rodata._ZTV[...] PROGBITS         0000000000000000  0002b968
       0000000000000048  0000000000000000  AG       0     0     8
  [4444] .rela.rodata[...] RELA             0000000000000000  0023e808
       00000000000000c0  0000000000000018   I      5503   4443     8
  [4445] .rodata._ZTV[...] PROGBITS         0000000000000000  0002b9b0
       0000000000000048  0000000000000000  AG       0     0     8
  [4446] .rela.rodata[...] RELA             0000000000000000  0023e8c8
       00000000000000c0  0000000000000018   I      5503   4445     8
  [4447] .rodata._ZTV[...] PROGBITS         0000000000000000  0002b9f8
       0000000000000048  0000000000000000  AG       0     0     8
  [4448] .rela.rodata[...] RELA             0000000000000000  0023e988
       00000000000000c0  0000000000000018   I      5503   4447     8
  [4449] .rodata._ZTV[...] PROGBITS         0000000000000000  0002ba40
       00000000000000a8  0000000000000000  AG       0     0     8
  [4450] .rela.rodata[...] RELA             0000000000000000  0023ea48
       0000000000000150  0000000000000018   I      5503   4449     8
  [4451] .rodata._ZTT[...] PROGBITS         0000000000000000  0002bae8
       0000000000000010  0000000000000000  AG       0     0     8
  [4452] .rela.rodata[...] RELA             0000000000000000  0023eb98
       0000000000000030  0000000000000018   I      5503   4451     8
  [4453] .rodata._ZTV[...] PROGBITS         0000000000000000  0002baf8
       0000000000000048  0000000000000000  AG       0     0     8
  [4454] .rela.rodata[...] RELA             0000000000000000  0023ebc8
       00000000000000a8  0000000000000018   I      5503   4453     8
  [4455] .rodata._ZTV[...] PROGBITS         0000000000000000  0002bb40
       00000000000000a8  0000000000000000  AG       0     0     8
  [4456] .rela.rodata[...] RELA             0000000000000000  0023ec70
       0000000000000150  0000000000000018   I      5503   4455     8
  [4457] .rodata._ZTT[...] PROGBITS         0000000000000000  0002bbe8
       0000000000000010  0000000000000000  AG       0     0     8
  [4458] .rela.rodata[...] RELA             0000000000000000  0023edc0
       0000000000000030  0000000000000018   I      5503   4457     8
  [4459] .rodata._ZTV[...] PROGBITS         0000000000000000  0002bbf8
       00000000000000a8  0000000000000000  AG       0     0     8
  [4460] .rela.rodata[...] RELA             0000000000000000  0023edf0
       0000000000000150  0000000000000018   I      5503   4459     8
  [4461] .rodata._ZTT[...] PROGBITS         0000000000000000  0002bca0
       0000000000000010  0000000000000000  AG       0     0     8
  [4462] .rela.rodata[...] RELA             0000000000000000  0023ef40
       0000000000000030  0000000000000018   I      5503   4461     8
  [4463] .rodata._ZTV[...] PROGBITS         0000000000000000  0002bcb0
       0000000000000048  0000000000000000  AG       0     0     8
  [4464] .rela.rodata[...] RELA             0000000000000000  0023ef70
       00000000000000a8  0000000000000018   I      5503   4463     8
  [4465] .rodata._ZTV[...] PROGBITS         0000000000000000  0002bcf8
       0000000000000048  0000000000000000  AG       0     0     8
  [4466] .rela.rodata[...] RELA             0000000000000000  0023f018
       00000000000000a8  0000000000000018   I      5503   4465     8
  [4467] .rodata._ZTV[...] PROGBITS         0000000000000000  0002bd40
       0000000000000028  0000000000000000  AG       0     0     8
  [4468] .rela.rodata[...] RELA             0000000000000000  0023f0c0
       0000000000000060  0000000000000018   I      5503   4467     8
  [4469] .rodata._ZTV[...] PROGBITS         0000000000000000  0002bd68
       0000000000000048  0000000000000000  AG       0     0     8
  [4470] .rela.rodata[...] RELA             0000000000000000  0023f120
       0000000000000090  0000000000000018   I      5503   4469     8
  [4471] .rodata._ZTV[...] PROGBITS         0000000000000000  0002bdb0
       0000000000000028  0000000000000000  AG       0     0     8
  [4472] .rela.rodata[...] RELA             0000000000000000  0023f1b0
       0000000000000060  0000000000000018   I      5503   4471     8
  [4473] .rodata._ZTV[...] PROGBITS         0000000000000000  0002bdd8
       0000000000000040  0000000000000000  AG       0     0     8
  [4474] .rela.rodata[...] RELA             0000000000000000  0023f210
       0000000000000078  0000000000000018   I      5503   4473     8
  [4475] .rodata._ZTV[...] PROGBITS         0000000000000000  0002be18
       0000000000000030  0000000000000000  AG       0     0     8
  [4476] .rela.rodata[...] RELA             0000000000000000  0023f288
       0000000000000048  0000000000000018   I      5503   4475     8
  [4477] .rodata._ZTV[...] PROGBITS         0000000000000000  0002be48
       0000000000000020  0000000000000000  AG       0     0     8
  [4478] .rela.rodata[...] RELA             0000000000000000  0023f2d0
       0000000000000048  0000000000000018   I      5503   4477     8
  [4479] .rodata._ZTI[...] PROGBITS         0000000000000000  0002be68
       0000000000000018  0000000000000000  AG       0     0     8
  [4480] .rela.rodata[...] RELA             0000000000000000  0023f318
       0000000000000048  0000000000000018   I      5503   4479     8
  [4481] .rodata._ZTS[...] PROGBITS         0000000000000000  0002be80
       0000000000000062  0000000000000000  AG       0     0     8
  [4482] .rodata._ZTI[...] PROGBITS         0000000000000000  0002bee8
       0000000000000018  0000000000000000  AG       0     0     8
  [4483] .rela.rodata[...] RELA             0000000000000000  0023f360
       0000000000000048  0000000000000018   I      5503   4482     8
  [4484] .rodata._ZTS[...] PROGBITS         0000000000000000  0002bf00
       000000000000005f  0000000000000000  AG       0     0     8
  [4485] .rodata._ZTI[...] PROGBITS         0000000000000000  0002bf60
       0000000000000018  0000000000000000  AG       0     0     8
  [4486] .rela.rodata[...] RELA             0000000000000000  0023f3a8
       0000000000000048  0000000000000018   I      5503   4485     8
  [4487] .rodata._ZTS[...] PROGBITS         0000000000000000  0002bf78
       0000000000000060  0000000000000000  AG       0     0     8
  [4488] .rodata._ZTI[...] PROGBITS         0000000000000000  0002bfd8
       0000000000000018  0000000000000000  AG       0     0     8
  [4489] .rela.rodata[...] RELA             0000000000000000  0023f3f0
       0000000000000048  0000000000000018   I      5503   4488     8
  [4490] .rodata._ZTS[...] PROGBITS         0000000000000000  0002bff0
       0000000000000065  0000000000000000  AG       0     0     8
  [4491] .rodata._ZTI[...] PROGBITS         0000000000000000  0002c058
       0000000000000018  0000000000000000  AG       0     0     8
  [4492] .rela.rodata[...] RELA             0000000000000000  0023f438
       0000000000000048  0000000000000018   I      5503   4491     8
  [4493] .rodata._ZTS[...] PROGBITS         0000000000000000  0002c070
       000000000000005b  0000000000000000  AG       0     0     8
  [4494] .rodata._ZTI[...] PROGBITS         0000000000000000  0002c0d0
       0000000000000018  0000000000000000  AG       0     0     8
  [4495] .rela.rodata[...] RELA             0000000000000000  0023f480
       0000000000000048  0000000000000018   I      5503   4494     8
  [4496] .rodata._ZTS[...] PROGBITS         0000000000000000  0002c0e8
       000000000000004e  0000000000000000  AG       0     0     8
  [4497] .rodata._ZTI[...] PROGBITS         0000000000000000  0002c138
       0000000000000018  0000000000000000  AG       0     0     8
  [4498] .rela.rodata[...] RELA             0000000000000000  0023f4c8
       0000000000000048  0000000000000018   I      5503   4497     8
  [4499] .rodata._ZTS[...] PROGBITS         0000000000000000  0002c150
       000000000000004b  0000000000000000  AG       0     0     8
  [4500] .rodata._ZTI[...] PROGBITS         0000000000000000  0002c1a0
       0000000000000018  0000000000000000  AG       0     0     8
  [4501] .rela.rodata[...] RELA             0000000000000000  0023f510
       0000000000000048  0000000000000018   I      5503   4500     8
  [4502] .rodata._ZTS[...] PROGBITS         0000000000000000  0002c1b8
       000000000000004b  0000000000000000  AG       0     0     8
  [4503] .rodata._ZTI[...] PROGBITS         0000000000000000  0002c208
       0000000000000018  0000000000000000  AG       0     0     8
  [4504] .rela.rodata[...] RELA             0000000000000000  0023f558
       0000000000000048  0000000000000018   I      5503   4503     8
  [4505] .rodata._ZTS[...] PROGBITS         0000000000000000  0002c220
       0000000000000050  0000000000000000  AG       0     0     8
  [4506] .rodata._ZTI[...] PROGBITS         0000000000000000  0002c270
       0000000000000018  0000000000000000  AG       0     0     8
  [4507] .rela.rodata[...] RELA             0000000000000000  0023f5a0
       0000000000000048  0000000000000018   I      5503   4506     8
  [4508] .rodata._ZTS[...] PROGBITS         0000000000000000  0002c288
       0000000000000047  0000000000000000  AG       0     0     8
  [4509] .rodata._ZTI[...] PROGBITS         0000000000000000  0002c2d0
       0000000000000010  0000000000000000  AG       0     0     8
  [4510] .rela.rodata[...] RELA             0000000000000000  0023f5e8
       0000000000000030  0000000000000018   I      5503   4509     8
  [4511] .rodata._ZTS[...] PROGBITS         0000000000000000  0002c2e0
       000000000000007c  0000000000000000  AG       0     0     8
  [4512] .rodata._ZTI[...] PROGBITS         0000000000000000  0002c360
       0000000000000010  0000000000000000  AG       0     0     8
  [4513] .rela.rodata[...] RELA             0000000000000000  0023f618
       0000000000000030  0000000000000018   I      5503   4512     8
  [4514] .rodata._ZTS[...] PROGBITS         0000000000000000  0002c370
       000000000000007f  0000000000000000  AG       0     0     8
  [4515] .rodata._ZTI[...] PROGBITS         0000000000000000  0002c3f0
       0000000000000010  0000000000000000  AG       0     0     8
  [4516] .rela.rodata[...] RELA             0000000000000000  0023f648
       0000000000000030  0000000000000018   I      5503   4515     8
  [4517] .rodata._ZTS[...] PROGBITS         0000000000000000  0002c400
       0000000000000079  0000000000000000  AG       0     0     8
  [4518] .rodata._ZTI[...] PROGBITS         0000000000000000  0002c480
       0000000000000010  0000000000000000  AG       0     0     8
  [4519] .rela.rodata[...] RELA             0000000000000000  0023f678
       0000000000000030  0000000000000018   I      5503   4518     8
  [4520] .rodata._ZTS[...] PROGBITS         0000000000000000  0002c490
       0000000000000078  0000000000000000  AG       0     0     8
  [4521] .rodata._ZTI[...] PROGBITS         0000000000000000  0002c508
       0000000000000018  0000000000000000  AG       0     0     8
  [4522] .rela.rodata[...] RELA             0000000000000000  0023f6a8
       0000000000000048  0000000000000018   I      5503   4521     8
  [4523] .rodata._ZTS[...] PROGBITS         0000000000000000  0002c520
       000000000000009d  0000000000000000  AG       0     0     8
  [4524] .rodata._ZTI[...] PROGBITS         0000000000000000  0002c5c0
       0000000000000010  0000000000000000  AG       0     0     8
  [4525] .rela.rodata[...] RELA             0000000000000000  0023f6f0
       0000000000000030  0000000000000018   I      5503   4524     8
  [4526] .rodata._ZTS[...] PROGBITS         0000000000000000  0002c5d0
       0000000000000042  0000000000000000  AG       0     0     8
  [4527] .rodata._ZTI[...] PROGBITS         0000000000000000  0002c618
       0000000000000020  0000000000000000  AG       0     0     8
  [4528] .rela.rodata[...] RELA             0000000000000000  0023f720
       0000000000000048  0000000000000018   I      5503   4527     8
  [4529] .rodata._ZTS[...] PROGBITS         0000000000000000  0002c638
       0000000000000040  0000000000000000  AG       0     0     8
  [4530] .rodata._ZTI[...] PROGBITS         0000000000000000  0002c678
       0000000000000018  0000000000000000  AG       0     0     8
  [4531] .rela.rodata[...] RELA             0000000000000000  0023f768
       0000000000000048  0000000000000018   I      5503   4530     8
  [4532] .rodata._ZTS[...] PROGBITS         0000000000000000  0002c690
       000000000000009a  0000000000000000  AG       0     0     8
  [4533] .rodata._ZTI[...] PROGBITS         0000000000000000  0002c730
       0000000000000010  0000000000000000  AG       0     0     8
  [4534] .rela.rodata[...] RELA             0000000000000000  0023f7b0
       0000000000000030  0000000000000018   I      5503   4533     8
  [4535] .rodata._ZTS[...] PROGBITS         0000000000000000  0002c740
       000000000000003f  0000000000000000  AG       0     0     8
  [4536] .rodata._ZTI[...] PROGBITS         0000000000000000  0002c780
       0000000000000020  0000000000000000  AG       0     0     8
  [4537] .rela.rodata[...] RELA             0000000000000000  0023f7e0
       0000000000000048  0000000000000018   I      5503   4536     8
  [4538] .rodata._ZTS[...] PROGBITS         0000000000000000  0002c7a0
       000000000000003d  0000000000000000  AG       0     0     8
  [4539] .rodata._ZTI[...] PROGBITS         0000000000000000  0002c7e0
       0000000000000018  0000000000000000  AG       0     0     8
  [4540] .rela.rodata[...] RELA             0000000000000000  0023f828
       0000000000000048  0000000000000018   I      5503   4539     8
  [4541] .rodata._ZTS[...] PROGBITS         0000000000000000  0002c7f8
       000000000000009a  0000000000000000  AG       0     0     8
  [4542] .rodata._ZTI[...] PROGBITS         0000000000000000  0002c898
       0000000000000010  0000000000000000  AG       0     0     8
  [4543] .rela.rodata[...] RELA             0000000000000000  0023f870
       0000000000000030  0000000000000018   I      5503   4542     8
  [4544] .rodata._ZTS[...] PROGBITS         0000000000000000  0002c8a8
       0000000000000040  0000000000000000  AG       0     0     8
  [4545] .rodata._ZTI[...] PROGBITS         0000000000000000  0002c8e8
       0000000000000020  0000000000000000  AG       0     0     8
  [4546] .rela.rodata[...] RELA             0000000000000000  0023f8a0
       0000000000000048  0000000000000018   I      5503   4545     8
  [4547] .rodata._ZTS[...] PROGBITS         0000000000000000  0002c908
       000000000000003d  0000000000000000  AG       0     0     8
  [4548] .rodata._ZTI[...] PROGBITS         0000000000000000  0002c948
       0000000000000018  0000000000000000  AG       0     0     8
  [4549] .rela.rodata[...] RELA             0000000000000000  0023f8e8
       0000000000000048  0000000000000018   I      5503   4548     8
  [4550] .rodata._ZTS[...] PROGBITS         0000000000000000  0002c960
       000000000000009f  0000000000000000  AG       0     0     8
  [4551] .rodata._ZTI[...] PROGBITS         0000000000000000  0002ca00
       0000000000000010  0000000000000000  AG       0     0     8
  [4552] .rela.rodata[...] RELA             0000000000000000  0023f930
       0000000000000030  0000000000000018   I      5503   4551     8
  [4553] .rodata._ZTS[...] PROGBITS         0000000000000000  0002ca10
       0000000000000045  0000000000000000  AG       0     0     8
  [4554] .rodata._ZTI[...] PROGBITS         0000000000000000  0002ca58
       0000000000000020  0000000000000000  AG       0     0     8
  [4555] .rela.rodata[...] RELA             0000000000000000  0023f960
       0000000000000048  0000000000000018   I      5503   4554     8
  [4556] .rodata._ZTS[...] PROGBITS         0000000000000000  0002ca78
       0000000000000042  0000000000000000  AG       0     0     8
  [4557] .rodata._ZTI[...] PROGBITS         0000000000000000  0002cac0
       0000000000000018  0000000000000000  AG       0     0     8
  [4558] .rela.rodata[...] RELA             0000000000000000  0023f9a8
       0000000000000048  0000000000000018   I      5503   4557     8
  [4559] .rodata._ZTS[...] PROGBITS         0000000000000000  0002cad8
       0000000000000096  0000000000000000  AG       0     0     8
  [4560] .rodata._ZTI[...] PROGBITS         0000000000000000  0002cb70
       0000000000000010  0000000000000000  AG       0     0     8
  [4561] .rela.rodata[...] RELA             0000000000000000  0023f9f0
       0000000000000030  0000000000000018   I      5503   4560     8
  [4562] .rodata._ZTS[...] PROGBITS         0000000000000000  0002cb80
       000000000000003b  0000000000000000  AG       0     0     8
  [4563] .rodata._ZTI[...] PROGBITS         0000000000000000  0002cbc0
       0000000000000020  0000000000000000  AG       0     0     8
  [4564] .rela.rodata[...] RELA             0000000000000000  0023fa20
       0000000000000048  0000000000000018   I      5503   4563     8
  [4565] .rodata._ZTS[...] PROGBITS         0000000000000000  0002cbe0
       0000000000000039  0000000000000000  AG       0     0     8
  [4566] .rodata._ZTI[...] PROGBITS         0000000000000000  0002cc20
       0000000000000010  0000000000000000  AG       0     0     8
  [4567] .rela.rodata[...] RELA             0000000000000000  0023fa68
       0000000000000030  0000000000000018   I      5503   4566     8
  [4568] .rodata._ZTS[...] PROGBITS         0000000000000000  0002cc30
       0000000000000082  0000000000000000  AG       0     0     8
  [4569] .rodata._ZTI[...] PROGBITS         0000000000000000  0002ccb8
       0000000000000018  0000000000000000  AG       0     0     8
  [4570] .rela.rodata[...] RELA             0000000000000000  0023fa98
       0000000000000048  0000000000000018   I      5503   4569     8
  [4571] .rodata._ZTS[...] PROGBITS         0000000000000000  0002ccd0
       0000000000000046  0000000000000000  AG       0     0     8
  [4572] .rodata._ZTI[...] PROGBITS         0000000000000000  0002cd18
       0000000000000018  0000000000000000  AG       0     0     8
  [4573] .rela.rodata[...] RELA             0000000000000000  0023fae0
       0000000000000048  0000000000000018   I      5503   4572     8
  [4574] .rodata._ZTS[...] PROGBITS         0000000000000000  0002cd30
       000000000000005e  0000000000000000  AG       0     0     8
  [4575] .rodata._ZTI[...] PROGBITS         0000000000000000  0002cd90
       0000000000000018  0000000000000000  AG       0     0     8
  [4576] .rela.rodata[...] RELA             0000000000000000  0023fb28
       0000000000000048  0000000000000018   I      5503   4575     8
  [4577] .rodata._ZTS[...] PROGBITS         0000000000000000  0002cda8
       000000000000005a  0000000000000000  AG       0     0     8
  [4578] .rodata._ZTI[...] PROGBITS         0000000000000000  0002ce08
       0000000000000018  0000000000000000  AG       0     0     8
  [4579] .rela.rodata[...] RELA             0000000000000000  0023fb70
       0000000000000048  0000000000000018   I      5503   4578     8
  [4580] .rodata._ZTS[...] PROGBITS         0000000000000000  0002ce20
       0000000000000062  0000000000000000  AG       0     0     8
  [4581] .rodata._ZTI[...] PROGBITS         0000000000000000  0002ce88
       0000000000000018  0000000000000000  AG       0     0     8
  [4582] .rela.rodata[...] RELA             0000000000000000  0023fbb8
       0000000000000048  0000000000000018   I      5503   4581     8
  [4583] .rodata._ZTS[...] PROGBITS         0000000000000000  0002cea0
       000000000000005f  0000000000000000  AG       0     0     8
  [4584] .rodata._ZTI[...] PROGBITS         0000000000000000  0002cf00
       0000000000000018  0000000000000000  AG       0     0     8
  [4585] .rela.rodata[...] RELA             0000000000000000  0023fc00
       0000000000000048  0000000000000018   I      5503   4584     8
  [4586] .rodata._ZTS[...] PROGBITS         0000000000000000  0002cf18
       000000000000005f  0000000000000000  AG       0     0     8
  [4587] .rodata._ZTI[...] PROGBITS         0000000000000000  0002cf78
       0000000000000018  0000000000000000  AG       0     0     8
  [4588] .rela.rodata[...] RELA             0000000000000000  0023fc48
       0000000000000048  0000000000000018   I      5503   4587     8
  [4589] .rodata._ZTS[...] PROGBITS         0000000000000000  0002cf90
       0000000000000064  0000000000000000  AG       0     0     8
  [4590] .rodata._ZTI[...] PROGBITS         0000000000000000  0002cff8
       0000000000000018  0000000000000000  AG       0     0     8
  [4591] .rela.rodata[...] RELA             0000000000000000  0023fc90
       0000000000000048  0000000000000018   I      5503   4590     8
  [4592] .rodata._ZTS[...] PROGBITS         0000000000000000  0002d010
       000000000000005b  0000000000000000  AG       0     0     8
  [4593] .rodata._ZTI[...] PROGBITS         0000000000000000  0002d070
       0000000000000038  0000000000000000  AG       0     0     8
  [4594] .rela.rodata[...] RELA             0000000000000000  0023fcd8
       0000000000000060  0000000000000018   I      5503   4593     8
  [4595] .rodata._ZTS[...] PROGBITS         0000000000000000  0002d0a8
       000000000000005c  0000000000000000  AG       0     0     8
  [4596] .rodata._ZTI[...] PROGBITS         0000000000000000  0002d108
       0000000000000038  0000000000000000  AG       0     0     8
  [4597] .rela.rodata[...] RELA             0000000000000000  0023fd38
       0000000000000060  0000000000000018   I      5503   4596     8
  [4598] .rodata._ZTS[...] PROGBITS         0000000000000000  0002d140
       0000000000000049  0000000000000000  AG       0     0     8
  [4599] .rodata._ZTI[...] PROGBITS         0000000000000000  0002d190
       0000000000000038  0000000000000000  AG       0     0     8
  [4600] .rela.rodata[...] RELA             0000000000000000  0023fd98
       0000000000000060  0000000000000018   I      5503   4599     8
  [4601] .rodata._ZTS[...] PROGBITS         0000000000000000  0002d1c8
       000000000000003e  0000000000000000  AG       0     0     8
  [4602] .rodata._ZTI[...] PROGBITS         0000000000000000  0002d208
       0000000000000038  0000000000000000  AG       0     0     8
  [4603] .rela.rodata[...] RELA             0000000000000000  0023fdf8
       0000000000000060  0000000000000018   I      5503   4602     8
  [4604] .rodata._ZTS[...] PROGBITS         0000000000000000  0002d240
       000000000000003a  0000000000000000  AG       0     0     8
  [4605] .rodata._ZTI[...] PROGBITS         0000000000000000  0002d280
       0000000000000038  0000000000000000  AG       0     0     8
  [4606] .rela.rodata[...] RELA             0000000000000000  0023fe58
       0000000000000060  0000000000000018   I      5503   4605     8
  [4607] .rodata._ZTS[...] PROGBITS         0000000000000000  0002d2b8
       000000000000002b  0000000000000000  AG       0     0     8
  [4608] .rodata._ZTI[...] PROGBITS         0000000000000000  0002d2e8
       0000000000000038  0000000000000000  AG       0     0     8
  [4609] .rela.rodata[...] RELA             0000000000000000  0023feb8
       0000000000000060  0000000000000018   I      5503   4608     8
  [4610] .rodata._ZTS[...] PROGBITS         0000000000000000  0002d320
       0000000000000027  0000000000000000  AG       0     0     8
  [4611] .rodata._ZTI[...] PROGBITS         0000000000000000  0002d348
       0000000000000018  0000000000000000  AG       0     0     8
  [4612] .rela.rodata[...] RELA             0000000000000000  0023ff18
       0000000000000048  0000000000000018   I      5503   4611     8
  [4613] .rodata._ZTS[...] PROGBITS         0000000000000000  0002d360
       000000000000001e  0000000000000000  AG       0     0     8
  [4614] .rodata._ZTI[...] PROGBITS         0000000000000000  0002d380
       0000000000000010  0000000000000000  AG       0     0     8
  [4615] .rela.rodata[...] RELA             0000000000000000  0023ff60
       0000000000000030  0000000000000018   I      5503   4614     8
  [4616] .rodata._ZTS[...] PROGBITS         0000000000000000  0002d390
       0000000000000023  0000000000000000  AG       0     0     8
  [4617] .rodata._ZTI[...] PROGBITS         0000000000000000  0002d3b8
       0000000000000018  0000000000000000  AG       0     0     8
  [4618] .rela.rodata[...] RELA             0000000000000000  0023ff90
       0000000000000048  0000000000000018   I      5503   4617     8
  [4619] .rodata._ZTS[...] PROGBITS         0000000000000000  0002d3d0
       000000000000001c  0000000000000000  AG       0     0     8
  [4620] .rodata._ZTI[...] PROGBITS         0000000000000000  0002d3f0
       0000000000000010  0000000000000000  AG       0     0     8
  [4621] .rela.rodata[...] RELA             0000000000000000  0023ffd8
       0000000000000030  0000000000000018   I      5503   4620     8
  [4622] .rodata._ZTS[...] PROGBITS         0000000000000000  0002d400
       0000000000000021  0000000000000000  AG       0     0     8
  [4623] .rodata._ZTI[...] PROGBITS         0000000000000000  0002d428
       0000000000000010  0000000000000000  AG       0     0     8
  [4624] .rela.rodata[...] RELA             0000000000000000  00240008
       0000000000000030  0000000000000018   I      5503   4623     8
  [4625] .rodata._ZTS[...] PROGBITS         0000000000000000  0002d438
       0000000000000027  0000000000000000  AG       0     0     8
  [4626] .rodata._ZTI[...] PROGBITS         0000000000000000  0002d460
       0000000000000010  0000000000000000  AG       0     0     8
  [4627] .rela.rodata[...] RELA             0000000000000000  00240038
       0000000000000030  0000000000000018   I      5503   4626     8
  [4628] .rodata._ZTS[...] PROGBITS         0000000000000000  0002d470
       0000000000000013  0000000000000000  AG       0     0     8
  [4629] .bss._ZN5boo[...] NOBITS           0000000000000000  0002d488
       0000000000000010  0000000000000000 WAG       0     0     8
  [4630] .bss._ZN5boo[...] NOBITS           0000000000000000  0002d488
       0000000000000010  0000000000000000 WAG       0     0     8
  [4631] .bss._ZGVN5b[...] NOBITS           0000000000000000  0002d488
       0000000000000008  0000000000000000 WAG       0     0     8
  [4632] .bss._ZGVN5b[...] NOBITS           0000000000000000  0002d488
       0000000000000008  0000000000000000 WAG       0     0     8
  [4633] .rodata._ZN5[...] PROGBITS         0000000000000000  0002d488
       0000000000000001  0000000000000000  AG       0     0     8
  [4634] .text._ZN5bo[...] PROGBITS         0000000000000000  0002d48c
       0000000000000034  0000000000000000 AXG       0     0     4
  [4635] .rela.text._[...] RELA             0000000000000000  00240068
       0000000000000018  0000000000000018   I      5503   4634     8
  [4636] .text._ZN5bo[...] PROGBITS         0000000000000000  0002d4c0
       0000000000000050  0000000000000000 AXG       0     0     8
  [4637] .rela.text._[...] RELA             0000000000000000  00240080
       0000000000000030  0000000000000018   I      5503   4636     8
  [4638] .text._ZN5bo[...] PROGBITS         0000000000000000  0002d510
       0000000000000018  0000000000000000 AXG       0     0     4
  [4639] .text._ZN5bo[...] PROGBITS         0000000000000000  0002d528
       0000000000000034  0000000000000000 AXG       0     0     4
  [4640] .rela.text._[...] RELA             0000000000000000  002400b0
       0000000000000018  0000000000000018   I      5503   4639     8
  [4641] .text._ZN5bo[...] PROGBITS         0000000000000000  0002d560
       0000000000000050  0000000000000000 AXG       0     0     8
  [4642] .rela.text._[...] RELA             0000000000000000  002400c8
       0000000000000030  0000000000000018   I      5503   4641     8
  [4643] .text._ZN5bo[...] PROGBITS         0000000000000000  0002d5b0
       0000000000000018  0000000000000000 AXG       0     0     4
  [4644] .text._ZN5bo[...] PROGBITS         0000000000000000  0002d5c8
       0000000000000034  0000000000000000 AXG       0     0     4
  [4645] .rela.text._[...] RELA             0000000000000000  002400f8
       0000000000000018  0000000000000018   I      5503   4644     8
  [4646] .text._ZN5bo[...] PROGBITS         0000000000000000  0002d600
       0000000000000050  0000000000000000 AXG       0     0     8
  [4647] .rela.text._[...] RELA             0000000000000000  00240110
       0000000000000030  0000000000000018   I      5503   4646     8
  [4648] .text._ZN5bo[...] PROGBITS         0000000000000000  0002d650
       0000000000000018  0000000000000000 AXG       0     0     4
  [4649] .text._ZN5bo[...] PROGBITS         0000000000000000  0002d668
       0000000000000034  0000000000000000 AXG       0     0     4
  [4650] .rela.text._[...] RELA             0000000000000000  00240140
       0000000000000018  0000000000000018   I      5503   4649     8
  [4651] .text._ZN5bo[...] PROGBITS         0000000000000000  0002d6a0
       0000000000000050  0000000000000000 AXG       0     0     8
  [4652] .rela.text._[...] RELA             0000000000000000  00240158
       0000000000000030  0000000000000018   I      5503   4651     8
  [4653] .text._ZN5bo[...] PROGBITS         0000000000000000  0002d6f0
       0000000000000018  0000000000000000 AXG       0     0     4
  [4654] .text._ZN5bo[...] PROGBITS         0000000000000000  0002d708
       0000000000000034  0000000000000000 AXG       0     0     4
  [4655] .rela.text._[...] RELA             0000000000000000  00240188
       0000000000000018  0000000000000018   I      5503   4654     8
  [4656] .text._ZN5bo[...] PROGBITS         0000000000000000  0002d740
       0000000000000050  0000000000000000 AXG       0     0     8
  [4657] .rela.text._[...] RELA             0000000000000000  002401a0
       0000000000000030  0000000000000018   I      5503   4656     8
  [4658] .text._ZN5bo[...] PROGBITS         0000000000000000  0002d790
       0000000000000018  0000000000000000 AXG       0     0     4
  [4659] .text._ZN5bo[...] PROGBITS         0000000000000000  0002d7a8
       0000000000000034  0000000000000000 AXG       0     0     4
  [4660] .rela.text._[...] RELA             0000000000000000  002401d0
       0000000000000018  0000000000000018   I      5503   4659     8
  [4661] .text._ZN5bo[...] PROGBITS         0000000000000000  0002d7e0
       0000000000000050  0000000000000000 AXG       0     0     8
  [4662] .rela.text._[...] RELA             0000000000000000  002401e8
       0000000000000030  0000000000000018   I      5503   4661     8
  [4663] .text._ZN5bo[...] PROGBITS         0000000000000000  0002d830
       0000000000000018  0000000000000000 AXG       0     0     4
  [4664] .text._ZN5bo[...] PROGBITS         0000000000000000  0002d848
       0000000000000034  0000000000000000 AXG       0     0     4
  [4665] .rela.text._[...] RELA             0000000000000000  00240218
       0000000000000018  0000000000000018   I      5503   4664     8
  [4666] .text._ZN5bo[...] PROGBITS         0000000000000000  0002d880
       0000000000000050  0000000000000000 AXG       0     0     8
  [4667] .rela.text._[...] RELA             0000000000000000  00240230
       0000000000000030  0000000000000018   I      5503   4666     8
  [4668] .text._ZN5bo[...] PROGBITS         0000000000000000  0002d8d0
       0000000000000018  0000000000000000 AXG       0     0     4
  [4669] .text._ZN5bo[...] PROGBITS         0000000000000000  0002d8e8
       0000000000000034  0000000000000000 AXG       0     0     4
  [4670] .rela.text._[...] RELA             0000000000000000  00240260
       0000000000000018  0000000000000018   I      5503   4669     8
  [4671] .text._ZN5bo[...] PROGBITS         0000000000000000  0002d920
       0000000000000050  0000000000000000 AXG       0     0     8
  [4672] .rela.text._[...] RELA             0000000000000000  00240278
       0000000000000030  0000000000000018   I      5503   4671     8
  [4673] .text._ZN5bo[...] PROGBITS         0000000000000000  0002d970
       0000000000000018  0000000000000000 AXG       0     0     4
  [4674] .text._ZN5bo[...] PROGBITS         0000000000000000  0002d988
       0000000000000034  0000000000000000 AXG       0     0     4
  [4675] .rela.text._[...] RELA             0000000000000000  002402a8
       0000000000000018  0000000000000018   I      5503   4674     8
  [4676] .text._ZN5bo[...] PROGBITS         0000000000000000  0002d9c0
       0000000000000050  0000000000000000 AXG       0     0     8
  [4677] .rela.text._[...] RELA             0000000000000000  002402c0
       0000000000000030  0000000000000018   I      5503   4676     8
  [4678] .text._ZN5bo[...] PROGBITS         0000000000000000  0002da10
       0000000000000018  0000000000000000 AXG       0     0     4
  [4679] .text._ZN5bo[...] PROGBITS         0000000000000000  0002da28
       0000000000000034  0000000000000000 AXG       0     0     4
  [4680] .rela.text._[...] RELA             0000000000000000  002402f0
       0000000000000018  0000000000000018   I      5503   4679     8
  [4681] .text._ZN5bo[...] PROGBITS         0000000000000000  0002da60
       0000000000000050  0000000000000000 AXG       0     0     8
  [4682] .rela.text._[...] RELA             0000000000000000  00240308
       0000000000000030  0000000000000018   I      5503   4681     8
  [4683] .text._ZN5bo[...] PROGBITS         0000000000000000  0002dab0
       0000000000000018  0000000000000000 AXG       0     0     4
  [4684] .text._ZN5bo[...] PROGBITS         0000000000000000  0002dac8
       0000000000000034  0000000000000000 AXG       0     0     4
  [4685] .rela.text._[...] RELA             0000000000000000  00240338
       0000000000000018  0000000000000018   I      5503   4684     8
  [4686] .text._ZN5bo[...] PROGBITS         0000000000000000  0002db00
       0000000000000050  0000000000000000 AXG       0     0     8
  [4687] .rela.text._[...] RELA             0000000000000000  00240350
       0000000000000030  0000000000000018   I      5503   4686     8
  [4688] .text._ZN5bo[...] PROGBITS         0000000000000000  0002db50
       0000000000000018  0000000000000000 AXG       0     0     4
  [4689] .text._ZN5bo[...] PROGBITS         0000000000000000  0002db68
       0000000000000024  0000000000000000 AXG       0     0     4
  [4690] .rela.text._[...] RELA             0000000000000000  00240380
       0000000000000018  0000000000000018   I      5503   4689     8
  [4691] .text._ZN5bo[...] PROGBITS         0000000000000000  0002db8c
       0000000000000018  0000000000000000 AXG       0     0     4
  [4692] .text._ZN5bo[...] PROGBITS         0000000000000000  0002dba4
       0000000000000014  0000000000000000 AXG       0     0     4
  [4693] .text._ZN5bo[...] PROGBITS         0000000000000000  0002dbb8
       0000000000000024  0000000000000000 AXG       0     0     4
  [4694] .rela.text._[...] RELA             0000000000000000  00240398
       0000000000000018  0000000000000018   I      5503   4693     8
  [4695] .text._ZN5bo[...] PROGBITS         0000000000000000  0002dbdc
       0000000000000018  0000000000000000 AXG       0     0     4
  [4696] .text._ZN5bo[...] PROGBITS         0000000000000000  0002dbf4
       0000000000000014  0000000000000000 AXG       0     0     4
  [4697] .data._ZZN3r[...] PROGBITS         0000000000000000  0002dc08
       0000000000000010  0000000000000000 WAG       0     0     8
  [4698] .text._ZN5bo[...] PROGBITS         0000000000000000  0002dc18
       0000000000000024  0000000000000000 AXG       0     0     4
  [4699] .rela.text._[...] RELA             0000000000000000  002403b0
       0000000000000018  0000000000000018   I      5503   4698     8
  [4700] .text._ZN3ro[...] PROGBITS         0000000000000000  0002dc3c
       000000000000002c  0000000000000000 AXG       0     0     4
  [4701] .rela.text._[...] RELA             0000000000000000  002403c8
       0000000000000030  0000000000000018   I      5503   4700     8
  [4702] .text._ZN3ro[...] PROGBITS         0000000000000000  0002dc68
       000000000000002c  0000000000000000 AXG       0     0     4
  [4703] .rela.text._[...] RELA             0000000000000000  002403f8
       0000000000000030  0000000000000018   I      5503   4702     8
  [4704] .text._ZN3ro[...] PROGBITS         0000000000000000  0002dc98
       00000000000002a0  0000000000000000 AXG       0     0     8
  [4705] .rela.text._[...] RELA             0000000000000000  00240428
       0000000000000420  0000000000000018   I      5503   4704     8
  [4706] .text._ZN5bo[...] PROGBITS         0000000000000000  0002df38
       0000000000000024  0000000000000000 AXG       0     0     4
  [4707] .rela.text._[...] RELA             0000000000000000  00240848
       0000000000000018  0000000000000018   I      5503   4706     8
  [4708] .text._ZN3ro[...] PROGBITS         0000000000000000  0002df5c
       0000000000000050  0000000000000000 AXG       0     0     4
  [4709] .rela.text._[...] RELA             0000000000000000  00240860
       0000000000000078  0000000000000018   I      5503   4708     8
  [4710] .text._ZN3ro[...] PROGBITS         0000000000000000  0002dfac
       00000000000000cc  0000000000000000 AXG       0     0     4
  [4711] .rela.text._[...] RELA             0000000000000000  002408d8
       0000000000000138  0000000000000018   I      5503   4710     8
  [4712] .text._ZN3ro[...] PROGBITS         0000000000000000  0002e078
       0000000000000020  0000000000000000 AXG       0     0     8
  [4713] .rela.text._[...] RELA             0000000000000000  00240a10
       0000000000000018  0000000000000018   I      5503   4712     8
  [4714] .text._ZN3ro[...] PROGBITS         0000000000000000  0002e098
       0000000000000014  0000000000000000 AXG       0     0     4
  [4715] .text._ZN3ro[...] PROGBITS         0000000000000000  0002e0ac
       000000000000001c  0000000000000000 AXG       0     0     4
  [4716] .rela.text._[...] RELA             0000000000000000  00240a28
       0000000000000018  0000000000000018   I      5503   4715     8
  [4717] .data._ZZN3r[...] PROGBITS         0000000000000000  0002e0c8
       0000000000000010  0000000000000000 WAG       0     0     8
  [4718] .text._ZN3ro[...] PROGBITS         0000000000000000  0002e0d8
       000000000000002c  0000000000000000 AXG       0     0     4
  [4719] .rela.text._[...] RELA             0000000000000000  00240a40
       0000000000000030  0000000000000018   I      5503   4718     8
  [4720] .text._ZN3ro[...] PROGBITS         0000000000000000  0002e104
       000000000000002c  0000000000000000 AXG       0     0     4
  [4721] .rela.text._[...] RELA             0000000000000000  00240a70
       0000000000000030  0000000000000018   I      5503   4720     8
  [4722] .text._ZN3ro[...] PROGBITS         0000000000000000  0002e130
       00000000000002a0  0000000000000000 AXG       0     0     8
  [4723] .rela.text._[...] RELA             0000000000000000  00240aa0
       0000000000000420  0000000000000018   I      5503   4722     8
  [4724] .text._ZN5bo[...] PROGBITS         0000000000000000  0002e3d0
       0000000000000024  0000000000000000 AXG       0     0     4
  [4725] .rela.text._[...] RELA             0000000000000000  00240ec0
       0000000000000018  0000000000000018   I      5503   4724     8
  [4726] .text._ZN3ro[...] PROGBITS         0000000000000000  0002e3f4
       0000000000000050  0000000000000000 AXG       0     0     4
  [4727] .rela.text._[...] RELA             0000000000000000  00240ed8
       0000000000000078  0000000000000018   I      5503   4726     8
  [4728] .text._ZN3ro[...] PROGBITS         0000000000000000  0002e444
       00000000000000cc  0000000000000000 AXG       0     0     4
  [4729] .rela.text._[...] RELA             0000000000000000  00240f50
       0000000000000138  0000000000000018   I      5503   4728     8
  [4730] .text._ZN3ro[...] PROGBITS         0000000000000000  0002e510
       0000000000000020  0000000000000000 AXG       0     0     8
  [4731] .rela.text._[...] RELA             0000000000000000  00241088
       0000000000000018  0000000000000018   I      5503   4730     8
  [4732] .text._ZN3ro[...] PROGBITS         0000000000000000  0002e530
       0000000000000014  0000000000000000 AXG       0     0     4
  [4733] .text._ZN3ro[...] PROGBITS         0000000000000000  0002e544
       000000000000001c  0000000000000000 AXG       0     0     4
  [4734] .rela.text._[...] RELA             0000000000000000  002410a0
       0000000000000018  0000000000000018   I      5503   4733     8
  [4735] .data._ZZN3r[...] PROGBITS         0000000000000000  0002e560
       0000000000000010  0000000000000000 WAG       0     0     8
  [4736] .text._ZN3ro[...] PROGBITS         0000000000000000  0002e570
       000000000000002c  0000000000000000 AXG       0     0     4
  [4737] .rela.text._[...] RELA             0000000000000000  002410b8
       0000000000000030  0000000000000018   I      5503   4736     8
  [4738] .text._ZN3ro[...] PROGBITS         0000000000000000  0002e59c
       000000000000002c  0000000000000000 AXG       0     0     4
  [4739] .rela.text._[...] RELA             0000000000000000  002410e8
       0000000000000030  0000000000000018   I      5503   4738     8
  [4740] .text._ZN3ro[...] PROGBITS         0000000000000000  0002e5c8
       00000000000002a0  0000000000000000 AXG       0     0     8
  [4741] .rela.text._[...] RELA             0000000000000000  00241118
       0000000000000420  0000000000000018   I      5503   4740     8
  [4742] .text._ZN5bo[...] PROGBITS         0000000000000000  0002e868
       0000000000000024  0000000000000000 AXG       0     0     4
  [4743] .rela.text._[...] RELA             0000000000000000  00241538
       0000000000000018  0000000000000018   I      5503   4742     8
  [4744] .text._ZN3ro[...] PROGBITS         0000000000000000  0002e88c
       0000000000000050  0000000000000000 AXG       0     0     4
  [4745] .rela.text._[...] RELA             0000000000000000  00241550
       0000000000000078  0000000000000018   I      5503   4744     8
  [4746] .text._ZN3ro[...] PROGBITS         0000000000000000  0002e8dc
       00000000000000cc  0000000000000000 AXG       0     0     4
  [4747] .rela.text._[...] RELA             0000000000000000  002415c8
       0000000000000138  0000000000000018   I      5503   4746     8
  [4748] .text._ZN3ro[...] PROGBITS         0000000000000000  0002e9a8
       0000000000000020  0000000000000000 AXG       0     0     8
  [4749] .rela.text._[...] RELA             0000000000000000  00241700
       0000000000000018  0000000000000018   I      5503   4748     8
  [4750] .text._ZN3ro[...] PROGBITS         0000000000000000  0002e9c8
       0000000000000014  0000000000000000 AXG       0     0     4
  [4751] .text._ZN3ro[...] PROGBITS         0000000000000000  0002e9dc
       000000000000001c  0000000000000000 AXG       0     0     4
  [4752] .rela.text._[...] RELA             0000000000000000  00241718
       0000000000000018  0000000000000018   I      5503   4751     8
  [4753] .data._ZZN3r[...] PROGBITS         0000000000000000  0002e9f8
       0000000000000010  0000000000000000 WAG       0     0     8
  [4754] .text._ZN3ro[...] PROGBITS         0000000000000000  0002ea08
       000000000000002c  0000000000000000 AXG       0     0     4
  [4755] .rela.text._[...] RELA             0000000000000000  00241730
       0000000000000030  0000000000000018   I      5503   4754     8
  [4756] .text._ZN3ro[...] PROGBITS         0000000000000000  0002ea34
       000000000000002c  0000000000000000 AXG       0     0     4
  [4757] .rela.text._[...] RELA             0000000000000000  00241760
       0000000000000030  0000000000000018   I      5503   4756     8
  [4758] .text._ZN3ro[...] PROGBITS         0000000000000000  0002ea60
       00000000000002a0  0000000000000000 AXG       0     0     8
  [4759] .rela.text._[...] RELA             0000000000000000  00241790
       0000000000000420  0000000000000018   I      5503   4758     8
  [4760] .text._ZN5bo[...] PROGBITS         0000000000000000  0002ed00
       0000000000000024  0000000000000000 AXG       0     0     4
  [4761] .rela.text._[...] RELA             0000000000000000  00241bb0
       0000000000000018  0000000000000018   I      5503   4760     8
  [4762] .text._ZN3ro[...] PROGBITS         0000000000000000  0002ed24
       0000000000000050  0000000000000000 AXG       0     0     4
  [4763] .rela.text._[...] RELA             0000000000000000  00241bc8
       0000000000000078  0000000000000018   I      5503   4762     8
  [4764] .text._ZN3ro[...] PROGBITS         0000000000000000  0002ed74
       00000000000000cc  0000000000000000 AXG       0     0     4
  [4765] .rela.text._[...] RELA             0000000000000000  00241c40
       0000000000000138  0000000000000018   I      5503   4764     8
  [4766] .text._ZN3ro[...] PROGBITS         0000000000000000  0002ee40
       0000000000000020  0000000000000000 AXG       0     0     8
  [4767] .rela.text._[...] RELA             0000000000000000  00241d78
       0000000000000018  0000000000000018   I      5503   4766     8
  [4768] .text._ZN3ro[...] PROGBITS         0000000000000000  0002ee60
       0000000000000014  0000000000000000 AXG       0     0     4
  [4769] .text._ZN3ro[...] PROGBITS         0000000000000000  0002ee74
       000000000000001c  0000000000000000 AXG       0     0     4
  [4770] .rela.text._[...] RELA             0000000000000000  00241d90
       0000000000000018  0000000000000018   I      5503   4769     8
  [4771] .data._ZZN3r[...] PROGBITS         0000000000000000  0002ee90
       0000000000000010  0000000000000000 WAG       0     0     8
  [4772] .text._ZN3ro[...] PROGBITS         0000000000000000  0002eea0
       000000000000002c  0000000000000000 AXG       0     0     4
  [4773] .rela.text._[...] RELA             0000000000000000  00241da8
       0000000000000030  0000000000000018   I      5503   4772     8
  [4774] .text._ZN3ro[...] PROGBITS         0000000000000000  0002eecc
       000000000000002c  0000000000000000 AXG       0     0     4
  [4775] .rela.text._[...] RELA             0000000000000000  00241dd8
       0000000000000030  0000000000000018   I      5503   4774     8
  [4776] .text._ZN3ro[...] PROGBITS         0000000000000000  0002eef8
       00000000000002a0  0000000000000000 AXG       0     0     8
  [4777] .rela.text._[...] RELA             0000000000000000  00241e08
       0000000000000420  0000000000000018   I      5503   4776     8
  [4778] .text._ZN5bo[...] PROGBITS         0000000000000000  0002f198
       0000000000000024  0000000000000000 AXG       0     0     4
  [4779] .rela.text._[...] RELA             0000000000000000  00242228
       0000000000000018  0000000000000018   I      5503   4778     8
  [4780] .text._ZN3ro[...] PROGBITS         0000000000000000  0002f1bc
       0000000000000050  0000000000000000 AXG       0     0     4
  [4781] .rela.text._[...] RELA             0000000000000000  00242240
       0000000000000078  0000000000000018   I      5503   4780     8
  [4782] .text._ZN3ro[...] PROGBITS         0000000000000000  0002f20c
       00000000000000cc  0000000000000000 AXG       0     0     4
  [4783] .rela.text._[...] RELA             0000000000000000  002422b8
       0000000000000138  0000000000000018   I      5503   4782     8
  [4784] .text._ZN3ro[...] PROGBITS         0000000000000000  0002f2d8
       0000000000000020  0000000000000000 AXG       0     0     8
  [4785] .rela.text._[...] RELA             0000000000000000  002423f0
       0000000000000018  0000000000000018   I      5503   4784     8
  [4786] .text._ZN3ro[...] PROGBITS         0000000000000000  0002f2f8
       0000000000000014  0000000000000000 AXG       0     0     4
  [4787] .text._ZN3ro[...] PROGBITS         0000000000000000  0002f30c
       000000000000001c  0000000000000000 AXG       0     0     4
  [4788] .rela.text._[...] RELA             0000000000000000  00242408
       0000000000000018  0000000000000018   I      5503   4787     8
  [4789] .text._ZNK5b[...] PROGBITS         0000000000000000  0002f328
       00000000000000bc  0000000000000000 AXG       0     0     4
  [4790] .rela.text._[...] RELA             0000000000000000  00242420
       00000000000000d8  0000000000000018   I      5503   4789     8
  [4791] .text._ZNK5b[...] PROGBITS         0000000000000000  0002f3e8
       0000000000000078  0000000000000000 AXG       0     0     8
  [4792] .rela.text._[...] RELA             0000000000000000  002424f8
       00000000000000a8  0000000000000018   I      5503   4791     8
  [4793] .text._ZNK5b[...] PROGBITS         0000000000000000  0002f460
       00000000000000bc  0000000000000000 AXG       0     0     4
  [4794] .rela.text._[...] RELA             0000000000000000  002425a0
       00000000000000d8  0000000000000018   I      5503   4793     8
  [4795] .text._ZNK5b[...] PROGBITS         0000000000000000  0002f520
       0000000000000078  0000000000000000 AXG       0     0     8
  [4796] .rela.text._[...] RELA             0000000000000000  00242678
       00000000000000a8  0000000000000018   I      5503   4795     8
  [4797] .text._ZNK5b[...] PROGBITS         0000000000000000  0002f598
       00000000000000bc  0000000000000000 AXG       0     0     4
  [4798] .rela.text._[...] RELA             0000000000000000  00242720
       00000000000000d8  0000000000000018   I      5503   4797     8
  [4799] .text._ZNK5b[...] PROGBITS         0000000000000000  0002f658
       0000000000000078  0000000000000000 AXG       0     0     8
  [4800] .rela.text._[...] RELA             0000000000000000  002427f8
       00000000000000a8  0000000000000018   I      5503   4799     8
  [4801] .text._ZN5bo[...] PROGBITS         0000000000000000  0002f6d0
       0000000000000024  0000000000000000 AXG       0     0     4
  [4802] .rela.text._[...] RELA             0000000000000000  002428a0
       0000000000000018  0000000000000018   I      5503   4801     8
  [4803] .text._ZN5bo[...] PROGBITS         0000000000000000  0002f6f4
       0000000000000024  0000000000000000 AXG       0     0     4
  [4804] .rela.text._[...] RELA             0000000000000000  002428b8
       0000000000000018  0000000000000018   I      5503   4803     8
  [4805] .text._ZN5bo[...] PROGBITS         0000000000000000  0002f718
       0000000000000024  0000000000000000 AXG       0     0     4
  [4806] .rela.text._[...] RELA             0000000000000000  002428d0
       0000000000000018  0000000000000018   I      5503   4805     8
  [4807] .text._ZN5bo[...] PROGBITS         0000000000000000  0002f73c
       0000000000000024  0000000000000000 AXG       0     0     4
  [4808] .rela.text._[...] RELA             0000000000000000  002428e8
       0000000000000018  0000000000000018   I      5503   4807     8
  [4809] .text._ZN5bo[...] PROGBITS         0000000000000000  0002f760
       0000000000000024  0000000000000000 AXG       0     0     4
  [4810] .rela.text._[...] RELA             0000000000000000  00242900
       0000000000000018  0000000000000018   I      5503   4809     8
  [4811] .text._ZN5bo[...] PROGBITS         0000000000000000  0002f784
       0000000000000024  0000000000000000 AXG       0     0     4
  [4812] .rela.text._[...] RELA             0000000000000000  00242918
       0000000000000018  0000000000000018   I      5503   4811     8
  [4813] .text._ZN5bo[...] PROGBITS         0000000000000000  0002f7a8
       0000000000000024  0000000000000000 AXG       0     0     4
  [4814] .rela.text._[...] RELA             0000000000000000  00242930
       0000000000000018  0000000000000018   I      5503   4813     8
  [4815] .text._ZN5bo[...] PROGBITS         0000000000000000  0002f7cc
       0000000000000024  0000000000000000 AXG       0     0     4
  [4816] .rela.text._[...] RELA             0000000000000000  00242948
       0000000000000018  0000000000000018   I      5503   4815     8
  [4817] .text._ZN5bo[...] PROGBITS         0000000000000000  0002f7f0
       0000000000000024  0000000000000000 AXG       0     0     4
  [4818] .rela.text._[...] RELA             0000000000000000  00242960
       0000000000000018  0000000000000018   I      5503   4817     8
  [4819] .text._ZN5bo[...] PROGBITS         0000000000000000  0002f814
       0000000000000024  0000000000000000 AXG       0     0     4
  [4820] .rela.text._[...] RELA             0000000000000000  00242978
       0000000000000018  0000000000000018   I      5503   4819     8
  [4821] .text._ZNK5b[...] PROGBITS         0000000000000000  0002f838
       00000000000000b4  0000000000000000 AXG       0     0     4
  [4822] .rela.text._[...] RELA             0000000000000000  00242990
       0000000000000108  0000000000000018   I      5503   4821     8
  [4823] .text._ZNK5b[...] PROGBITS         0000000000000000  0002f8ec
       0000000000000024  0000000000000000 AXG       0     0     4
  [4824] .text._ZN5bo[...] PROGBITS         0000000000000000  0002f910
       000000000000002c  0000000000000000 AXG       0     0     4
  [4825] .rela.text._[...] RELA             0000000000000000  00242a98
       0000000000000018  0000000000000018   I      5503   4824     8
  [4826] .text._ZN5bo[...] PROGBITS         0000000000000000  0002f93c
       000000000000002c  0000000000000000 AXG       0     0     4
  [4827] .rela.text._[...] RELA             0000000000000000  00242ab0
       0000000000000018  0000000000000018   I      5503   4826     8
  [4828] .text._ZN5bo[...] PROGBITS         0000000000000000  0002f968
       0000000000000070  0000000000000000 AXG       0     0     4
  [4829] .rela.text._[...] RELA             0000000000000000  00242ac8
       00000000000000c0  0000000000000018   I      5503   4828     8
  [4830] .text._ZN5bo[...] PROGBITS         0000000000000000  0002f9d8
       0000000000000070  0000000000000000 AXG       0     0     4
  [4831] .rela.text._[...] RELA             0000000000000000  00242b88
       00000000000000c0  0000000000000018   I      5503   4830     8
  [4832] .text._ZN3ro[...] PROGBITS         0000000000000000  0002fa48
       0000000000000014  0000000000000000 AXG       0     0     4
  [4833] .text._ZNK5b[...] PROGBITS         0000000000000000  0002fa5c
       0000000000000050  0000000000000000 AXG       0     0     4
  [4834] .rela.text._[...] RELA             0000000000000000  00242c48
       00000000000000a8  0000000000000018   I      5503   4833     8
  [4835] .text._ZN3ro[...] PROGBITS         0000000000000000  0002faac
       0000000000000028  0000000000000000 AXG       0     0     4
  [4836] .rela.text._[...] RELA             0000000000000000  00242cf0
       0000000000000018  0000000000000018   I      5503   4835     8
  [4837] .text._ZN5bo[...] PROGBITS         0000000000000000  0002fad4
       0000000000000050  0000000000000000 AXG       0     0     4
  [4838] .rela.text._[...] RELA             0000000000000000  00242d08
       0000000000000030  0000000000000018   I      5503   4837     8
  [4839] .text._ZN3ro[...] PROGBITS         0000000000000000  0002fb24
       00000000000001c8  0000000000000000 AXG       0     0     4
  [4840] .rela.text._[...] RELA             0000000000000000  00242d38
       0000000000000330  0000000000000018   I      5503   4839     8
  [4841] .text._ZN3ro[...] PROGBITS         0000000000000000  0002fcec
       0000000000000068  0000000000000000 AXG       0     0     4
  [4842] .rela.text._[...] RELA             0000000000000000  00243068
       0000000000000090  0000000000000018   I      5503   4841     8
  [4843] .text._ZN5bo[...] PROGBITS         0000000000000000  0002fd54
       0000000000000048  0000000000000000 AXG       0     0     4
  [4844] .rela.text._[...] RELA             0000000000000000  002430f8
       0000000000000018  0000000000000018   I      5503   4843     8
  [4845] .text._ZNK5b[...] PROGBITS         0000000000000000  0002fd9c
       00000000000000e4  0000000000000000 AXG       0     0     4
  [4846] .rela.text._[...] RELA             0000000000000000  00243110
       0000000000000180  0000000000000018   I      5503   4845     8
  [4847] .text._ZNK5b[...] PROGBITS         0000000000000000  0002fe80
       00000000000000b4  0000000000000000 AXG       0     0     4
  [4848] .rela.text._[...] RELA             0000000000000000  00243290
       0000000000000108  0000000000000018   I      5503   4847     8
  [4849] .text._ZNK5b[...] PROGBITS         0000000000000000  0002ff34
       0000000000000024  0000000000000000 AXG       0     0     4
  [4850] .text._ZN5bo[...] PROGBITS         0000000000000000  0002ff58
       000000000000002c  0000000000000000 AXG       0     0     4
  [4851] .rela.text._[...] RELA             0000000000000000  00243398
       0000000000000018  0000000000000018   I      5503   4850     8
  [4852] .text._ZN5bo[...] PROGBITS         0000000000000000  0002ff84
       0000000000000070  0000000000000000 AXG       0     0     4
  [4853] .rela.text._[...] RELA             0000000000000000  002433b0
       00000000000000c0  0000000000000018   I      5503   4852     8
  [4854] .text._ZN3ro[...] PROGBITS         0000000000000000  0002fff4
       0000000000000014  0000000000000000 AXG       0     0     4
  [4855] .text._ZNK5b[...] PROGBITS         0000000000000000  00030008
       0000000000000050  0000000000000000 AXG       0     0     4
  [4856] .rela.text._[...] RELA             0000000000000000  00243470
       00000000000000a8  0000000000000018   I      5503   4855     8
  [4857] .text._ZN3ro[...] PROGBITS         0000000000000000  00030058
       0000000000000028  0000000000000000 AXG       0     0     4
  [4858] .rela.text._[...] RELA             0000000000000000  00243518
       0000000000000018  0000000000000018   I      5503   4857     8
  [4859] .text._ZN5bo[...] PROGBITS         0000000000000000  00030080
       0000000000000050  0000000000000000 AXG       0     0     4
  [4860] .rela.text._[...] RELA             0000000000000000  00243530
       0000000000000030  0000000000000018   I      5503   4859     8
  [4861] .text._ZN3ro[...] PROGBITS         0000000000000000  000300d0
       00000000000001c8  0000000000000000 AXG       0     0     4
  [4862] .rela.text._[...] RELA             0000000000000000  00243560
       0000000000000330  0000000000000018   I      5503   4861     8
  [4863] .text._ZN3ro[...] PROGBITS         0000000000000000  00030298
       0000000000000068  0000000000000000 AXG       0     0     4
  [4864] .rela.text._[...] RELA             0000000000000000  00243890
       0000000000000090  0000000000000018   I      5503   4863     8
  [4865] .text._ZN5bo[...] PROGBITS         0000000000000000  00030300
       0000000000000048  0000000000000000 AXG       0     0     4
  [4866] .rela.text._[...] RELA             0000000000000000  00243920
       0000000000000018  0000000000000018   I      5503   4865     8
  [4867] .text._ZNK5b[...] PROGBITS         0000000000000000  00030348
       00000000000000e4  0000000000000000 AXG       0     0     4
  [4868] .rela.text._[...] RELA             0000000000000000  00243938
       0000000000000180  0000000000000018   I      5503   4867     8
  [4869] .text._ZN3ro[...] PROGBITS         0000000000000000  0003042c
       0000000000000008  0000000000000000 AXG       0     0     4
  [4870] .text._ZNK5b[...] PROGBITS         0000000000000000  00030434
       00000000000000b4  0000000000000000 AXG       0     0     4
  [4871] .rela.text._[...] RELA             0000000000000000  00243ab8
       0000000000000108  0000000000000018   I      5503   4870     8
  [4872] .text._ZNK5b[...] PROGBITS         0000000000000000  000304e8
       0000000000000024  0000000000000000 AXG       0     0     4
  [4873] .text._ZN5bo[...] PROGBITS         0000000000000000  0003050c
       000000000000002c  0000000000000000 AXG       0     0     4
  [4874] .rela.text._[...] RELA             0000000000000000  00243bc0
       0000000000000018  0000000000000018   I      5503   4873     8
  [4875] .text._ZN5bo[...] PROGBITS         0000000000000000  00030538
       0000000000000070  0000000000000000 AXG       0     0     4
  [4876] .rela.text._[...] RELA             0000000000000000  00243bd8
       00000000000000c0  0000000000000018   I      5503   4875     8
  [4877] .text._ZN3ro[...] PROGBITS         0000000000000000  000305a8
       0000000000000014  0000000000000000 AXG       0     0     4
  [4878] .text._ZNK5b[...] PROGBITS         0000000000000000  000305bc
       0000000000000050  0000000000000000 AXG       0     0     4
  [4879] .rela.text._[...] RELA             0000000000000000  00243c98
       00000000000000a8  0000000000000018   I      5503   4878     8
  [4880] .text._ZN3ro[...] PROGBITS         0000000000000000  0003060c
       0000000000000028  0000000000000000 AXG       0     0     4
  [4881] .rela.text._[...] RELA             0000000000000000  00243d40
       0000000000000018  0000000000000018   I      5503   4880     8
  [4882] .text._ZN5bo[...] PROGBITS         0000000000000000  00030634
       0000000000000050  0000000000000000 AXG       0     0     4
  [4883] .rela.text._[...] RELA             0000000000000000  00243d58
       0000000000000030  0000000000000018   I      5503   4882     8
  [4884] .text._ZN3ro[...] PROGBITS         0000000000000000  00030684
       00000000000001c8  0000000000000000 AXG       0     0     4
  [4885] .rela.text._[...] RELA             0000000000000000  00243d88
       0000000000000330  0000000000000018   I      5503   4884     8
  [4886] .text._ZN3ro[...] PROGBITS         0000000000000000  0003084c
       0000000000000050  0000000000000000 AXG       0     0     4
  [4887] .rela.text._[...] RELA             0000000000000000  002440b8
       0000000000000078  0000000000000018   I      5503   4886     8
  [4888] .text._ZN3ro[...] PROGBITS         0000000000000000  0003089c
       0000000000000094  0000000000000000 AXG       0     0     4
  [4889] .rela.text._[...] RELA             0000000000000000  00244130
       00000000000000f0  0000000000000018   I      5503   4888     8
  [4890] .text._ZNK5b[...] PROGBITS         0000000000000000  00030930
       00000000000000e4  0000000000000000 AXG       0     0     4
  [4891] .rela.text._[...] RELA             0000000000000000  00244220
       0000000000000180  0000000000000018   I      5503   4890     8
  [4892] .text._ZN3ro[...] PROGBITS         0000000000000000  00030a14
       0000000000000008  0000000000000000 AXG       0     0     4
  [4893] .text._ZNK5b[...] PROGBITS         0000000000000000  00030a1c
       00000000000000b4  0000000000000000 AXG       0     0     4
  [4894] .rela.text._[...] RELA             0000000000000000  002443a0
       0000000000000108  0000000000000018   I      5503   4893     8
  [4895] .text._ZNK5b[...] PROGBITS         0000000000000000  00030ad0
       0000000000000024  0000000000000000 AXG       0     0     4
  [4896] .text._ZN5bo[...] PROGBITS         0000000000000000  00030af4
       000000000000002c  0000000000000000 AXG       0     0     4
  [4897] .rela.text._[...] RELA             0000000000000000  002444a8
       0000000000000018  0000000000000018   I      5503   4896     8
  [4898] .text._ZN5bo[...] PROGBITS         0000000000000000  00030b20
       0000000000000070  0000000000000000 AXG       0     0     4
  [4899] .rela.text._[...] RELA             0000000000000000  002444c0
       00000000000000c0  0000000000000018   I      5503   4898     8
  [4900] .text._ZN3ro[...] PROGBITS         0000000000000000  00030b90
       0000000000000014  0000000000000000 AXG       0     0     4
  [4901] .text._ZNK5b[...] PROGBITS         0000000000000000  00030ba4
       0000000000000050  0000000000000000 AXG       0     0     4
  [4902] .rela.text._[...] RELA             0000000000000000  00244580
       00000000000000a8  0000000000000018   I      5503   4901     8
  [4903] .text._ZN3ro[...] PROGBITS         0000000000000000  00030bf4
       0000000000000028  0000000000000000 AXG       0     0     4
  [4904] .rela.text._[...] RELA             0000000000000000  00244628
       0000000000000018  0000000000000018   I      5503   4903     8
  [4905] .text._ZN5bo[...] PROGBITS         0000000000000000  00030c1c
       0000000000000050  0000000000000000 AXG       0     0     4
  [4906] .rela.text._[...] RELA             0000000000000000  00244640
       0000000000000030  0000000000000018   I      5503   4905     8
  [4907] .text._ZN3ro[...] PROGBITS         0000000000000000  00030c6c
       00000000000001c8  0000000000000000 AXG       0     0     4
  [4908] .rela.text._[...] RELA             0000000000000000  00244670
       0000000000000330  0000000000000018   I      5503   4907     8
  [4909] .text._ZN3ro[...] PROGBITS         0000000000000000  00030e34
       0000000000000050  0000000000000000 AXG       0     0     4
  [4910] .rela.text._[...] RELA             0000000000000000  002449a0
       0000000000000078  0000000000000018   I      5503   4909     8
  [4911] .text._ZN3ro[...] PROGBITS         0000000000000000  00030e84
       0000000000000094  0000000000000000 AXG       0     0     4
  [4912] .rela.text._[...] RELA             0000000000000000  00244a18
       00000000000000f0  0000000000000018   I      5503   4911     8
  [4913] .text._ZNK5b[...] PROGBITS         0000000000000000  00030f18
       00000000000000e4  0000000000000000 AXG       0     0     4
  [4914] .rela.text._[...] RELA             0000000000000000  00244b08
       0000000000000180  0000000000000018   I      5503   4913     8
  [4915] .text._ZN3ro[...] PROGBITS         0000000000000000  00030ffc
       0000000000000008  0000000000000000 AXG       0     0     4
  [4916] .text._ZNK5b[...] PROGBITS         0000000000000000  00031004
       00000000000000b4  0000000000000000 AXG       0     0     4
  [4917] .rela.text._[...] RELA             0000000000000000  00244c88
       0000000000000108  0000000000000018   I      5503   4916     8
  [4918] .text._ZNK5b[...] PROGBITS         0000000000000000  000310b8
       0000000000000024  0000000000000000 AXG       0     0     4
  [4919] .text._ZN5bo[...] PROGBITS         0000000000000000  000310dc
       000000000000002c  0000000000000000 AXG       0     0     4
  [4920] .rela.text._[...] RELA             0000000000000000  00244d90
       0000000000000018  0000000000000018   I      5503   4919     8
  [4921] .text._ZN5bo[...] PROGBITS         0000000000000000  00031108
       0000000000000070  0000000000000000 AXG       0     0     4
  [4922] .rela.text._[...] RELA             0000000000000000  00244da8
       00000000000000c0  0000000000000018   I      5503   4921     8
  [4923] .text._ZN3ro[...] PROGBITS         0000000000000000  00031178
       0000000000000014  0000000000000000 AXG       0     0     4
  [4924] .text._ZNK5b[...] PROGBITS         0000000000000000  0003118c
       0000000000000050  0000000000000000 AXG       0     0     4
  [4925] .rela.text._[...] RELA             0000000000000000  00244e68
       00000000000000a8  0000000000000018   I      5503   4924     8
  [4926] .text._ZN3ro[...] PROGBITS         0000000000000000  000311dc
       0000000000000028  0000000000000000 AXG       0     0     4
  [4927] .rela.text._[...] RELA             0000000000000000  00244f10
       0000000000000018  0000000000000018   I      5503   4926     8
  [4928] .text._ZN5bo[...] PROGBITS         0000000000000000  00031204
       0000000000000050  0000000000000000 AXG       0     0     4
  [4929] .rela.text._[...] RELA             0000000000000000  00244f28
       0000000000000030  0000000000000018   I      5503   4928     8
  [4930] .text._ZN3ro[...] PROGBITS         0000000000000000  00031254
       00000000000001c8  0000000000000000 AXG       0     0     4
  [4931] .rela.text._[...] RELA             0000000000000000  00244f58
       0000000000000330  0000000000000018   I      5503   4930     8
  [4932] .text._ZN3ro[...] PROGBITS         0000000000000000  0003141c
       0000000000000068  0000000000000000 AXG       0     0     4
  [4933] .rela.text._[...] RELA             0000000000000000  00245288
       0000000000000090  0000000000000018   I      5503   4932     8
  [4934] .text._ZN5bo[...] PROGBITS         0000000000000000  00031484
       0000000000000048  0000000000000000 AXG       0     0     4
  [4935] .rela.text._[...] RELA             0000000000000000  00245318
       0000000000000018  0000000000000018   I      5503   4934     8
  [4936] .text._ZNK5b[...] PROGBITS         0000000000000000  000314cc
       00000000000000e4  0000000000000000 AXG       0     0     4
  [4937] .rela.text._[...] RELA             0000000000000000  00245330
       0000000000000180  0000000000000018   I      5503   4936     8
  [4938] .text._ZN3ro[...] PROGBITS         0000000000000000  000315b0
       0000000000000008  0000000000000000 AXG       0     0     4
  [4939] .text._ZN5bo[...] PROGBITS         0000000000000000  000315b8
       00000000000000c8  0000000000000000 AXG       0     0     8
  [4940] .rela.text._[...] RELA             0000000000000000  002454b0
       00000000000000d8  0000000000000018   I      5503   4939     8
  [4941] .text._ZN5bo[...] PROGBITS         0000000000000000  00031680
       00000000000000b8  0000000000000000 AXG       0     0     8
  [4942] .rela.text._[...] RELA             0000000000000000  00245588
       00000000000000d8  0000000000000018   I      5503   4941     8
  [4943] .text._ZN5bo[...] PROGBITS         0000000000000000  00031738
       00000000000000b8  0000000000000000 AXG       0     0     8
  [4944] .rela.text._[...] RELA             0000000000000000  00245660
       00000000000000d8  0000000000000018   I      5503   4943     8
  [4945] .text._ZN5bo[...] PROGBITS         0000000000000000  000317f0
       0000000000000048  0000000000000000 AXG       0     0     4
  [4946] .rela.text._[...] RELA             0000000000000000  00245738
       0000000000000018  0000000000000018   I      5503   4945     8
  [4947] .text._ZN5bo[...] PROGBITS         0000000000000000  00031838
       0000000000000044  0000000000000000 AXG       0     0     4
  [4948] .rela.text._[...] RELA             0000000000000000  00245750
       0000000000000030  0000000000000018   I      5503   4947     8
  [4949] .text._ZN5bo[...] PROGBITS         0000000000000000  0003187c
       0000000000000048  0000000000000000 AXG       0     0     4
  [4950] .rela.text._[...] RELA             0000000000000000  00245780
       0000000000000018  0000000000000018   I      5503   4949     8
  [4951] .text._ZN5bo[...] PROGBITS         0000000000000000  000318c4
       0000000000000044  0000000000000000 AXG       0     0     4
  [4952] .rela.text._[...] RELA             0000000000000000  00245798
       0000000000000030  0000000000000018   I      5503   4951     8
  [4953] .text._ZN3ro[...] PROGBITS         0000000000000000  00031908
       0000000000000028  0000000000000000 AXG       0     0     4
  [4954] .rela.text._[...] RELA             0000000000000000  002457c8
       0000000000000018  0000000000000018   I      5503   4953     8
  [4955] .text._ZN5bo[...] PROGBITS         0000000000000000  00031930
       0000000000000008  0000000000000000 AXG       0     0     4
  [4956] .text._ZN5bo[...] PROGBITS         0000000000000000  00031938
       000000000000002c  0000000000000000 AXG       0     0     4
  [4957] .rela.text._[...] RELA             0000000000000000  002457e0
       0000000000000018  0000000000000018   I      5503   4956     8
  [4958] .text._ZN5bo[...] PROGBITS         0000000000000000  00031964
       0000000000000020  0000000000000000 AXG       0     0     4
  [4959] .rela.text._[...] RELA             0000000000000000  002457f8
       0000000000000018  0000000000000018   I      5503   4958     8
  [4960] .text._ZN3ro[...] PROGBITS         0000000000000000  00031984
       0000000000000078  0000000000000000 AXG       0     0     4
  [4961] .rela.text._[...] RELA             0000000000000000  00245810
       0000000000000048  0000000000000018   I      5503   4960     8
  [4962] .text._ZNK3r[...] PROGBITS         0000000000000000  000319fc
       0000000000000068  0000000000000000 AXG       0     0     4
  [4963] .rela.text._[...] RELA             0000000000000000  00245858
       0000000000000090  0000000000000018   I      5503   4962     8
  [4964] .text._ZN5bo[...] PROGBITS         0000000000000000  00031a64
       0000000000000044  0000000000000000 AXG       0     0     4
  [4965] .rela.text._[...] RELA             0000000000000000  002458e8
       0000000000000030  0000000000000018   I      5503   4964     8
  [4966] .text._ZN5bo[...] PROGBITS         0000000000000000  00031aa8
       0000000000000044  0000000000000000 AXG       0     0     4
  [4967] .rela.text._[...] RELA             0000000000000000  00245918
       0000000000000030  0000000000000018   I      5503   4966     8
  [4968] .text._ZNK3r[...] PROGBITS         0000000000000000  00031aec
       0000000000000018  0000000000000000 AXG       0     0     4
  [4969] .text._ZNK3r[...] PROGBITS         0000000000000000  00031b04
       000000000000002c  0000000000000000 AXG       0     0     4
  [4970] .text._ZNK3r[...] PROGBITS         0000000000000000  00031b30
       0000000000000018  0000000000000000 AXG       0     0     4
  [4971] .text._ZN5bo[...] PROGBITS         0000000000000000  00031b48
       0000000000000064  0000000000000000 AXG       0     0     4
  [4972] .rela.text._[...] RELA             0000000000000000  00245948
       0000000000000048  0000000000000018   I      5503   4971     8
  [4973] .text._ZNK3r[...] PROGBITS         0000000000000000  00031bac
       0000000000000068  0000000000000000 AXG       0     0     4
  [4974] .rela.text._[...] RELA             0000000000000000  00245990
       0000000000000090  0000000000000018   I      5503   4973     8
  [4975] .text._ZN5bo[...] PROGBITS         0000000000000000  00031c14
       000000000000005c  0000000000000000 AXG       0     0     4
  [4976] .rela.text._[...] RELA             0000000000000000  00245a20
       0000000000000030  0000000000000018   I      5503   4975     8
  [4977] .text._ZN5bo[...] PROGBITS         0000000000000000  00031c70
       0000000000000048  0000000000000000 AXG       0     0     4
  [4978] .rela.text._[...] RELA             0000000000000000  00245a50
       0000000000000018  0000000000000018   I      5503   4977     8
  [4979] .text._ZN5bo[...] PROGBITS         0000000000000000  00031cb8
       0000000000000044  0000000000000000 AXG       0     0     4
  [4980] .rela.text._[...] RELA             0000000000000000  00245a68
       0000000000000030  0000000000000018   I      5503   4979     8
  [4981] .text._ZN3ro[...] PROGBITS         0000000000000000  00031cfc
       0000000000000028  0000000000000000 AXG       0     0     4
  [4982] .rela.text._[...] RELA             0000000000000000  00245a98
       0000000000000018  0000000000000018   I      5503   4981     8
  [4983] .text._ZN5bo[...] PROGBITS         0000000000000000  00031d24
       0000000000000008  0000000000000000 AXG       0     0     4
  [4984] .text._ZN5bo[...] PROGBITS         0000000000000000  00031d2c
       000000000000002c  0000000000000000 AXG       0     0     4
  [4985] .rela.text._[...] RELA             0000000000000000  00245ab0
       0000000000000018  0000000000000018   I      5503   4984     8
  [4986] .text._ZN5bo[...] PROGBITS         0000000000000000  00031d58
       0000000000000020  0000000000000000 AXG       0     0     4
  [4987] .rela.text._[...] RELA             0000000000000000  00245ac8
       0000000000000018  0000000000000018   I      5503   4986     8
  [4988] .text._ZN3ro[...] PROGBITS         0000000000000000  00031d78
       0000000000000078  0000000000000000 AXG       0     0     4
  [4989] .rela.text._[...] RELA             0000000000000000  00245ae0
       0000000000000048  0000000000000018   I      5503   4988     8
  [4990] .text._ZN5bo[...] PROGBITS         0000000000000000  00031df0
       0000000000000044  0000000000000000 AXG       0     0     4
  [4991] .rela.text._[...] RELA             0000000000000000  00245b28
       0000000000000030  0000000000000018   I      5503   4990     8
  [4992] .text._ZN5bo[...] PROGBITS         0000000000000000  00031e34
       0000000000000044  0000000000000000 AXG       0     0     4
  [4993] .rela.text._[...] RELA             0000000000000000  00245b58
       0000000000000030  0000000000000018   I      5503   4992     8
  [4994] .text._ZN5bo[...] PROGBITS         0000000000000000  00031e78
       0000000000000064  0000000000000000 AXG       0     0     4
  [4995] .rela.text._[...] RELA             0000000000000000  00245b88
       0000000000000048  0000000000000018   I      5503   4994     8
  [4996] .text._ZNK3r[...] PROGBITS         0000000000000000  00031edc
       0000000000000068  0000000000000000 AXG       0     0     4
  [4997] .rela.text._[...] RELA             0000000000000000  00245bd0
       0000000000000090  0000000000000018   I      5503   4996     8
  [4998] .text._ZN5bo[...] PROGBITS         0000000000000000  00031f44
       000000000000005c  0000000000000000 AXG       0     0     4
  [4999] .rela.text._[...] RELA             0000000000000000  00245c60
       0000000000000030  0000000000000018   I      5503   4998     8
  [5000] .text._ZN5bo[...] PROGBITS         0000000000000000  00031fa0
       0000000000000048  0000000000000000 AXG       0     0     4
  [5001] .rela.text._[...] RELA             0000000000000000  00245c90
       0000000000000018  0000000000000018   I      5503   5000     8
  [5002] .text._ZN5bo[...] PROGBITS         0000000000000000  00031fe8
       0000000000000044  0000000000000000 AXG       0     0     4
  [5003] .rela.text._[...] RELA             0000000000000000  00245ca8
       0000000000000030  0000000000000018   I      5503   5002     8
  [5004] .text._ZN3ro[...] PROGBITS         0000000000000000  0003202c
       0000000000000028  0000000000000000 AXG       0     0     4
  [5005] .rela.text._[...] RELA             0000000000000000  00245cd8
       0000000000000018  0000000000000018   I      5503   5004     8
  [5006] .text._ZN5bo[...] PROGBITS         0000000000000000  00032054
       0000000000000008  0000000000000000 AXG       0     0     4
  [5007] .text._ZN5bo[...] PROGBITS         0000000000000000  0003205c
       000000000000002c  0000000000000000 AXG       0     0     4
  [5008] .rela.text._[...] RELA             0000000000000000  00245cf0
       0000000000000018  0000000000000018   I      5503   5007     8
  [5009] .text._ZN5bo[...] PROGBITS         0000000000000000  00032088
       0000000000000020  0000000000000000 AXG       0     0     4
  [5010] .rela.text._[...] RELA             0000000000000000  00245d08
       0000000000000018  0000000000000018   I      5503   5009     8
  [5011] .text._ZN3ro[...] PROGBITS         0000000000000000  000320a8
       0000000000000078  0000000000000000 AXG       0     0     4
  [5012] .rela.text._[...] RELA             0000000000000000  00245d20
       0000000000000048  0000000000000018   I      5503   5011     8
  [5013] .text._ZN5bo[...] PROGBITS         0000000000000000  00032120
       0000000000000044  0000000000000000 AXG       0     0     4
  [5014] .rela.text._[...] RELA             0000000000000000  00245d68
       0000000000000030  0000000000000018   I      5503   5013     8
  [5015] .text._ZN5bo[...] PROGBITS         0000000000000000  00032164
       0000000000000044  0000000000000000 AXG       0     0     4
  [5016] .rela.text._[...] RELA             0000000000000000  00245d98
       0000000000000030  0000000000000018   I      5503   5015     8
  [5017] .text._ZN5bo[...] PROGBITS         0000000000000000  000321a8
       0000000000000064  0000000000000000 AXG       0     0     4
  [5018] .rela.text._[...] RELA             0000000000000000  00245dc8
       0000000000000048  0000000000000018   I      5503   5017     8
  [5019] .text._ZN3ro[...] PROGBITS         0000000000000000  0003220c
       00000000000000ac  0000000000000000 AXG       0     0     4
  [5020] .rela.text._[...] RELA             0000000000000000  00245e10
       0000000000000120  0000000000000018   I      5503   5019     8
  [5021] .text._ZNK3r[...] PROGBITS         0000000000000000  000322b8
       0000000000000068  0000000000000000 AXG       0     0     4
  [5022] .rela.text._[...] RELA             0000000000000000  00245f30
       0000000000000090  0000000000000018   I      5503   5021     8
  [5023] .text._ZN5bo[...] PROGBITS         0000000000000000  00032320
       0000000000000048  0000000000000000 AXG       0     0     4
  [5024] .rela.text._[...] RELA             0000000000000000  00245fc0
       0000000000000018  0000000000000018   I      5503   5023     8
  [5025] .text._ZN5bo[...] PROGBITS         0000000000000000  00032368
       0000000000000044  0000000000000000 AXG       0     0     4
  [5026] .rela.text._[...] RELA             0000000000000000  00245fd8
       0000000000000030  0000000000000018   I      5503   5025     8
  [5027] .text._ZN3ro[...] PROGBITS         0000000000000000  000323ac
       0000000000000028  0000000000000000 AXG       0     0     4
  [5028] .rela.text._[...] RELA             0000000000000000  00246008
       0000000000000018  0000000000000018   I      5503   5027     8
  [5029] .text._ZN5bo[...] PROGBITS         0000000000000000  000323d4
       0000000000000008  0000000000000000 AXG       0     0     4
  [5030] .text._ZN5bo[...] PROGBITS         0000000000000000  000323dc
       000000000000002c  0000000000000000 AXG       0     0     4
  [5031] .rela.text._[...] RELA             0000000000000000  00246020
       0000000000000018  0000000000000018   I      5503   5030     8
  [5032] .text._ZN5bo[...] PROGBITS         0000000000000000  00032408
       0000000000000020  0000000000000000 AXG       0     0     4
  [5033] .rela.text._[...] RELA             0000000000000000  00246038
       0000000000000018  0000000000000018   I      5503   5032     8
  [5034] .text._ZN3ro[...] PROGBITS         0000000000000000  00032428
       0000000000000078  0000000000000000 AXG       0     0     4
  [5035] .rela.text._[...] RELA             0000000000000000  00246050
       0000000000000048  0000000000000018   I      5503   5034     8
  [5036] .text._ZN5bo[...] PROGBITS         0000000000000000  000324a0
       0000000000000044  0000000000000000 AXG       0     0     4
  [5037] .rela.text._[...] RELA             0000000000000000  00246098
       0000000000000030  0000000000000018   I      5503   5036     8
  [5038] .text._ZN5bo[...] PROGBITS         0000000000000000  000324e4
       0000000000000044  0000000000000000 AXG       0     0     4
  [5039] .rela.text._[...] RELA             0000000000000000  002460c8
       0000000000000030  0000000000000018   I      5503   5038     8
  [5040] .text._ZN5bo[...] PROGBITS         0000000000000000  00032528
       0000000000000064  0000000000000000 AXG       0     0     4
  [5041] .rela.text._[...] RELA             0000000000000000  002460f8
       0000000000000048  0000000000000018   I      5503   5040     8
  [5042] .text._ZN3ro[...] PROGBITS         0000000000000000  0003258c
       00000000000000ac  0000000000000000 AXG       0     0     4
  [5043] .rela.text._[...] RELA             0000000000000000  00246140
       0000000000000120  0000000000000018   I      5503   5042     8
  [5044] .text._ZNK3r[...] PROGBITS         0000000000000000  00032638
       0000000000000068  0000000000000000 AXG       0     0     4
  [5045] .rela.text._[...] RELA             0000000000000000  00246260
       0000000000000090  0000000000000018   I      5503   5044     8
  [5046] .text._ZN5bo[...] PROGBITS         0000000000000000  000326a0
       0000000000000048  0000000000000000 AXG       0     0     4
  [5047] .rela.text._[...] RELA             0000000000000000  002462f0
       0000000000000018  0000000000000018   I      5503   5046     8
  [5048] .text._ZN5bo[...] PROGBITS         0000000000000000  000326e8
       0000000000000044  0000000000000000 AXG       0     0     4
  [5049] .rela.text._[...] RELA             0000000000000000  00246308
       0000000000000030  0000000000000018   I      5503   5048     8
  [5050] .text._ZN3ro[...] PROGBITS         0000000000000000  0003272c
       0000000000000028  0000000000000000 AXG       0     0     4
  [5051] .rela.text._[...] RELA             0000000000000000  00246338
       0000000000000018  0000000000000018   I      5503   5050     8
  [5052] .text._ZN5bo[...] PROGBITS         0000000000000000  00032754
       0000000000000008  0000000000000000 AXG       0     0     4
  [5053] .text._ZN5bo[...] PROGBITS         0000000000000000  0003275c
       000000000000002c  0000000000000000 AXG       0     0     4
  [5054] .rela.text._[...] RELA             0000000000000000  00246350
       0000000000000018  0000000000000018   I      5503   5053     8
  [5055] .text._ZN5bo[...] PROGBITS         0000000000000000  00032788
       0000000000000020  0000000000000000 AXG       0     0     4
  [5056] .rela.text._[...] RELA             0000000000000000  00246368
       0000000000000018  0000000000000018   I      5503   5055     8
  [5057] .text._ZN3ro[...] PROGBITS         0000000000000000  000327a8
       0000000000000078  0000000000000000 AXG       0     0     4
  [5058] .rela.text._[...] RELA             0000000000000000  00246380
       0000000000000048  0000000000000018   I      5503   5057     8
  [5059] .text._ZN5bo[...] PROGBITS         0000000000000000  00032820
       0000000000000044  0000000000000000 AXG       0     0     4
  [5060] .rela.text._[...] RELA             0000000000000000  002463c8
       0000000000000030  0000000000000018   I      5503   5059     8
  [5061] .text._ZN5bo[...] PROGBITS         0000000000000000  00032864
       0000000000000044  0000000000000000 AXG       0     0     4
  [5062] .rela.text._[...] RELA             0000000000000000  002463f8
       0000000000000030  0000000000000018   I      5503   5061     8
  [5063] .text._ZN5bo[...] PROGBITS         0000000000000000  000328a8
       0000000000000064  0000000000000000 AXG       0     0     4
  [5064] .rela.text._[...] RELA             0000000000000000  00246428
       0000000000000048  0000000000000018   I      5503   5063     8
  [5065] .text._ZNK3r[...] PROGBITS         0000000000000000  0003290c
       0000000000000068  0000000000000000 AXG       0     0     4
  [5066] .rela.text._[...] RELA             0000000000000000  00246470
       0000000000000090  0000000000000018   I      5503   5065     8
  [5067] .text._ZN5bo[...] PROGBITS         0000000000000000  00032974
       000000000000005c  0000000000000000 AXG       0     0     4
  [5068] .rela.text._[...] RELA             0000000000000000  00246500
       0000000000000030  0000000000000018   I      5503   5067     8
  [5069] .text._ZSt4m[...] PROGBITS         0000000000000000  000329d0
       0000000000000014  0000000000000000 AXG       0     0     4
  [5070] .text._ZSt4s[...] PROGBITS         0000000000000000  000329e4
       0000000000000088  0000000000000000 AXG       0     0     4
  [5071] .rela.text._[...] RELA             0000000000000000  00246530
       00000000000000c0  0000000000000018   I      5503   5070     8
  [5072] .text._ZSt4m[...] PROGBITS         0000000000000000  00032a6c
       0000000000000014  0000000000000000 AXG       0     0     4
  [5073] .text._ZSt4s[...] PROGBITS         0000000000000000  00032a80
       0000000000000088  0000000000000000 AXG       0     0     4
  [5074] .rela.text._[...] RELA             0000000000000000  002465f0
       00000000000000c0  0000000000000018   I      5503   5073     8
  [5075] .text._ZN3ro[...] PROGBITS         0000000000000000  00032b08
       0000000000000158  0000000000000000 AXG       0     0     4
  [5076] .rela.text._[...] RELA             0000000000000000  002466b0
       00000000000000f0  0000000000000018   I      5503   5075     8
  [5077] .text._ZN5bo[...] PROGBITS         0000000000000000  00032c60
       0000000000000020  0000000000000000 AXG       0     0     4
  [5078] .rela.text._[...] RELA             0000000000000000  002467a0
       0000000000000018  0000000000000018   I      5503   5077     8
  [5079] .text._ZN5bo[...] PROGBITS         0000000000000000  00032c80
       0000000000000070  0000000000000000 AXG       0     0     4
  [5080] .rela.text._[...] RELA             0000000000000000  002467b8
       00000000000000c0  0000000000000018   I      5503   5079     8
  [5081] .text._ZN5bo[...] PROGBITS         0000000000000000  00032cf0
       0000000000000090  0000000000000000 AXG       0     0     4
  [5082] .rela.text._[...] RELA             0000000000000000  00246878
       00000000000000f0  0000000000000018   I      5503   5081     8
  [5083] .text._ZNK3r[...] PROGBITS         0000000000000000  00032d80
       0000000000000088  0000000000000000 AXG       0     0     4
  [5084] .rela.text._[...] RELA             0000000000000000  00246968
       00000000000000c0  0000000000000018   I      5503   5083     8
  [5085] .text._ZNK5b[...] PROGBITS         0000000000000000  00032e08
       0000000000000018  0000000000000000 AXG       0     0     4
  [5086] .text._ZN5bo[...] PROGBITS         0000000000000000  00032e20
       0000000000000048  0000000000000000 AXG       0     0     4
  [5087] .rela.text._[...] RELA             0000000000000000  00246a28
       0000000000000018  0000000000000018   I      5503   5086     8
  [5088] .text._ZNK5b[...] PROGBITS         0000000000000000  00032e68
       0000000000000018  0000000000000000 AXG       0     0     4
  [5089] .text._ZN5bo[...] PROGBITS         0000000000000000  00032e80
       0000000000000048  0000000000000000 AXG       0     0     4
  [5090] .rela.text._[...] RELA             0000000000000000  00246a40
       0000000000000018  0000000000000018   I      5503   5089     8
  [5091] .text._ZN5bo[...] PROGBITS         0000000000000000  00032ec8
       0000000000000008  0000000000000000 AXG       0     0     4
  [5092] .text._ZN8st[...] PROGBITS         0000000000000000  00032ed0
       0000000000000060  0000000000000000 AXG       0     0     4
  [5093] .rela.text._[...] RELA             0000000000000000  00246a58
       0000000000000018  0000000000000018   I      5503   5092     8
  [5094] .text._ZNK3r[...] PROGBITS         0000000000000000  00032f30
       0000000000000088  0000000000000000 AXG       0     0     4
  [5095] .rela.text._[...] RELA             0000000000000000  00246a70
       00000000000000c0  0000000000000018   I      5503   5094     8
  [5096] .text._ZSt4m[...] PROGBITS         0000000000000000  00032fb8
       0000000000000014  0000000000000000 AXG       0     0     4
  [5097] .text._ZSt4s[...] PROGBITS         0000000000000000  00032fcc
       0000000000000088  0000000000000000 AXG       0     0     4
  [5098] .rela.text._[...] RELA             0000000000000000  00246b30
       00000000000000c0  0000000000000018   I      5503   5097     8
  [5099] .text._ZN3ro[...] PROGBITS         0000000000000000  00033054
       0000000000000058  0000000000000000 AXG       0     0     4
  [5100] .rela.text._[...] RELA             0000000000000000  00246bf0
       0000000000000030  0000000000000018   I      5503   5099     8
  [5101] .text._ZN5bo[...] PROGBITS         0000000000000000  000330ac
       0000000000000020  0000000000000000 AXG       0     0     4
  [5102] .rela.text._[...] RELA             0000000000000000  00246c20
       0000000000000018  0000000000000018   I      5503   5101     8
  [5103] .text._ZN5bo[...] PROGBITS         0000000000000000  000330cc
       0000000000000070  0000000000000000 AXG       0     0     4
  [5104] .rela.text._[...] RELA             0000000000000000  00246c38
       00000000000000c0  0000000000000018   I      5503   5103     8
  [5105] .text._ZN5bo[...] PROGBITS         0000000000000000  0003313c
       0000000000000090  0000000000000000 AXG       0     0     4
  [5106] .rela.text._[...] RELA             0000000000000000  00246cf8
       00000000000000f0  0000000000000018   I      5503   5105     8
  [5107] .text._ZN5bo[...] PROGBITS         0000000000000000  000331cc
       0000000000000048  0000000000000000 AXG       0     0     4
  [5108] .rela.text._[...] RELA             0000000000000000  00246de8
       0000000000000018  0000000000000018   I      5503   5107     8
  [5109] .text._ZNK5b[...] PROGBITS         0000000000000000  00033214
       0000000000000018  0000000000000000 AXG       0     0     4
  [5110] .text._ZN5bo[...] PROGBITS         0000000000000000  0003322c
       0000000000000048  0000000000000000 AXG       0     0     4
  [5111] .rela.text._[...] RELA             0000000000000000  00246e00
       0000000000000018  0000000000000018   I      5503   5110     8
  [5112] .text._ZN5bo[...] PROGBITS         0000000000000000  00033274
       0000000000000008  0000000000000000 AXG       0     0     4
  [5113] .text._ZNK3r[...] PROGBITS         0000000000000000  0003327c
       0000000000000088  0000000000000000 AXG       0     0     4
  [5114] .rela.text._[...] RELA             0000000000000000  00246e18
       00000000000000c0  0000000000000018   I      5503   5113     8
  [5115] .text._ZSt4m[...] PROGBITS         0000000000000000  00033304
       0000000000000014  0000000000000000 AXG       0     0     4
  [5116] .text._ZSt4s[...] PROGBITS         0000000000000000  00033318
       0000000000000088  0000000000000000 AXG       0     0     4
  [5117] .rela.text._[...] RELA             0000000000000000  00246ed8
       00000000000000c0  0000000000000018   I      5503   5116     8
  [5118] .text._ZN3ro[...] PROGBITS         0000000000000000  000333a0
       0000000000000078  0000000000000000 AXG       0     0     4
  [5119] .rela.text._[...] RELA             0000000000000000  00246f98
       0000000000000048  0000000000000018   I      5503   5118     8
  [5120] .text._ZN5bo[...] PROGBITS         0000000000000000  00033418
       0000000000000020  0000000000000000 AXG       0     0     4
  [5121] .rela.text._[...] RELA             0000000000000000  00246fe0
       0000000000000018  0000000000000018   I      5503   5120     8
  [5122] .text._ZN5bo[...] PROGBITS         0000000000000000  00033438
       0000000000000070  0000000000000000 AXG       0     0     4
  [5123] .rela.text._[...] RELA             0000000000000000  00246ff8
       00000000000000c0  0000000000000018   I      5503   5122     8
  [5124] .text._ZN5bo[...] PROGBITS         0000000000000000  000334a8
       0000000000000090  0000000000000000 AXG       0     0     4
  [5125] .rela.text._[...] RELA             0000000000000000  002470b8
       00000000000000f0  0000000000000018   I      5503   5124     8
  [5126] .text._ZN5bo[...] PROGBITS         0000000000000000  00033538
       0000000000000048  0000000000000000 AXG       0     0     4
  [5127] .rela.text._[...] RELA             0000000000000000  002471a8
       0000000000000018  0000000000000018   I      5503   5126     8
  [5128] .text._ZNK5b[...] PROGBITS         0000000000000000  00033580
       0000000000000018  0000000000000000 AXG       0     0     4
  [5129] .text._ZN5bo[...] PROGBITS         0000000000000000  00033598
       0000000000000048  0000000000000000 AXG       0     0     4
  [5130] .rela.text._[...] RELA             0000000000000000  002471c0
       0000000000000018  0000000000000018   I      5503   5129     8
  [5131] .text._ZN5bo[...] PROGBITS         0000000000000000  000335e0
       0000000000000008  0000000000000000 AXG       0     0     4
  [5132] .text._ZN3ro[...] PROGBITS         0000000000000000  000335e8
       000000000000015c  0000000000000000 AXG       0     0     4
  [5133] .rela.text._[...] RELA             0000000000000000  002471d8
       0000000000000270  0000000000000018   I      5503   5132     8
  [5134] .text._ZNK3r[...] PROGBITS         0000000000000000  00033744
       0000000000000178  0000000000000000 AXG       0     0     4
  [5135] .rela.text._[...] RELA             0000000000000000  00247448
       0000000000000210  0000000000000018   I      5503   5134     8
  [5136] .text._ZSt4m[...] PROGBITS         0000000000000000  000338bc
       0000000000000014  0000000000000000 AXG       0     0     4
  [5137] .text._ZSt4s[...] PROGBITS         0000000000000000  000338d0
       0000000000000088  0000000000000000 AXG       0     0     4
  [5138] .rela.text._[...] RELA             0000000000000000  00247658
       00000000000000c0  0000000000000018   I      5503   5137     8
  [5139] .text._ZN3ro[...] PROGBITS         0000000000000000  00033958
       00000000000001f8  0000000000000000 AXG       0     0     4
  [5140] .rela.text._[...] RELA             0000000000000000  00247718
       0000000000000168  0000000000000018   I      5503   5139     8
  [5141] .text._ZN5bo[...] PROGBITS         0000000000000000  00033b50
       0000000000000020  0000000000000000 AXG       0     0     4
  [5142] .rela.text._[...] RELA             0000000000000000  00247880
       0000000000000018  0000000000000018   I      5503   5141     8
  [5143] .text._ZN5bo[...] PROGBITS         0000000000000000  00033b70
       0000000000000070  0000000000000000 AXG       0     0     4
  [5144] .rela.text._[...] RELA             0000000000000000  00247898
       00000000000000c0  0000000000000018   I      5503   5143     8
  [5145] .text._ZN5bo[...] PROGBITS         0000000000000000  00033be0
       0000000000000090  0000000000000000 AXG       0     0     4
  [5146] .rela.text._[...] RELA             0000000000000000  00247958
       00000000000000f0  0000000000000018   I      5503   5145     8
  [5147] .text._ZN5bo[...] PROGBITS         0000000000000000  00033c70
       0000000000000048  0000000000000000 AXG       0     0     4
  [5148] .rela.text._[...] RELA             0000000000000000  00247a48
       0000000000000018  0000000000000018   I      5503   5147     8
  [5149] .text._ZNK5b[...] PROGBITS         0000000000000000  00033cb8
       0000000000000018  0000000000000000 AXG       0     0     4
  [5150] .text._ZN5bo[...] PROGBITS         0000000000000000  00033cd0
       0000000000000048  0000000000000000 AXG       0     0     4
  [5151] .rela.text._[...] RELA             0000000000000000  00247a60
       0000000000000018  0000000000000018   I      5503   5150     8
  [5152] .text._ZN5bo[...] PROGBITS         0000000000000000  00033d18
       0000000000000008  0000000000000000 AXG       0     0     4
  [5153] .text._ZN3ro[...] PROGBITS         0000000000000000  00033d20
       000000000000015c  0000000000000000 AXG       0     0     4
  [5154] .rela.text._[...] RELA             0000000000000000  00247a78
       0000000000000270  0000000000000018   I      5503   5153     8
  [5155] .text._ZN10a[...] PROGBITS         0000000000000000  00033e7c
       0000000000000108  0000000000000000 AXG       0     0     4
  [5156] .rela.text._[...] RELA             0000000000000000  00247ce8
       0000000000000018  0000000000000018   I      5503   5155     8
  [5157] .text._ZNK3r[...] PROGBITS         0000000000000000  00033f84
       000000000000016c  0000000000000000 AXG       0     0     4
  [5158] .rela.text._[...] RELA             0000000000000000  00247d00
       0000000000000228  0000000000000018   I      5503   5157     8
  [5159] .text._ZSt4m[...] PROGBITS         0000000000000000  000340f0
       0000000000000014  0000000000000000 AXG       0     0     4
  [5160] .text._ZSt4s[...] PROGBITS         0000000000000000  00034104
       0000000000000088  0000000000000000 AXG       0     0     4
  [5161] .rela.text._[...] RELA             0000000000000000  00247f28
       00000000000000c0  0000000000000018   I      5503   5160     8
  [5162] .text._ZN3ro[...] PROGBITS         0000000000000000  0003418c
       00000000000000f8  0000000000000000 AXG       0     0     4
  [5163] .rela.text._[...] RELA             0000000000000000  00247fe8
       00000000000000a8  0000000000000018   I      5503   5162     8
  [5164] .text._ZN5bo[...] PROGBITS         0000000000000000  00034284
       0000000000000020  0000000000000000 AXG       0     0     4
  [5165] .rela.text._[...] RELA             0000000000000000  00248090
       0000000000000018  0000000000000018   I      5503   5164     8
  [5166] .text._ZN5bo[...] PROGBITS         0000000000000000  000342a4
       0000000000000070  0000000000000000 AXG       0     0     4
  [5167] .rela.text._[...] RELA             0000000000000000  002480a8
       00000000000000c0  0000000000000018   I      5503   5166     8
  [5168] .text._ZN5bo[...] PROGBITS         0000000000000000  00034314
       0000000000000090  0000000000000000 AXG       0     0     4
  [5169] .rela.text._[...] RELA             0000000000000000  00248168
       00000000000000f0  0000000000000018   I      5503   5168     8
  [5170] .text._ZN5bo[...] PROGBITS         0000000000000000  000343a4
       0000000000000048  0000000000000000 AXG       0     0     4
  [5171] .rela.text._[...] RELA             0000000000000000  00248258
       0000000000000018  0000000000000018   I      5503   5170     8
  [5172] .text._ZNK5b[...] PROGBITS         0000000000000000  000343ec
       0000000000000018  0000000000000000 AXG       0     0     4
  [5173] .text._ZN5bo[...] PROGBITS         0000000000000000  00034404
       0000000000000048  0000000000000000 AXG       0     0     4
  [5174] .rela.text._[...] RELA             0000000000000000  00248270
       0000000000000018  0000000000000018   I      5503   5173     8
  [5175] .text._ZN5bo[...] PROGBITS         0000000000000000  0003444c
       0000000000000008  0000000000000000 AXG       0     0     4
  [5176] .text._ZNK3r[...] PROGBITS         0000000000000000  00034454
       0000000000000088  0000000000000000 AXG       0     0     4
  [5177] .rela.text._[...] RELA             0000000000000000  00248288
       00000000000000c0  0000000000000018   I      5503   5176     8
  [5178] .text._ZN5bo[...] PROGBITS         0000000000000000  000344dc
       0000000000000044  0000000000000000 AXG       0     0     4
  [5179] .rela.text._[...] RELA             0000000000000000  00248348
       0000000000000030  0000000000000018   I      5503   5178     8
  [5180] .text._ZN5bo[...] PROGBITS         0000000000000000  00034520
       00000000000000b8  0000000000000000 AXG       0     0     4
  [5181] .rela.text._[...] RELA             0000000000000000  00248378
       0000000000000120  0000000000000018   I      5503   5180     8
  [5182] .text._ZN5bo[...] PROGBITS         0000000000000000  000345d8
       0000000000000044  0000000000000000 AXG       0     0     4
  [5183] .rela.text._[...] RELA             0000000000000000  00248498
       0000000000000030  0000000000000018   I      5503   5182     8
  [5184] .text._ZN5bo[...] PROGBITS         0000000000000000  0003461c
       0000000000000064  0000000000000000 AXG       0     0     4
  [5185] .rela.text._[...] RELA             0000000000000000  002484c8
       0000000000000048  0000000000000018   I      5503   5184     8
  [5186] .text._ZN5bo[...] PROGBITS         0000000000000000  00034680
       0000000000000044  0000000000000000 AXG       0     0     4
  [5187] .rela.text._[...] RELA             0000000000000000  00248510
       0000000000000030  0000000000000018   I      5503   5186     8
  [5188] .text._ZN5bo[...] PROGBITS         0000000000000000  000346c4
       00000000000000b8  0000000000000000 AXG       0     0     4
  [5189] .rela.text._[...] RELA             0000000000000000  00248540
       0000000000000120  0000000000000018   I      5503   5188     8
  [5190] .text._ZN5bo[...] PROGBITS         0000000000000000  0003477c
       0000000000000048  0000000000000000 AXG       0     0     4
  [5191] .rela.text._[...] RELA             0000000000000000  00248660
       0000000000000018  0000000000000018   I      5503   5190     8
  [5192] .text._ZN5bo[...] PROGBITS         0000000000000000  000347c4
       0000000000000044  0000000000000000 AXG       0     0     4
  [5193] .rela.text._[...] RELA             0000000000000000  00248678
       0000000000000030  0000000000000018   I      5503   5192     8
  [5194] .text._ZN5bo[...] PROGBITS         0000000000000000  00034808
       00000000000000b8  0000000000000000 AXG       0     0     4
  [5195] .rela.text._[...] RELA             0000000000000000  002486a8
       0000000000000120  0000000000000018   I      5503   5194     8
  [5196] .text._ZN3ro[...] PROGBITS         0000000000000000  000348c0
       0000000000000078  0000000000000000 AXG       0     0     4
  [5197] .rela.text._[...] RELA             0000000000000000  002487c8
       0000000000000048  0000000000000018   I      5503   5196     8
  [5198] .text._ZNK3r[...] PROGBITS         0000000000000000  00034938
       0000000000000068  0000000000000000 AXG       0     0     4
  [5199] .rela.text._[...] RELA             0000000000000000  00248810
       0000000000000090  0000000000000018   I      5503   5198     8
  [5200] .text._ZN5bo[...] PROGBITS         0000000000000000  000349a0
       0000000000000044  0000000000000000 AXG       0     0     4
  [5201] .rela.text._[...] RELA             0000000000000000  002488a0
       0000000000000030  0000000000000018   I      5503   5200     8
  [5202] .text._ZNK3r[...] PROGBITS         0000000000000000  000349e4
       0000000000000018  0000000000000000 AXG       0     0     4
  [5203] .text._ZNK3r[...] PROGBITS         0000000000000000  000349fc
       000000000000002c  0000000000000000 AXG       0     0     4
  [5204] .text._ZNK3r[...] PROGBITS         0000000000000000  00034a28
       0000000000000018  0000000000000000 AXG       0     0     4
  [5205] .text._ZNK3r[...] PROGBITS         0000000000000000  00034a40
       0000000000000018  0000000000000000 AXG       0     0     4
  [5206] .text._ZN5bo[...] PROGBITS         0000000000000000  00034a58
       0000000000000068  0000000000000000 AXG       0     0     4
  [5207] .rela.text._[...] RELA             0000000000000000  002488d0
       00000000000000c0  0000000000000018   I      5503   5206     8
  [5208] .text._ZNK5b[...] PROGBITS         0000000000000000  00034ac0
       0000000000000024  0000000000000000 AXG       0     0     4
  [5209] .text._ZNK5b[...] PROGBITS         0000000000000000  00034ae8
       0000000000000068  0000000000000000 AXG       0     0     8
  [5210] .rela.text._[...] RELA             0000000000000000  00248990
       0000000000000030  0000000000000018   I      5503   5209     8
  [5211] .text._ZN5bo[...] PROGBITS         0000000000000000  00034b50
       0000000000000070  0000000000000000 AXG       0     0     4
  [5212] .rela.text._[...] RELA             0000000000000000  002489c0
       00000000000000c0  0000000000000018   I      5503   5211     8
  [5213] .text._ZNK5b[...] PROGBITS         0000000000000000  00034bc0
       0000000000000050  0000000000000000 AXG       0     0     4
  [5214] .rela.text._[...] RELA             0000000000000000  00248a80
       00000000000000a8  0000000000000018   I      5503   5213     8
  [5215] .text._ZN5bo[...] PROGBITS         0000000000000000  00034c10
       0000000000000048  0000000000000000 AXG       0     0     4
  [5216] .rela.text._[...] RELA             0000000000000000  00248b28
       0000000000000018  0000000000000018   I      5503   5215     8
  [5217] .text._ZN5bo[...] PROGBITS         0000000000000000  00034c58
       0000000000000044  0000000000000000 AXG       0     0     4
  [5218] .rela.text._[...] RELA             0000000000000000  00248b40
       0000000000000030  0000000000000018   I      5503   5217     8
  [5219] .text._ZN5bo[...] PROGBITS         0000000000000000  00034c9c
       00000000000000b8  0000000000000000 AXG       0     0     4
  [5220] .rela.text._[...] RELA             0000000000000000  00248b70
       0000000000000120  0000000000000018   I      5503   5219     8
  [5221] .text._ZN3ro[...] PROGBITS         0000000000000000  00034d54
       0000000000000078  0000000000000000 AXG       0     0     4
  [5222] .rela.text._[...] RELA             0000000000000000  00248c90
       0000000000000048  0000000000000018   I      5503   5221     8
  [5223] .text._ZNK3r[...] PROGBITS         0000000000000000  00034dcc
       0000000000000068  0000000000000000 AXG       0     0     4
  [5224] .rela.text._[...] RELA             0000000000000000  00248cd8
       0000000000000090  0000000000000018   I      5503   5223     8
  [5225] .text._ZN5bo[...] PROGBITS         0000000000000000  00034e34
       0000000000000044  0000000000000000 AXG       0     0     4
  [5226] .rela.text._[...] RELA             0000000000000000  00248d68
       0000000000000030  0000000000000018   I      5503   5225     8
  [5227] .text._ZNK3r[...] PROGBITS         0000000000000000  00034e78
       0000000000000018  0000000000000000 AXG       0     0     4
  [5228] .text._ZNK3r[...] PROGBITS         0000000000000000  00034e90
       000000000000002c  0000000000000000 AXG       0     0     4
  [5229] .text._ZNK3r[...] PROGBITS         0000000000000000  00034ebc
       0000000000000018  0000000000000000 AXG       0     0     4
  [5230] .text._ZNK3r[...] PROGBITS         0000000000000000  00034ed4
       0000000000000018  0000000000000000 AXG       0     0     4
  [5231] .text._ZN5bo[...] PROGBITS         0000000000000000  00034eec
       0000000000000068  0000000000000000 AXG       0     0     4
  [5232] .rela.text._[...] RELA             0000000000000000  00248d98
       00000000000000c0  0000000000000018   I      5503   5231     8
  [5233] .text._ZNK5b[...] PROGBITS         0000000000000000  00034f54
       0000000000000024  0000000000000000 AXG       0     0     4
  [5234] .text._ZNK5b[...] PROGBITS         0000000000000000  00034f78
       0000000000000068  0000000000000000 AXG       0     0     8
  [5235] .rela.text._[...] RELA             0000000000000000  00248e58
       0000000000000030  0000000000000018   I      5503   5234     8
  [5236] .text._ZN5bo[...] PROGBITS         0000000000000000  00034fe0
       0000000000000070  0000000000000000 AXG       0     0     4
  [5237] .rela.text._[...] RELA             0000000000000000  00248e88
       00000000000000c0  0000000000000018   I      5503   5236     8
  [5238] .text._ZNK5b[...] PROGBITS         0000000000000000  00035050
       0000000000000050  0000000000000000 AXG       0     0     4
  [5239] .rela.text._[...] RELA             0000000000000000  00248f48
       00000000000000a8  0000000000000018   I      5503   5238     8
  [5240] .text._ZN5bo[...] PROGBITS         0000000000000000  000350a0
       0000000000000044  0000000000000000 AXG       0     0     4
  [5241] .rela.text._[...] RELA             0000000000000000  00248ff0
       0000000000000030  0000000000000018   I      5503   5240     8
  [5242] .text._ZN5bo[...] PROGBITS         0000000000000000  000350e4
       00000000000000b8  0000000000000000 AXG       0     0     4
  [5243] .rela.text._[...] RELA             0000000000000000  00249020
       0000000000000120  0000000000000018   I      5503   5242     8
  [5244] .text._ZN3ro[...] PROGBITS         0000000000000000  0003519c
       0000000000000028  0000000000000000 AXG       0     0     4
  [5245] .rela.text._[...] RELA             0000000000000000  00249140
       0000000000000018  0000000000000018   I      5503   5244     8
  [5246] .text._ZN3ro[...] PROGBITS         0000000000000000  000351c4
       0000000000000028  0000000000000000 AXG       0     0     4
  [5247] .rela.text._[...] RELA             0000000000000000  00249158
       0000000000000018  0000000000000018   I      5503   5246     8
  [5248] .text._ZN3ro[...] PROGBITS         0000000000000000  000351ec
       0000000000000028  0000000000000000 AXG       0     0     4
  [5249] .rela.text._[...] RELA             0000000000000000  00249170
       0000000000000018  0000000000000018   I      5503   5248     8
  [5250] .text._ZSt4m[...] PROGBITS         0000000000000000  00035214
       0000000000000014  0000000000000000 AXG       0     0     4
  [5251] .text._ZSt4s[...] PROGBITS         0000000000000000  00035228
       0000000000000088  0000000000000000 AXG       0     0     4
  [5252] .rela.text._[...] RELA             0000000000000000  00249188
       00000000000000c0  0000000000000018   I      5503   5251     8
  [5253] .text._ZN5bo[...] PROGBITS         0000000000000000  000352b0
       0000000000000104  0000000000000000 AXG       0     0     4
  [5254] .rela.text._[...] RELA             0000000000000000  00249248
       00000000000000c0  0000000000000018   I      5503   5253     8
  [5255] .text._ZN5bo[...] PROGBITS         0000000000000000  000353b4
       0000000000000048  0000000000000000 AXG       0     0     4
  [5256] .rela.text._[...] RELA             0000000000000000  00249308
       0000000000000018  0000000000000018   I      5503   5255     8
  [5257] .text._ZN5bo[...] PROGBITS         0000000000000000  000353fc
       0000000000000008  0000000000000000 AXG       0     0     4
  [5258] .text._ZNSt6[...] PROGBITS         0000000000000000  00035404
       0000000000000058  0000000000000000 AXG       0     0     4
  [5259] .rela.text._[...] RELA             0000000000000000  00249320
       0000000000000090  0000000000000018   I      5503   5258     8
  [5260] .text._ZN3ro[...] PROGBITS         0000000000000000  0003545c
       0000000000000028  0000000000000000 AXG       0     0     4
  [5261] .rela.text._[...] RELA             0000000000000000  002493b0
       0000000000000018  0000000000000018   I      5503   5260     8
  [5262] .text._ZSt4m[...] PROGBITS         0000000000000000  00035484
       0000000000000014  0000000000000000 AXG       0     0     4
  [5263] .text._ZSt4s[...] PROGBITS         0000000000000000  00035498
       0000000000000088  0000000000000000 AXG       0     0     4
  [5264] .rela.text._[...] RELA             0000000000000000  002493c8
       00000000000000c0  0000000000000018   I      5503   5263     8
  [5265] .text._ZN5bo[...] PROGBITS         0000000000000000  00035520
       0000000000000104  0000000000000000 AXG       0     0     4
  [5266] .rela.text._[...] RELA             0000000000000000  00249488
       00000000000000c0  0000000000000018   I      5503   5265     8
  [5267] .text._ZN3ro[...] PROGBITS         0000000000000000  00035624
       0000000000000028  0000000000000000 AXG       0     0     4
  [5268] .rela.text._[...] RELA             0000000000000000  00249548
       0000000000000018  0000000000000018   I      5503   5267     8
  [5269] .text._ZSt4m[...] PROGBITS         0000000000000000  0003564c
       0000000000000014  0000000000000000 AXG       0     0     4
  [5270] .text._ZSt4s[...] PROGBITS         0000000000000000  00035660
       0000000000000088  0000000000000000 AXG       0     0     4
  [5271] .rela.text._[...] RELA             0000000000000000  00249560
       00000000000000c0  0000000000000018   I      5503   5270     8
  [5272] .text._ZN5bo[...] PROGBITS         0000000000000000  000356e8
       0000000000000104  0000000000000000 AXG       0     0     4
  [5273] .rela.text._[...] RELA             0000000000000000  00249620
       00000000000000c0  0000000000000018   I      5503   5272     8
  [5274] .text._ZNK3r[...] PROGBITS         0000000000000000  000357ec
       0000000000000088  0000000000000000 AXG       0     0     4
  [5275] .rela.text._[...] RELA             0000000000000000  002496e0
       00000000000000c0  0000000000000018   I      5503   5274     8
  [5276] .text._ZN5bo[...] PROGBITS         0000000000000000  00035874
       0000000000000048  0000000000000000 AXG       0     0     4
  [5277] .rela.text._[...] RELA             0000000000000000  002497a0
       0000000000000018  0000000000000018   I      5503   5276     8
  [5278] .text._ZN5bo[...] PROGBITS         0000000000000000  000358bc
       0000000000000014  0000000000000000 AXG       0     0     4
  [5279] .text._ZN3ro[...] PROGBITS         0000000000000000  000358d0
       0000000000000028  0000000000000000 AXG       0     0     4
  [5280] .rela.text._[...] RELA             0000000000000000  002497b8
       0000000000000018  0000000000000018   I      5503   5279     8
  [5281] .text._ZN3ro[...] PROGBITS         0000000000000000  000358f8
       0000000000000028  0000000000000000 AXG       0     0     4
  [5282] .rela.text._[...] RELA             0000000000000000  002497d0
       0000000000000018  0000000000000018   I      5503   5281     8
  [5283] .text._ZSt4m[...] PROGBITS         0000000000000000  00035920
       0000000000000014  0000000000000000 AXG       0     0     4
  [5284] .text._ZSt4s[...] PROGBITS         0000000000000000  00035934
       0000000000000088  0000000000000000 AXG       0     0     4
  [5285] .rela.text._[...] RELA             0000000000000000  002497e8
       00000000000000c0  0000000000000018   I      5503   5284     8
  [5286] .text._ZN5bo[...] PROGBITS         0000000000000000  000359bc
       0000000000000104  0000000000000000 AXG       0     0     4
  [5287] .rela.text._[...] RELA             0000000000000000  002498a8
       00000000000000c0  0000000000000018   I      5503   5286     8
  [5288] .text._ZNK3r[...] PROGBITS         0000000000000000  00035ac0
       0000000000000088  0000000000000000 AXG       0     0     4
  [5289] .rela.text._[...] RELA             0000000000000000  00249968
       00000000000000c0  0000000000000018   I      5503   5288     8
  [5290] .text._ZN5bo[...] PROGBITS         0000000000000000  00035b48
       0000000000000048  0000000000000000 AXG       0     0     4
  [5291] .rela.text._[...] RELA             0000000000000000  00249a28
       0000000000000018  0000000000000018   I      5503   5290     8
  [5292] .text._ZN5bo[...] PROGBITS         0000000000000000  00035b90
       0000000000000014  0000000000000000 AXG       0     0     4
  [5293] .text._ZN3ro[...] PROGBITS         0000000000000000  00035ba4
       0000000000000028  0000000000000000 AXG       0     0     4
  [5294] .rela.text._[...] RELA             0000000000000000  00249a40
       0000000000000018  0000000000000018   I      5503   5293     8
  [5295] .text._ZN3ro[...] PROGBITS         0000000000000000  00035bcc
       0000000000000028  0000000000000000 AXG       0     0     4
  [5296] .rela.text._[...] RELA             0000000000000000  00249a58
       0000000000000018  0000000000000018   I      5503   5295     8
  [5297] .text._ZSt4m[...] PROGBITS         0000000000000000  00035bf4
       0000000000000014  0000000000000000 AXG       0     0     4
  [5298] .text._ZSt4s[...] PROGBITS         0000000000000000  00035c08
       0000000000000088  0000000000000000 AXG       0     0     4
  [5299] .rela.text._[...] RELA             0000000000000000  00249a70
       00000000000000c0  0000000000000018   I      5503   5298     8
  [5300] .text._ZN5bo[...] PROGBITS         0000000000000000  00035c90
       0000000000000104  0000000000000000 AXG       0     0     4
  [5301] .rela.text._[...] RELA             0000000000000000  00249b30
       00000000000000c0  0000000000000018   I      5503   5300     8
  [5302] .text._ZN3ro[...] PROGBITS         0000000000000000  00035d94
       0000000000000028  0000000000000000 AXG       0     0     4
  [5303] .rela.text._[...] RELA             0000000000000000  00249bf0
       0000000000000018  0000000000000018   I      5503   5302     8
  [5304] .text._ZN3ro[...] PROGBITS         0000000000000000  00035dbc
       000000000000007c  0000000000000000 AXG       0     0     4
  [5305] .rela.text._[...] RELA             0000000000000000  00249c08
       0000000000000018  0000000000000018   I      5503   5304     8
  [5306] .text._ZN3ro[...] PROGBITS         0000000000000000  00035e38
       0000000000000114  0000000000000000 AXG       0     0     4
  [5307] .rela.text._[...] RELA             0000000000000000  00249c20
       00000000000000f0  0000000000000018   I      5503   5306     8
  [5308] .text._ZNSt6[...] PROGBITS         0000000000000000  00035f4c
       0000000000000050  0000000000000000 AXG       0     0     4
  [5309] .rela.text._[...] RELA             0000000000000000  00249d10
       0000000000000030  0000000000000018   I      5503   5308     8
  [5310] .text._ZN9__[...] PROGBITS         0000000000000000  00035f9c
       0000000000000028  0000000000000000 AXG       0     0     4
  [5311] .text._ZN3ro[...] PROGBITS         0000000000000000  00035fc4
       0000000000000028  0000000000000000 AXG       0     0     4
  [5312] .rela.text._[...] RELA             0000000000000000  00249d40
       0000000000000018  0000000000000018   I      5503   5311     8
  [5313] .text._ZN3ro[...] PROGBITS         0000000000000000  00035fec
       000000000000007c  0000000000000000 AXG       0     0     4
  [5314] .rela.text._[...] RELA             0000000000000000  00249d58
       0000000000000018  0000000000000018   I      5503   5313     8
  [5315] .text._ZN3ro[...] PROGBITS         0000000000000000  00036068
       000000000000007c  0000000000000000 AXG       0     0     4
  [5316] .rela.text._[...] RELA             0000000000000000  00249d70
       0000000000000018  0000000000000018   I      5503   5315     8
  [5317] .text._ZN3ro[...] PROGBITS         0000000000000000  000360e4
       000000000000007c  0000000000000000 AXG       0     0     4
  [5318] .rela.text._[...] RELA             0000000000000000  00249d88
       0000000000000018  0000000000000018   I      5503   5317     8
  [5319] .text._ZN3ro[...] PROGBITS         0000000000000000  00036160
       0000000000000028  0000000000000000 AXG       0     0     4
  [5320] .rela.text._[...] RELA             0000000000000000  00249da0
       0000000000000018  0000000000000018   I      5503   5319     8
  [5321] .text._ZN3ro[...] PROGBITS         0000000000000000  00036188
       000000000000009c  0000000000000000 AXG       0     0     4
  [5322] .rela.text._[...] RELA             0000000000000000  00249db8
       0000000000000048  0000000000000018   I      5503   5321     8
  [5323] .text._ZN3ro[...] PROGBITS         0000000000000000  00036224
       0000000000000078  0000000000000000 AXG       0     0     4
  [5324] .rela.text._[...] RELA             0000000000000000  00249e00
       0000000000000048  0000000000000018   I      5503   5323     8
  [5325] .text._ZNSt6[...] PROGBITS         0000000000000000  0003629c
       00000000000000a8  0000000000000000 AXG       0     0     4
  [5326] .rela.text._[...] RELA             0000000000000000  00249e48
       0000000000000078  0000000000000018   I      5503   5325     8
  [5327] .text._ZNSt6[...] PROGBITS         0000000000000000  00036344
       000000000000005c  0000000000000000 AXG       0     0     4
  [5328] .rela.text._[...] RELA             0000000000000000  00249ec0
       00000000000000a8  0000000000000018   I      5503   5327     8
  [5329] .text._ZN3ro[...] PROGBITS         0000000000000000  000363a0
       0000000000000078  0000000000000000 AXG       0     0     4
  [5330] .rela.text._[...] RELA             0000000000000000  00249f68
       0000000000000048  0000000000000018   I      5503   5329     8
  [5331] .text._ZN3ro[...] PROGBITS         0000000000000000  00036418
       0000000000000098  0000000000000000 AXG       0     0     4
  [5332] .rela.text._[...] RELA             0000000000000000  00249fb0
       0000000000000060  0000000000000018   I      5503   5331     8
  [5333] .text._ZN5bo[...] PROGBITS         0000000000000000  000364b0
       0000000000000014  0000000000000000 AXG       0     0     4
  [5334] .text._ZN3ro[...] PROGBITS         0000000000000000  000364c4
       0000000000000028  0000000000000000 AXG       0     0     4
  [5335] .rela.text._[...] RELA             0000000000000000  0024a010
       0000000000000018  0000000000000018   I      5503   5334     8
  [5336] .text._ZNSt6[...] PROGBITS         0000000000000000  000364ec
       00000000000001e8  0000000000000000 AXG       0     0     4
  [5337] .rela.text._[...] RELA             0000000000000000  0024a028
       00000000000001f8  0000000000000018   I      5503   5336     8
  [5338] .text._ZNK9_[...] PROGBITS         0000000000000000  000366d4
       0000000000000018  0000000000000000 AXG       0     0     4
  [5339] .text._ZN3ro[...] PROGBITS         0000000000000000  000366ec
       0000000000000028  0000000000000000 AXG       0     0     4
  [5340] .rela.text._[...] RELA             0000000000000000  0024a220
       0000000000000018  0000000000000018   I      5503   5339     8
  [5341] .text._ZN3ro[...] PROGBITS         0000000000000000  00036714
       0000000000000028  0000000000000000 AXG       0     0     4
  [5342] .rela.text._[...] RELA             0000000000000000  0024a238
       0000000000000018  0000000000000018   I      5503   5341     8
  [5343] .text._ZN3ro[...] PROGBITS         0000000000000000  0003673c
       000000000000007c  0000000000000000 AXG       0     0     4
  [5344] .rela.text._[...] RELA             0000000000000000  0024a250
       0000000000000018  0000000000000018   I      5503   5343     8
  [5345] .text._ZSt27[...] PROGBITS         0000000000000000  000367b8
       0000000000000028  0000000000000000 AXG       0     0     4
  [5346] .rela.text._[...] RELA             0000000000000000  0024a268
       0000000000000018  0000000000000018   I      5503   5345     8
  [5347] .text._ZNKSt[...] PROGBITS         0000000000000000  000367e0
       0000000000000100  0000000000000000 AXG       0     0     4
  [5348] .rela.text._[...] RELA             0000000000000000  0024a280
       0000000000000150  0000000000000018   I      5503   5347     8
  [5349] .text._ZSt34[...] PROGBITS         0000000000000000  000368e0
       0000000000000050  0000000000000000 AXG       0     0     4
  [5350] .rela.text._[...] RELA             0000000000000000  0024a3d0
       0000000000000048  0000000000000018   I      5503   5349     8
  [5351] .text._ZN3ro[...] PROGBITS         0000000000000000  00036930
       0000000000000058  0000000000000000 AXG       0     0     4
  [5352] .rela.text._[...] RELA             0000000000000000  0024a418
       0000000000000030  0000000000000018   I      5503   5351     8
  [5353] .text._ZN3ro[...] PROGBITS         0000000000000000  00036988
       0000000000000148  0000000000000000 AXG       0     0     4
  [5354] .rela.text._[...] RELA             0000000000000000  0024a448
       0000000000000180  0000000000000018   I      5503   5353     8
  [5355] .text._ZSt25[...] PROGBITS         0000000000000000  00036ad0
       000000000000002c  0000000000000000 AXG       0     0     4
  [5356] .rela.text._[...] RELA             0000000000000000  0024a5c8
       0000000000000018  0000000000000018   I      5503   5355     8
  [5357] .text._ZNKSt[...] PROGBITS         0000000000000000  00036afc
       0000000000000020  0000000000000000 AXG       0     0     4
  [5358] .rela.text._[...] RELA             0000000000000000  0024a5e0
       0000000000000030  0000000000000018   I      5503   5357     8
  [5359] .text._ZSt32[...] PROGBITS         0000000000000000  00036b1c
       0000000000000058  0000000000000000 AXG       0     0     4
  [5360] .rela.text._[...] RELA             0000000000000000  0024a610
       0000000000000090  0000000000000018   I      5503   5359     8
  [5361] .text._ZSt22[...] PROGBITS         0000000000000000  00036b74
       0000000000000030  0000000000000000 AXG       0     0     4
  [5362] .rela.text._[...] RELA             0000000000000000  0024a6a0
       0000000000000018  0000000000000018   I      5503   5361     8
  [5363] .text._ZNSt2[...] PROGBITS         0000000000000000  00036ba4
       0000000000000064  0000000000000000 AXG       0     0     4
  [5364] .rela.text._[...] RELA             0000000000000000  0024a6b8
       0000000000000090  0000000000000018   I      5503   5363     8
  [5365] .text._ZNSt1[...] PROGBITS         0000000000000000  00036c08
       000000000000001c  0000000000000000 AXG       0     0     4
  [5366] .rela.text._[...] RELA             0000000000000000  0024a748
       0000000000000018  0000000000000018   I      5503   5365     8
  [5367] .text._ZNSt1[...] PROGBITS         0000000000000000  00036c24
       0000000000000024  0000000000000000 AXG       0     0     4
  [5368] .text._ZSt18[...] PROGBITS         0000000000000000  00036c48
       0000000000000034  0000000000000000 AXG       0     0     4
  [5369] .rela.text._[...] RELA             0000000000000000  0024a760
       0000000000000018  0000000000000018   I      5503   5368     8
  [5370] .text._ZSt6f[...] PROGBITS         0000000000000000  00036c7c
       0000000000000030  0000000000000000 AXG       0     0     4
  [5371] .rela.text._[...] RELA             0000000000000000  0024a778
       0000000000000030  0000000000000018   I      5503   5370     8
  [5372] .text._ZNSt2[...] PROGBITS         0000000000000000  00036cac
       000000000000002c  0000000000000000 AXG       0     0     4
  [5373] .rela.text._[...] RELA             0000000000000000  0024a7a8
       0000000000000018  0000000000000018   I      5503   5372     8
  [5374] .text._ZSt10[...] PROGBITS         0000000000000000  00036cd8
       0000000000000064  0000000000000000 AXG       0     0     4
  [5375] .text._ZSt4c[...] PROGBITS         0000000000000000  00036d3c
       0000000000000048  0000000000000000 AXG       0     0     4
  [5376] .rela.text._[...] RELA             0000000000000000  0024a7c0
       0000000000000048  0000000000000018   I      5503   5375     8
  [5377] .text._ZSt12[...] PROGBITS         0000000000000000  00036d84
       000000000000001c  0000000000000000 AXG       0     0     4
  [5378] .rela.text._[...] RELA             0000000000000000  0024a808
       0000000000000018  0000000000000018   I      5503   5377     8
  [5379] .text._ZSt14[...] PROGBITS         0000000000000000  00036da0
       0000000000000054  0000000000000000 AXG       0     0     4
  [5380] .rela.text._[...] RELA             0000000000000000  0024a820
       0000000000000060  0000000000000018   I      5503   5379     8
  [5381] .text._ZNSt1[...] PROGBITS         0000000000000000  00036df4
       000000000000001c  0000000000000000 AXG       0     0     4
  [5382] .rela.text._[...] RELA             0000000000000000  0024a880
       0000000000000018  0000000000000018   I      5503   5381     8
  [5383] .text._ZSt13[...] PROGBITS         0000000000000000  00036e10
       0000000000000034  0000000000000000 AXG       0     0     4
  [5384] .rela.text._[...] RELA             0000000000000000  0024a898
       0000000000000018  0000000000000018   I      5503   5383     8
  [5385] .text._ZNKSt[...] PROGBITS         0000000000000000  00036e44
       0000000000000018  0000000000000000 AXG       0     0     4
  [5386] .text._ZNSt1[...] PROGBITS         0000000000000000  00036e5c
       0000000000000064  0000000000000000 AXG       0     0     4
  [5387] .rela.text._[...] RELA             0000000000000000  0024a8b0
       0000000000000018  0000000000000018   I      5503   5386     8
  [5388] .rodata._ZTI[...] PROGBITS         0000000000000000  00036ec0
       0000000000000010  0000000000000000  AG       0     0     8
  [5389] .rela.rodata[...] RELA             0000000000000000  0024a8c8
       0000000000000030  0000000000000018   I      5503   5388     8
  [5390] .rodata._ZTS[...] PROGBITS         0000000000000000  00036ed0
       000000000000001c  0000000000000000  AG       0     0     8
  [5391] .rodata._ZTI[...] PROGBITS         0000000000000000  00036ef0
       0000000000000010  0000000000000000  AG       0     0     8
  [5392] .rela.rodata[...] RELA             0000000000000000  0024a8f8
       0000000000000030  0000000000000018   I      5503   5391     8
  [5393] .rodata._ZTS[...] PROGBITS         0000000000000000  00036f00
       0000000000000026  0000000000000000  AG       0     0     8
  [5394] .rodata._ZTI[...] PROGBITS         0000000000000000  00036f28
       0000000000000010  0000000000000000  AG       0     0     8
  [5395] .rela.rodata[...] RELA             0000000000000000  0024a928
       0000000000000030  0000000000000018   I      5503   5394     8
  [5396] .rodata._ZTS[...] PROGBITS         0000000000000000  00036f38
       0000000000000021  0000000000000000  AG       0     0     8
  [5397] .rodata._ZTI[...] PROGBITS         0000000000000000  00036f60
       0000000000000010  0000000000000000  AG       0     0     8
  [5398] .rela.rodata[...] RELA             0000000000000000  0024a958
       0000000000000030  0000000000000018   I      5503   5397     8
  [5399] .rodata._ZTS[...] PROGBITS         0000000000000000  00036f70
       0000000000000020  0000000000000000  AG       0     0     8
  [5400] .rodata._ZTI[...] PROGBITS         0000000000000000  00036f90
       0000000000000010  0000000000000000  AG       0     0     8
  [5401] .rela.rodata[...] RELA             0000000000000000  0024a988
       0000000000000030  0000000000000018   I      5503   5400     8
  [5402] .rodata._ZTS[...] PROGBITS         0000000000000000  00036fa0
       0000000000000023  0000000000000000  AG       0     0     8
  [5403] .rodata._ZTI[...] PROGBITS         0000000000000000  00036fc8
       0000000000000010  0000000000000000  AG       0     0     8
  [5404] .rela.rodata[...] RELA             0000000000000000  0024a9b8
       0000000000000030  0000000000000018   I      5503   5403     8
  [5405] .rodata._ZTS[...] PROGBITS         0000000000000000  00036fd8
       0000000000000023  0000000000000000  AG       0     0     8
  [5406] .rodata._ZTI[...] PROGBITS         0000000000000000  00037000
       0000000000000010  0000000000000000  AG       0     0     8
  [5407] .rela.rodata[...] RELA             0000000000000000  0024a9e8
       0000000000000030  0000000000000018   I      5503   5406     8
  [5408] .rodata._ZTS[...] PROGBITS         0000000000000000  00037010
       0000000000000077  0000000000000000  AG       0     0     8
  [5409] .rodata._ZTI[...] PROGBITS         0000000000000000  00037088
       0000000000000010  0000000000000000  AG       0     0     8
  [5410] .rela.rodata[...] RELA             0000000000000000  0024aa18
       0000000000000030  0000000000000018   I      5503   5409     8
  [5411] .rodata._ZTS[...] PROGBITS         0000000000000000  00037098
       0000000000000080  0000000000000000  AG       0     0     8
  [5412] .rodata._ZTI[...] PROGBITS         0000000000000000  00037118
       0000000000000010  0000000000000000  AG       0     0     8
  [5413] .rela.rodata[...] RELA             0000000000000000  0024aa48
       0000000000000030  0000000000000018   I      5503   5412     8
  [5414] .rodata._ZTS[...] PROGBITS         0000000000000000  00037128
       000000000000007b  0000000000000000  AG       0     0     8
  [5415] .rodata._ZTI[...] PROGBITS         0000000000000000  000371a8
       0000000000000010  0000000000000000  AG       0     0     8
  [5416] .rela.rodata[...] RELA             0000000000000000  0024aa78
       0000000000000030  0000000000000018   I      5503   5415     8
  [5417] .rodata._ZTS[...] PROGBITS         0000000000000000  000371b8
       000000000000007b  0000000000000000  AG       0     0     8
  [5418] .rodata._ZTI[...] PROGBITS         0000000000000000  00037238
       0000000000000010  0000000000000000  AG       0     0     8
  [5419] .rela.rodata[...] RELA             0000000000000000  0024aaa8
       0000000000000030  0000000000000018   I      5503   5418     8
  [5420] .rodata._ZTS[...] PROGBITS         0000000000000000  00037248
       000000000000007e  0000000000000000  AG       0     0     8
  [5421] .rodata._ZTI[...] PROGBITS         0000000000000000  000372c8
       0000000000000010  0000000000000000  AG       0     0     8
  [5422] .rela.rodata[...] RELA             0000000000000000  0024aad8
       0000000000000030  0000000000000018   I      5503   5421     8
  [5423] .rodata._ZTS[...] PROGBITS         0000000000000000  000372d8
       000000000000003c  0000000000000000  AG       0     0     8
  [5424] .rodata._ZTI[...] PROGBITS         0000000000000000  00037318
       0000000000000010  0000000000000000  AG       0     0     8
  [5425] .rela.rodata[...] RELA             0000000000000000  0024ab08
       0000000000000030  0000000000000018   I      5503   5424     8
  [5426] .rodata._ZTS[...] PROGBITS         0000000000000000  00037328
       0000000000000046  0000000000000000  AG       0     0     8
  [5427] .rodata._ZTI[...] PROGBITS         0000000000000000  00037370
       0000000000000010  0000000000000000  AG       0     0     8
  [5428] .rela.rodata[...] RELA             0000000000000000  0024ab38
       0000000000000030  0000000000000018   I      5503   5427     8
  [5429] .rodata._ZTS[...] PROGBITS         0000000000000000  00037380
       0000000000000041  0000000000000000  AG       0     0     8
  [5430] .rodata._ZTI[...] PROGBITS         0000000000000000  000373c8
       0000000000000010  0000000000000000  AG       0     0     8
  [5431] .rela.rodata[...] RELA             0000000000000000  0024ab68
       0000000000000030  0000000000000018   I      5503   5430     8
  [5432] .rodata._ZTS[...] PROGBITS         0000000000000000  000373d8
       0000000000000040  0000000000000000  AG       0     0     8
  [5433] .rodata._ZTI[...] PROGBITS         0000000000000000  00037418
       0000000000000010  0000000000000000  AG       0     0     8
  [5434] .rela.rodata[...] RELA             0000000000000000  0024ab98
       0000000000000030  0000000000000018   I      5503   5433     8
  [5435] .rodata._ZTS[...] PROGBITS         0000000000000000  00037428
       0000000000000043  0000000000000000  AG       0     0     8
  [5436] .rodata._ZTI[...] PROGBITS         0000000000000000  00037470
       0000000000000038  0000000000000000  AG       0     0     8
  [5437] .rela.rodata[...] RELA             0000000000000000  0024abc8
       0000000000000060  0000000000000018   I      5503   5436     8
  [5438] .rodata._ZTS[...] PROGBITS         0000000000000000  000374a8
       000000000000004d  0000000000000000  AG       0     0     8
  [5439] .rodata._ZTI[...] PROGBITS         0000000000000000  000374f8
       0000000000000010  0000000000000000  AG       0     0     8
  [5440] .rela.rodata[...] RELA             0000000000000000  0024ac28
       0000000000000030  0000000000000018   I      5503   5439     8
  [5441] .rodata._ZTS[...] PROGBITS         0000000000000000  00037508
       000000000000003c  0000000000000000  AG       0     0     8
  [5442] .rodata._ZTI[...] PROGBITS         0000000000000000  00037548
       0000000000000038  0000000000000000  AG       0     0     8
  [5443] .rela.rodata[...] RELA             0000000000000000  0024ac58
       0000000000000060  0000000000000018   I      5503   5442     8
  [5444] .rodata._ZTS[...] PROGBITS         0000000000000000  00037580
       000000000000004a  0000000000000000  AG       0     0     8
  [5445] .rodata._ZTI[...] PROGBITS         0000000000000000  000375d0
       0000000000000038  0000000000000000  AG       0     0     8
  [5446] .rela.rodata[...] RELA             0000000000000000  0024acb8
       0000000000000060  0000000000000018   I      5503   5445     8
  [5447] .rodata._ZTS[...] PROGBITS         0000000000000000  00037608
       000000000000004a  0000000000000000  AG       0     0     8
  [5448] .rodata._ZTI[...] PROGBITS         0000000000000000  00037658
       0000000000000010  0000000000000000  AG       0     0     8
  [5449] .rela.rodata[...] RELA             0000000000000000  0024ad18
       0000000000000030  0000000000000018   I      5503   5448     8
  [5450] .rodata._ZTS[...] PROGBITS         0000000000000000  00037668
       000000000000003c  0000000000000000  AG       0     0     8
  [5451] .rodata._ZTI[...] PROGBITS         0000000000000000  000376a8
       0000000000000038  0000000000000000  AG       0     0     8
  [5452] .rela.rodata[...] RELA             0000000000000000  0024ad48
       0000000000000060  0000000000000018   I      5503   5451     8
  [5453] .rodata._ZTS[...] PROGBITS         0000000000000000  000376e0
       000000000000004f  0000000000000000  AG       0     0     8
  [5454] .rodata._ZTI[...] PROGBITS         0000000000000000  00037730
       0000000000000038  0000000000000000  AG       0     0     8
  [5455] .rela.rodata[...] RELA             0000000000000000  0024ada8
       0000000000000060  0000000000000018   I      5503   5454     8
  [5456] .rodata._ZTS[...] PROGBITS         0000000000000000  00037768
       0000000000000046  0000000000000000  AG       0     0     8
  [5457] .rodata._ZTI[...] PROGBITS         0000000000000000  000377b0
       0000000000000010  0000000000000000  AG       0     0     8
  [5458] .rela.rodata[...] RELA             0000000000000000  0024ae08
       0000000000000030  0000000000000018   I      5503   5457     8
  [5459] .rodata._ZTS[...] PROGBITS         0000000000000000  000377c0
       0000000000000041  0000000000000000  AG       0     0     8
  [5460] .rodata._ZTI[...] PROGBITS         0000000000000000  00037808
       0000000000000010  0000000000000000  AG       0     0     8
  [5461] .rela.rodata[...] RELA             0000000000000000  0024ae38
       0000000000000030  0000000000000018   I      5503   5460     8
  [5462] .rodata._ZTS[...] PROGBITS         0000000000000000  00037818
       000000000000003f  0000000000000000  AG       0     0     8
  [5463] .rodata._ZTI[...] PROGBITS         0000000000000000  00037858
       0000000000000010  0000000000000000  AG       0     0     8
  [5464] .rela.rodata[...] RELA             0000000000000000  0024ae68
       0000000000000030  0000000000000018   I      5503   5463     8
  [5465] .rodata._ZTS[...] PROGBITS         0000000000000000  00037868
       0000000000000038  0000000000000000  AG       0     0     8
  [5466] .rodata._ZTI[...] PROGBITS         0000000000000000  000378a0
       0000000000000010  0000000000000000  AG       0     0     8
  [5467] .rela.rodata[...] RELA             0000000000000000  0024ae98
       0000000000000030  0000000000000018   I      5503   5466     8
  [5468] .rodata._ZTS[...] PROGBITS         0000000000000000  000378b0
       0000000000000051  0000000000000000  AG       0     0     8
  [5469] .rodata._ZTI[...] PROGBITS         0000000000000000  00037908
       0000000000000010  0000000000000000  AG       0     0     8
  [5470] .rela.rodata[...] RELA             0000000000000000  0024aec8
       0000000000000030  0000000000000018   I      5503   5469     8
  [5471] .rodata._ZTS[...] PROGBITS         0000000000000000  00037918
       000000000000004e  0000000000000000  AG       0     0     8
  [5472] .rodata._ZTI[...] PROGBITS         0000000000000000  00037968
       0000000000000010  0000000000000000  AG       0     0     8
  [5473] .rela.rodata[...] RELA             0000000000000000  0024aef8
       0000000000000030  0000000000000018   I      5503   5472     8
  [5474] .rodata._ZTS[...] PROGBITS         0000000000000000  00037978
       000000000000004e  0000000000000000  AG       0     0     8
  [5475] .rodata._ZTI[...] PROGBITS         0000000000000000  000379c8
       0000000000000010  0000000000000000  AG       0     0     8
  [5476] .rela.rodata[...] RELA             0000000000000000  0024af28
       0000000000000030  0000000000000018   I      5503   5475     8
  [5477] .rodata._ZTS[...] PROGBITS         0000000000000000  000379d8
       0000000000000053  0000000000000000  AG       0     0     8
  [5478] .rodata._ZTI[...] PROGBITS         0000000000000000  00037a30
       0000000000000010  0000000000000000  AG       0     0     8
  [5479] .rela.rodata[...] RELA             0000000000000000  0024af58
       0000000000000030  0000000000000018   I      5503   5478     8
  [5480] .rodata._ZTS[...] PROGBITS         0000000000000000  00037a40
       000000000000004a  0000000000000000  AG       0     0     8
  [5481] .rodata._ZTI[...] PROGBITS         0000000000000000  00037a90
       0000000000000010  0000000000000000  AG       0     0     8
  [5482] .rela.rodata[...] RELA             0000000000000000  0024af88
       0000000000000030  0000000000000018   I      5503   5481     8
  [5483] .rodata._ZTS[...] PROGBITS         0000000000000000  00037aa0
       0000000000000018  0000000000000000  AG       0     0     8
  [5484] .init_array       INIT_ARRAY       0000000000000000  00037ab8
       0000000000000008  0000000000000000  WA       0     0     8
  [5485] .rela.init_array  RELA             0000000000000000  0024afb8
       0000000000000018  0000000000000018   I      5503   5484     8
  [5486] .debug_info       PROGBITS         0000000000000000  00037ac0
       0000000000071594  0000000000000000           0     0     1
  [5487] .rela.debug_info  RELA             0000000000000000  0024afd0
       0000000000089850  0000000000000018   I      5503   5486     8
  [5488] .debug_abbrev     PROGBITS         0000000000000000  000a9054
       000000000000190a  0000000000000000           0     0     1
  [5489] .debug_aranges    PROGBITS         0000000000000000  000aa95e
       0000000000006e00  0000000000000000           0     0     1
  [5490] .rela.debug_[...] RELA             0000000000000000  002d4820
       000000000000a4e8  0000000000000018   I      5503   5489     8
  [5491] .debug_ranges     PROGBITS         0000000000000000  000b175e
       0000000000007d80  0000000000000000           0     0     1
  [5492] .rela.debug_[...] RELA             0000000000000000  002ded08
       00000000000168c0  0000000000000018   I      5503   5491     8
  [5493] .debug_line       PROGBITS         0000000000000000  000b94de
       000000000000f813  0000000000000000           0     0     1
  [5494] .rela.debug_line  RELA             0000000000000000  002f55c8
       000000000000a290  0000000000000018   I      5503   5493     8
  [5495] .debug_str        PROGBITS         0000000000000000  000c8cf1
       00000000000bcc12  0000000000000001  MS       0     0     1
  [5496] .data.DW.ref[...] PROGBITS         0000000000000000  00185908
       0000000000000008  0000000000000000 WAG       0     0     8
  [5497] .rela.data.D[...] RELA             0000000000000000  002ff858
       0000000000000018  0000000000000018   I      5503   5496     8
  [5498] .comment          PROGBITS         0000000000000000  00185910
       000000000000003d  0000000000000001  MS       0     0     1
  [5499] .note.GNU-stack   PROGBITS         0000000000000000  0018594d
       0000000000000000  0000000000000000           0     0     1
  [5500] .eh_frame         PROGBITS         0000000000000000  00185950
       000000000000f070  0000000000000000   A       0     0     8
  [5501] .rela.eh_frame    RELA             0000000000000000  002ff870
       000000000000bd30  0000000000000018   I      5503   5500     8
  [5502] .shstrtab         STRTAB           0000000000000000  0030b5a0
       00000000000364cb  0000000000000000           0     0     1
  [5503] .symtab           SYMTAB           0000000000000000  001949c0
       0000000000038c58  0000000000000018          5504   6959     8
  [5504] .strtab           STRTAB           0000000000000000  001cd618
       000000000004b2b5  0000000000000000           0     0     1
Key to Flags:
  W (write), A (alloc), X (execute), M (merge), S (strings), I (info),
  L (link order), O (extra OS processing required), G (group), T (TLS),
  C (compressed), x (unknown), o (OS specific), E (exclude),
  R (retain), D (mbind), p (processor specific)
